model,subject,value,metric
AlexNet_training_seed_01,leap_250426-250501,3.4765288574576476,raw_energy
AlexNet_training_seed_01,paul_20250428-20250430,382.1068575888759,raw_energy
AlexNet_training_seed_01,red_20250428-20250430,321.978826733321,raw_energy
AlexNet_training_seed_01,three0_250426-250501,314.13991102840396,raw_energy
AlexNet_training_seed_01,venus_250426-250429,369.64567051292977,raw_energy
clipag_vitb32,leap_250426-250501,89.73351305558131,raw_energy
clipag_vitb32,paul_20250428-20250430,129.94987682224018,raw_energy
clipag_vitb32,red_20250428-20250430,136.6959857219797,raw_energy
clipag_vitb32,three0_250426-250501,88.30478393395188,raw_energy
clipag_vitb32,venus_250426-250429,88.30478393395188,raw_energy
dinov2_vitb14_reg,leap_250426-250501,75006.49793321773,raw_energy
dinov2_vitb14_reg,paul_20250428-20250430,15678474.003400343,raw_energy
dinov2_vitb14_reg,red_20250428-20250430,31509653.261743035,raw_energy
dinov2_vitb14_reg,three0_250426-250501,336709.5843122207,raw_energy
dinov2_vitb14_reg,venus_250426-250429,225291.8646470332,raw_energy
radio_v2.5-b,leap_250426-250501,13698.858497892168,raw_energy
radio_v2.5-b,paul_20250428-20250430,120592.91546312897,raw_energy
radio_v2.5-b,red_20250428-20250430,100201.58287710365,raw_energy
radio_v2.5-b,three0_250426-250501,56086.34011064343,raw_energy
radio_v2.5-b,venus_250426-250429,34235.48446056617,raw_energy
regnety_640,leap_250426-250501,153018.04446455266,raw_energy
regnety_640,paul_20250428-20250430,66214.52705701972,raw_energy
regnety_640,red_20250428-20250430,65359.1323785218,raw_energy
regnety_640,three0_250426-250501,146353.70108243317,raw_energy
regnety_640,venus_250426-250429,142706.34256020578,raw_energy
resnet50,leap_250426-250501,58355.05309120389,raw_energy
resnet50,paul_20250428-20250430,826812.4530169151,raw_energy
resnet50,red_20250428-20250430,345171.25685449847,raw_energy
resnet50,three0_250426-250501,297151.86564383266,raw_energy
resnet50,venus_250426-250429,45324.20553546695,raw_energy
resnet50_clip,leap_250426-250501,2007458.5058206876,raw_energy
resnet50_clip,paul_20250428-20250430,5757358.303156864,raw_energy
resnet50_clip,red_20250428-20250430,4328222.050410399,raw_energy
resnet50_clip,three0_250426-250501,3615103.1694865795,raw_energy
resnet50_clip,venus_250426-250429,2627927.241060504,raw_energy
resnet50_dino,leap_250426-250501,1799144.258422476,raw_energy
resnet50_dino,paul_20250428-20250430,442268.55643089244,raw_energy
resnet50_dino,red_20250428-20250430,528377.5336956801,raw_energy
resnet50_dino,three0_250426-250501,1945326.14343167,raw_energy
resnet50_dino,venus_250426-250429,1872413.6033907968,raw_energy
resnet50_robust,leap_250426-250501,788.8510270355239,raw_energy
resnet50_robust,paul_20250428-20250430,2790.2317886426504,raw_energy
resnet50_robust,red_20250428-20250430,2964.370277095171,raw_energy
resnet50_robust,three0_250426-250501,2379.539535984869,raw_energy
resnet50_robust,venus_250426-250429,958.7612398051447,raw_energy
siglip2_vitb16,leap_250426-250501,43532.57226108323,raw_energy
siglip2_vitb16,paul_20250428-20250430,9486557.699949771,raw_energy
siglip2_vitb16,red_20250428-20250430,11152756.76859471,raw_energy
siglip2_vitb16,three0_250426-250501,5430684.642333889,raw_energy
siglip2_vitb16,venus_250426-250429,163491.39972804545,raw_energy
AlexNet_training_seed_01,leap_250426-250501,74116.05760007669,unregularized_trace
AlexNet_training_seed_01,paul_20250428-20250430,94801.49813776696,unregularized_trace
AlexNet_training_seed_01,red_20250428-20250430,29889.098536823025,unregularized_trace
AlexNet_training_seed_01,three0_250426-250501,114991.26122383932,unregularized_trace
AlexNet_training_seed_01,venus_250426-250429,125435.3292391652,unregularized_trace
clipag_vitb32,leap_250426-250501,251.56395185256497,unregularized_trace
clipag_vitb32,paul_20250428-20250430,69.64884902405143,unregularized_trace
clipag_vitb32,red_20250428-20250430,63.373468937849395,unregularized_trace
clipag_vitb32,three0_250426-250501,167.8944421259296,unregularized_trace
clipag_vitb32,venus_250426-250429,167.8944421259296,unregularized_trace
dinov2_vitb14_reg,leap_250426-250501,16180.074399865687,unregularized_trace
dinov2_vitb14_reg,paul_20250428-20250430,17943.2499697795,unregularized_trace
dinov2_vitb14_reg,red_20250428-20250430,19628.693425504876,unregularized_trace
dinov2_vitb14_reg,three0_250426-250501,16585.69968426978,unregularized_trace
dinov2_vitb14_reg,venus_250426-250429,16997.01817487233,unregularized_trace
radio_v2.5-b,leap_250426-250501,8607.794192546598,unregularized_trace
radio_v2.5-b,paul_20250428-20250430,10340.69643388263,unregularized_trace
radio_v2.5-b,red_20250428-20250430,10037.649882524536,unregularized_trace
radio_v2.5-b,three0_250426-250501,10159.917228665065,unregularized_trace
radio_v2.5-b,venus_250426-250429,9250.743114036663,unregularized_trace
regnety_640,leap_250426-250501,31408.292562328556,unregularized_trace
regnety_640,paul_20250428-20250430,20564.35390502246,unregularized_trace
regnety_640,red_20250428-20250430,20201.030829933952,unregularized_trace
regnety_640,three0_250426-250501,29232.53952176734,unregularized_trace
regnety_640,venus_250426-250429,28379.635971556436,unregularized_trace
resnet50,leap_250426-250501,17261.001023369972,unregularized_trace
resnet50,paul_20250428-20250430,26992.896595427694,unregularized_trace
resnet50,red_20250428-20250430,32320.098129228983,unregularized_trace
resnet50,three0_250426-250501,29608.32986274973,unregularized_trace
resnet50,venus_250426-250429,12738.801529043494,unregularized_trace
resnet50_clip,leap_250426-250501,140998.2673858753,unregularized_trace
resnet50_clip,paul_20250428-20250430,197873.04612315496,unregularized_trace
resnet50_clip,red_20250428-20250430,177383.96408506046,unregularized_trace
resnet50_clip,three0_250426-250501,205480.4096910729,unregularized_trace
resnet50_clip,venus_250426-250429,173532.1288137109,unregularized_trace
resnet50_dino,leap_250426-250501,43545.344445259216,unregularized_trace
resnet50_dino,paul_20250428-20250430,28923.00469536017,unregularized_trace
resnet50_dino,red_20250428-20250430,31292.66701410919,unregularized_trace
resnet50_dino,three0_250426-250501,38377.70722539361,unregularized_trace
resnet50_dino,venus_250426-250429,36717.696430336655,unregularized_trace
resnet50_robust,leap_250426-250501,106.58861454309341,unregularized_trace
resnet50_robust,paul_20250428-20250430,98.48752219145295,unregularized_trace
resnet50_robust,red_20250428-20250430,92.65848561403702,unregularized_trace
resnet50_robust,three0_250426-250501,91.37097827929244,unregularized_trace
resnet50_robust,venus_250426-250429,86.90373567640881,unregularized_trace
siglip2_vitb16,leap_250426-250501,9852.712970045219,unregularized_trace
siglip2_vitb16,paul_20250428-20250430,18001.006963515796,unregularized_trace
siglip2_vitb16,red_20250428-20250430,17890.473969787214,unregularized_trace
siglip2_vitb16,three0_250426-250501,16858.88454512149,unregularized_trace
siglip2_vitb16,venus_250426-250429,12713.328476989653,unregularized_trace
AlexNet_training_seed_01,leap_250426-250501,2734.3103674916197,trace_df2_010
AlexNet_training_seed_01,paul_20250428-20250430,2695.650817239447,trace_df2_010
AlexNet_training_seed_01,red_20250428-20250430,1023.9519372848657,trace_df2_010
AlexNet_training_seed_01,three0_250426-250501,3204.7790655666627,trace_df2_010
AlexNet_training_seed_01,venus_250426-250429,1467.6781314988682,trace_df2_010
clipag_vitb32,leap_250426-250501,14.470079326402105,trace_df2_010
clipag_vitb32,paul_20250428-20250430,4.870873013814265,trace_df2_010
clipag_vitb32,red_20250428-20250430,4.487198334481159,trace_df2_010
clipag_vitb32,three0_250426-250501,10.176893390017193,trace_df2_010
clipag_vitb32,venus_250426-250429,10.176893390017193,trace_df2_010
dinov2_vitb14_reg,leap_250426-250501,1255.714709715523,trace_df2_010
dinov2_vitb14_reg,paul_20250428-20250430,1499.9894319442608,trace_df2_010
dinov2_vitb14_reg,red_20250428-20250430,1643.625600940827,trace_df2_010
dinov2_vitb14_reg,three0_250426-250501,1332.8942387819727,trace_df2_010
dinov2_vitb14_reg,venus_250426-250429,1385.3847157121315,trace_df2_010
radio_v2.5-b,leap_250426-250501,665.0766153225611,trace_df2_010
radio_v2.5-b,paul_20250428-20250430,775.8446607666261,trace_df2_010
radio_v2.5-b,red_20250428-20250430,757.3120580112875,trace_df2_010
radio_v2.5-b,three0_250426-250501,755.928193399166,trace_df2_010
radio_v2.5-b,venus_250426-250429,730.4135804792618,trace_df2_010
regnety_640,leap_250426-250501,2736.9476607455554,trace_df2_010
regnety_640,paul_20250428-20250430,1742.7050723730708,trace_df2_010
regnety_640,red_20250428-20250430,1709.057867007116,trace_df2_010
regnety_640,three0_250426-250501,2550.273208824207,trace_df2_010
regnety_640,venus_250426-250429,2493.580517383971,trace_df2_010
resnet50,leap_250426-250501,1349.0442325225633,trace_df2_010
resnet50,paul_20250428-20250430,2140.8656644898165,trace_df2_010
resnet50,red_20250428-20250430,2686.581709516365,trace_df2_010
resnet50,three0_250426-250501,2427.918271478916,trace_df2_010
resnet50,venus_250426-250429,1117.7709495900651,trace_df2_010
resnet50_clip,leap_250426-250501,9799.619701587431,trace_df2_010
resnet50_clip,paul_20250428-20250430,14923.092532024912,trace_df2_010
resnet50_clip,red_20250428-20250430,13494.868750630207,trace_df2_010
resnet50_clip,three0_250426-250501,14892.258022679947,trace_df2_010
resnet50_clip,venus_250426-250429,12896.865485943837,trace_df2_010
resnet50_dino,leap_250426-250501,3181.3997823074214,trace_df2_010
resnet50_dino,paul_20250428-20250430,2378.0611124161082,trace_df2_010
resnet50_dino,red_20250428-20250430,2540.629563659959,trace_df2_010
resnet50_dino,three0_250426-250501,2786.4261370863387,trace_df2_010
resnet50_dino,venus_250426-250429,2700.209516096049,trace_df2_010
resnet50_robust,leap_250426-250501,7.4559391213460104,trace_df2_010
resnet50_robust,paul_20250428-20250430,7.0014001301862665,trace_df2_010
resnet50_robust,red_20250428-20250430,6.659945815867108,trace_df2_010
resnet50_robust,three0_250426-250501,6.558586222485844,trace_df2_010
resnet50_robust,venus_250426-250429,6.473410164497116,trace_df2_010
siglip2_vitb16,leap_250426-250501,437.4915502966958,trace_df2_010
siglip2_vitb16,paul_20250428-20250430,2332.811277683977,trace_df2_010
siglip2_vitb16,red_20250428-20250430,2327.7367256714806,trace_df2_010
siglip2_vitb16,three0_250426-250501,1535.172900176744,trace_df2_010
siglip2_vitb16,venus_250426-250429,831.3505546298652,trace_df2_010
AlexNet_training_seed_01,leap_250426-250501,9967.746023776588,trace_df2_025
AlexNet_training_seed_01,paul_20250428-20250430,10588.118561001493,trace_df2_025
AlexNet_training_seed_01,red_20250428-20250430,4008.7942339624733,trace_df2_025
AlexNet_training_seed_01,three0_250426-250501,12606.471319418331,trace_df2_025
AlexNet_training_seed_01,venus_250426-250429,6121.628731201964,trace_df2_025
clipag_vitb32,leap_250426-250501,44.84612318655639,trace_df2_025
clipag_vitb32,paul_20250428-20250430,14.003958764514648,trace_df2_025
clipag_vitb32,red_20250428-20250430,12.828230462045248,trace_df2_025
clipag_vitb32,three0_250426-250501,31.01638017532811,trace_df2_025
clipag_vitb32,venus_250426-250429,31.01638017532811,trace_df2_025
dinov2_vitb14_reg,leap_250426-250501,3469.1946997658833,trace_df2_025
dinov2_vitb14_reg,paul_20250428-20250430,4032.6317556611366,trace_df2_025
dinov2_vitb14_reg,red_20250428-20250430,4417.462893691747,trace_df2_025
dinov2_vitb14_reg,three0_250426-250501,3630.8595351211593,trace_df2_025
dinov2_vitb14_reg,venus_250426-250429,3756.83120243911,trace_df2_025
radio_v2.5-b,leap_250426-250501,1841.6698481873389,trace_df2_025
radio_v2.5-b,paul_20250428-20250430,2154.200290923233,trace_df2_025
radio_v2.5-b,red_20250428-20250430,2102.217626818705,trace_df2_025
radio_v2.5-b,three0_250426-250501,2118.784336888388,trace_df2_025
radio_v2.5-b,venus_250426-250429,2008.8412467894639,trace_df2_025
regnety_640,leap_250426-250501,7238.012728923483,trace_df2_025
regnety_640,paul_20250428-20250430,4663.365384153487,trace_df2_025
regnety_640,red_20250428-20250430,4573.998745619123,trace_df2_025
regnety_640,three0_250426-250501,6739.667720882767,trace_df2_025
regnety_640,venus_250426-250429,6576.503803308309,trace_df2_025
resnet50,leap_250426-250501,3664.6710224572457,trace_df2_025
resnet50,paul_20250428-20250430,5813.944179488204,trace_df2_025
resnet50,red_20250428-20250430,7174.528911367848,trace_df2_025
resnet50,three0_250426-250501,6515.7285029552495,trace_df2_025
resnet50,venus_250426-250429,2900.187650993596,trace_df2_025
resnet50_clip,leap_250426-250501,28085.747768882142,trace_df2_025
resnet50_clip,paul_20250428-20250430,41802.756642470034,trace_df2_025
resnet50_clip,red_20250428-20250430,37626.1593991331,trace_df2_025
resnet50_clip,three0_250426-250501,42130.02523832836,trace_df2_025
resnet50_clip,venus_250426-250429,36125.3321347698,trace_df2_025
resnet50_dino,leap_250426-250501,8977.390931881813,trace_df2_025
resnet50_dino,paul_20250428-20250430,6230.856102699316,trace_df2_025
resnet50_dino,red_20250428-20250430,6699.039824914373,trace_df2_025
resnet50_dino,three0_250426-250501,7919.875883430575,trace_df2_025
resnet50_dino,venus_250426-250429,7644.03928452625,trace_df2_025
resnet50_robust,leap_250426-250501,21.172846318037035,trace_df2_025
resnet50_robust,paul_20250428-20250430,19.925582028960918,trace_df2_025
resnet50_robust,red_20250428-20250430,18.935417353763143,trace_df2_025
resnet50_robust,three0_250426-250501,18.61402815791434,trace_df2_025
resnet50_robust,venus_250426-250429,18.020703813240335,trace_df2_025
siglip2_vitb16,leap_250426-250501,1615.5907186265276,trace_df2_025
siglip2_vitb16,paul_20250428-20250430,4801.6700234303125,trace_df2_025
siglip2_vitb16,red_20250428-20250430,4801.1002600234,trace_df2_025
siglip2_vitb16,three0_250426-250501,3932.750157068797,trace_df2_025
siglip2_vitb16,venus_250426-250429,2600.8528582414374,trace_df2_025
AlexNet_training_seed_01,leap_250426-250501,26408.172290642593,trace_df2_050
AlexNet_training_seed_01,paul_20250428-20250430,30345.716696879048,trace_df2_050
AlexNet_training_seed_01,red_20250428-20250430,10856.722679401117,trace_df2_050
AlexNet_training_seed_01,three0_250426-250501,36360.757358323004,trace_df2_050
AlexNet_training_seed_01,venus_250426-250429,20533.729926677017,trace_df2_050
clipag_vitb32,leap_250426-250501,105.86597661941856,trace_df2_050
clipag_vitb32,paul_20250428-20250430,31.08695453639737,trace_df2_050
clipag_vitb32,red_20250428-20250430,28.370549505880845,trace_df2_050
clipag_vitb32,three0_250426-250501,72.04347112311747,trace_df2_050
clipag_vitb32,venus_250426-250429,72.04347112311747,trace_df2_050
dinov2_vitb14_reg,leap_250426-250501,7467.836577636959,trace_df2_050
dinov2_vitb14_reg,paul_20250428-20250430,8475.44851260174,trace_df2_050
dinov2_vitb14_reg,red_20250428-20250430,9270.980599788036,trace_df2_050
dinov2_vitb14_reg,three0_250426-250501,7731.546035118936,trace_df2_050
dinov2_vitb14_reg,venus_250426-250429,7966.486428422274,trace_df2_050
radio_v2.5-b,leap_250426-250501,3969.5796323507343,trace_df2_050
radio_v2.5-b,paul_20250428-20250430,4666.999223333136,trace_df2_050
radio_v2.5-b,red_20250428-20250430,4553.07402668855,trace_df2_050
radio_v2.5-b,three0_250426-250501,4612.447166624735,trace_df2_050
radio_v2.5-b,venus_250426-250429,4300.412225438539,trace_df2_050
regnety_640,leap_250426-250501,15056.312502215,trace_df2_050
regnety_640,paul_20250428-20250430,9780.724122838166,trace_df2_050
regnety_640,red_20250428-20250430,9598.101188845385,trace_df2_050
regnety_640,three0_250426-250501,14014.782885007928,trace_df2_050
regnety_640,venus_250426-250429,13646.803198032,trace_df2_050
resnet50,leap_250426-250501,7872.174310436806,trace_df2_050
resnet50,paul_20250428-20250430,12441.339112942873,trace_df2_050
resnet50,red_20250428-20250430,15126.245303477754,trace_df2_050
resnet50,three0_250426-250501,13790.939055203591,trace_df2_050
resnet50,venus_250426-250429,6019.470863890326,trace_df2_050
resnet50_clip,leap_250426-250501,62500.64723205942,trace_df2_050
resnet50_clip,paul_20250428-20250430,90571.58826497046,trace_df2_050
resnet50_clip,red_20250428-20250430,81349.86312701649,trace_df2_050
resnet50_clip,three0_250426-250501,92512.42664035525,trace_df2_050
resnet50_clip,venus_250426-250429,78740.00657897581,trace_df2_050
resnet50_dino,leap_250426-250501,19616.29783548906,trace_df2_050
resnet50_dino,paul_20250428-20250430,13160.313472574426,trace_df2_050
resnet50_dino,red_20250428-20250430,14205.008371002115,trace_df2_050
resnet50_dino,three0_250426-250501,17329.834865180383,trace_df2_050
resnet50_dino,venus_250426-250429,16657.613251158815,trace_df2_050
resnet50_robust,leap_250426-250501,46.86272199870386,trace_df2_050
resnet50_robust,paul_20250428-20250430,43.80637579020409,trace_df2_050
resnet50_robust,red_20250428-20250430,41.46975769858566,trace_df2_050
resnet50_robust,three0_250426-250501,40.796517837829484,trace_df2_050
resnet50_robust,venus_250426-250429,39.108050908126216,trace_df2_050
siglip2_vitb16,leap_250426-250501,4063.3403319364643,trace_df2_050
siglip2_vitb16,paul_20250428-20250430,9085.86660500823,trace_df2_050
siglip2_vitb16,red_20250428-20250430,9054.557894459133,trace_df2_050
siglip2_vitb16,three0_250426-250501,8124.939391450466,trace_df2_050
siglip2_vitb16,venus_250426-250429,5842.567570873403,trace_df2_050
AlexNet_training_seed_01,leap_250426-250501,47818.84968904956,trace_df2_075
AlexNet_training_seed_01,paul_20250428-20250430,58335.993530990665,trace_df2_075
AlexNet_training_seed_01,red_20250428-20250430,19552.257406451718,trace_df2_075
AlexNet_training_seed_01,three0_250426-250501,70356.96736879632,trace_df2_075
AlexNet_training_seed_01,venus_250426-250429,51616.60711893686,trace_df2_075
clipag_vitb32,leap_250426-250501,175.45895097593572,trace_df2_075
clipag_vitb32,paul_20250428-20250430,49.73484521053554,trace_df2_075
clipag_vitb32,red_20250428-20250430,45.303525033637435,trace_df2_075
clipag_vitb32,three0_250426-250501,118.10195587352095,trace_df2_075
clipag_vitb32,venus_250426-250429,118.10195587352095,trace_df2_075
dinov2_vitb14_reg,leap_250426-250501,11721.800882074456,trace_df2_075
dinov2_vitb14_reg,paul_20250428-20250430,13116.179804122383,trace_df2_075
dinov2_vitb14_reg,red_20250428-20250430,14340.417729405617,trace_df2_075
dinov2_vitb14_reg,three0_250426-250501,12062.82817159358,trace_df2_075
dinov2_vitb14_reg,venus_250426-250429,12392.402495874485,trace_df2_075
radio_v2.5-b,leap_250426-250501,6234.290534664299,trace_df2_075
radio_v2.5-b,paul_20250428-20250430,7398.68058786017,trace_df2_075
radio_v2.5-b,red_20250428-20250430,7203.974189448453,trace_df2_075
radio_v2.5-b,three0_250426-250501,7302.421294542239,trace_df2_075
radio_v2.5-b,venus_250426-250429,6723.129907559003,trace_df2_075
regnety_640,leap_250426-250501,23130.53411771209,trace_df2_075
regnety_640,paul_20250428-20250430,15094.166855537598,trace_df2_075
regnety_640,red_20250428-20250430,14819.998405891838,trace_df2_075
regnety_640,three0_250426-250501,21528.22221662753,trace_df2_075
regnety_640,venus_250426-250429,20929.000833109414,trace_df2_075
resnet50,leap_250426-250501,12417.210012858826,trace_df2_075
resnet50,paul_20250428-20250430,19520.596151882935,trace_df2_075
resnet50,red_20250428-20250430,23522.242687381942,trace_df2_075
resnet50,three0_250426-250501,21502.637360477125,trace_df2_075
resnet50,venus_250426-250429,9302.049129288256,trace_df2_075
resnet50_clip,leap_250426-250501,100348.42520741797,trace_df2_075
resnet50_clip,paul_20250428-20250430,142750.5772104202,trace_df2_075
resnet50_clip,red_20250428-20250430,128084.56353068225,trace_df2_075
resnet50_clip,three0_250426-250501,147203.36955622805,trace_df2_075
resnet50_clip,venus_250426-250429,124732.4644709532,trace_df2_075
resnet50_dino,leap_250426-250501,31167.510416918965,trace_df2_075
resnet50_dino,paul_20250428-20250430,20709.323519073558,trace_df2_075
resnet50_dino,red_20250428-20250430,22390.858442016848,trace_df2_075
resnet50_dino,three0_250426-250501,27511.610769580897,trace_df2_075
resnet50_dino,venus_250426-250429,26373.639846252467,trace_df2_075
resnet50_robust,leap_250426-250501,75.36436088936188,trace_df2_075
resnet50_robust,paul_20250428-20250430,69.97646618348324,trace_df2_075
resnet50_robust,red_20250428-20250430,66.018420320821,trace_df2_075
resnet50_robust,three0_250426-250501,65.03085258283494,trace_df2_075
resnet50_robust,venus_250426-250429,62.06415253485284,trace_df2_075
siglip2_vitb16,leap_250426-250501,6844.805605162439,trace_df2_075
siglip2_vitb16,paul_20250428-20250430,13499.11091428071,trace_df2_075
siglip2_vitb16,red_20250428-20250430,13427.99311989726,trace_df2_075
siglip2_vitb16,three0_250426-250501,12448.31161990942,trace_df2_075
siglip2_vitb16,venus_250426-250429,9235.926803901115,trace_df2_075
AlexNet_training_seed_01,leap_250426-250501,63023.92220975968,trace_df2_090
AlexNet_training_seed_01,paul_20250428-20250430,79211.93109219872,trace_df2_090
AlexNet_training_seed_01,red_20250428-20250430,25567.06117027818,trace_df2_090
AlexNet_training_seed_01,three0_250426-250501,95875.57958734635,trace_df2_090
AlexNet_training_seed_01,venus_250426-250429,88216.425257724,trace_df2_090
clipag_vitb32,leap_250426-250501,220.42052704821498,trace_df2_090
clipag_vitb32,paul_20250428-20250430,61.54146401250766,trace_df2_090
clipag_vitb32,red_20250428-20250430,56.017443857030365,trace_df2_090
clipag_vitb32,three0_250426-250501,147.5791334275117,trace_df2_090
clipag_vitb32,venus_250426-250429,147.5791334275117,trace_df2_090
dinov2_vitb14_reg,leap_250426-250501,14373.995426445412,trace_df2_090
dinov2_vitb14_reg,paul_20250428-20250430,15989.612269491192,trace_df2_090
dinov2_vitb14_reg,red_20250428-20250430,17485.674841363205,trace_df2_090
dinov2_vitb14_reg,three0_250426-250501,14754.799678872372,trace_df2_090
dinov2_vitb14_reg,venus_250426-250429,15134.90097690351,trace_df2_090
radio_v2.5-b,leap_250426-250501,7646.291960179566,trace_df2_090
radio_v2.5-b,paul_20250428-20250430,9138.58373726739,trace_df2_090
radio_v2.5-b,red_20250428-20250430,8882.64183540399,trace_df2_090
radio_v2.5-b,three0_250426-250501,8997.706328926772,trace_df2_090
radio_v2.5-b,venus_250426-250429,8227.996594483096,trace_df2_090
regnety_640,leap_250426-250501,28074.61839540278,trace_df2_090
regnety_640,paul_20250428-20250430,18358.68844880834,trace_df2_090
regnety_640,red_20250428-20250430,18030.716867027615,trace_df2_090
regnety_640,three0_250426-250501,26129.569109724038,trace_df2_090
regnety_640,venus_250426-250429,25380.65997459118,trace_df2_090
resnet50,leap_250426-250501,15289.008536226233,trace_df2_090
resnet50,paul_20250428-20250430,23958.293477964056,trace_df2_090
resnet50,red_20250428-20250430,28753.62076370165,trace_df2_090
resnet50,three0_250426-250501,26319.745892225215,trace_df2_090
resnet50,venus_250426-250429,11345.915278991382,trace_df2_090
resnet50_clip,leap_250426-250501,124425.5382474863,trace_df2_090
resnet50_clip,paul_20250428-20250430,175481.94768730272,trace_df2_090
resnet50_clip,red_20250428-20250430,157368.42509465571,trace_df2_090
resnet50_clip,three0_250426-250501,181762.25426299937,trace_df2_090
resnet50_clip,venus_250426-250429,153694.65163679718,trace_df2_090
resnet50_dino,leap_250426-250501,38496.54017708383,trace_df2_090
resnet50_dino,paul_20250428-20250430,25553.53826994401,trace_df2_090
resnet50_dino,red_20250428-20250430,27642.083429280472,trace_df2_090
resnet50_dino,three0_250426-250501,33951.182291096105,trace_df2_090
resnet50_dino,venus_250426-250429,32506.286667602675,trace_df2_090
resnet50_robust,leap_250426-250501,93.76736008418708,trace_df2_090
resnet50_robust,paul_20250428-20250430,86.78494423721075,trace_df2_090
resnet50_robust,red_20250428-20250430,81.73351207356978,trace_df2_090
resnet50_robust,three0_250426-250501,80.56695658042553,trace_df2_090
resnet50_robust,venus_250426-250429,76.73399203486912,trace_df2_090
siglip2_vitb16,leap_250426-250501,8626.207998822687,trace_df2_090
siglip2_vitb16,paul_20250428-20250430,16191.004541341696,trace_df2_090
siglip2_vitb16,red_20250428-20250430,16095.98482133901,trace_df2_090
siglip2_vitb16,three0_250426-250501,15085.65072510455,trace_df2_090
siglip2_vitb16,venus_250426-250429,11314.357956124344,trace_df2_090
