trial,gen_baseline,gen_linear,gen_noise,N0_over_D0,N1_over_D0,D1_over_D0,D2_over_D0,slope_fit_error,gen_fit_error
0,5.688783933657198e-05,-3.1554193786351674e-05,0.0017506834686110773,1.0000007550657277,0.0360243648964943,0.07203649688531066,3.23153451050652,5.440092820663267e-15,1.0408340855860843e-17
1,5.6355645566523393e-05,-1.061830676111217e-05,0.0018285518361843339,1.0000008725171643,-0.0043188076405176745,-0.00864732163277448,3.6320615359535653,3.6637359812630166e-15,7.040537857577744e-17
2,5.8511642186252095e-05,-1.6123515504456662e-07,0.0025901873275737666,1.0000008856725329,-0.00894048922841395,-0.017756485063154855,6.466471573925861,5.440092820663267e-14,2.233632658173168e-15
3,6.170711592187342e-05,2.7211465525251615e-05,0.0023475759653314348,1.0000008731717687,-0.012244413577332303,-0.02446616098758044,4.723272303355423,3.9968028886505635e-15,2.7281237165166505e-17
4,5.7404763465387205e-05,-1.060185068944917e-05,0.0014633678444450444,1.0000006849687724,0.0059765479645691455,0.011954058480938248,2.9347704954621956,5.218048215738236e-15,1.5619287547369298e-16
5,5.4541392179767867e-05,-5.146877927168596e-05,0.002105081199538255,1.0000008893231147,0.02155211433656934,0.0430926157109024,3.665927210597392,4.9960036108132044e-15,3.904483073663423e-17
6,5.373448442044061e-05,2.097487503311974e-07,0.0034188501073337684,1.0000008744123141,-0.005129796804347442,-0.010206090189655855,9.57287068184758,4.5075054799781356e-14,3.389459936678496e-15
7,6.023648449818027e-05,5.73853804570822e-05,0.0020076011280936957,1.0000023102602826,-0.03646790584255233,-0.07276886048771061,5.04323536686374,1.5654144647214707e-14,1.0110185258427329e-16
8,7.1398703381329e-05,-1.8742276384362423e-05,0.002439846831863774,1.0000007045731876,0.0008846338655715269,0.0017652391253156386,4.84842205254416,8.992806499463768e-15,3.133344278483108e-17
9,5.1187682110767856e-05,3.421491583321647e-05,0.002732079203953548,1.0000009851929672,0.01484912462728516,0.029626816959599213,5.714182905559461,4.973799150320701e-14,2.3172653032532686e-15
10,5.929552129549216e-05,2.458706510569754e-05,0.002019011835278959,1.0000008282802937,0.002935543410848729,0.005865125063101847,4.654272629232144,7.438494264988549e-15,1.434941575284565e-16
11,5.927350709356904e-05,1.514597349905084e-05,0.002006420481466159,1.0000010546933675,-0.0016436407802462027,-0.003251917645883947,3.936380535885365,2.5646151868841116e-14,6.596150492130248e-16
12,5.601052730022184e-05,2.479683267162517e-05,0.002892137436105224,1.0000009143728037,0.005954629409546719,0.011942142111090738,5.787193954410643,9.769962616701378e-15,1.7068052700353054e-16
13,6.226938587771423e-05,1.2845489029515955e-05,0.001268774756205037,1.0000007293958686,-0.011435235553401507,-0.02287107137908085,2.2767697012060526,3.885780586188048e-15,3.99257450017787e-17
14,5.760871943798486e-05,3.218332776046441e-05,0.001686112553937551,1.00000067916221,0.006044503201955487,0.012083277484577689,3.5937992263711793,8.548717289613705e-15,6.049848122469115e-17
15,6.155787695914376e-05,8.128704773662377e-06,0.001510877257023359,1.0000009655096351,-0.00021155104861925178,-0.0004419204646858941,3.380442887596899,4.440892098500626e-15,2.9518759398633465e-16
16,6.340343591179335e-05,1.4555447386130826e-05,0.0018906238453941819,1.0000011770703883,-0.005480954004659033,-0.01086450368561732,4.407203961716675,1.1435297153639112e-14,1.1143023352991333e-15
17,6.176263719795325e-05,5.536845610461098e-06,0.0016631592847092442,1.0000007876893058,0.0028297892219693033,0.005662910246654472,3.116747117806989,3.4416913763379853e-15,5.948204168798599e-17
18,6.163536662940953e-05,-1.6420612590400453e-06,0.0019431526397561173,1.0000016316866127,-0.0031659321773468974,-0.006274043562280853,3.693781660599672,5.10702591327572e-15,1.576158908250802e-17
19,5.803423836786066e-05,-2.5674906504158737e-05,0.0015910889198970347,1.0000011301356464,0.03031517045036697,0.060569951947382544,2.6598736648479053,7.549516567451064e-15,2.9488943838890114e-16
20,5.942107400755231e-05,4.369314368470327e-06,0.0017473039108480326,1.0000009622323318,0.008572019801268649,0.017147653585796035,3.0061683103906223,7.549516567451064e-15,1.198178925868043e-16
21,6.827102157261676e-05,-5.03394490963661e-06,0.0015209546458259037,1.0000009361199607,0.005543629328408961,0.011076284039979357,3.805891452464458,8.659739592076221e-15,9.054443392969569e-17
22,6.56802782044713e-05,1.0169985195651273e-05,0.0026655134869649905,1.0000009350423555,0.0034294884487655053,0.006813959481506324,4.304955440319653,1.6209256159527285e-14,8.573057628386005e-16
23,5.926901550289363e-05,-2.1478821455062677e-05,0.001892397300237175,1.0000008862897463,0.0014212502040968356,0.002846681024078107,3.4309044351280367,5.88418203051333e-15,4.8057261295419984e-17
24,6.66447972064739e-05,-3.875494665373151e-05,0.0016879976295583893,1.0000011038695054,0.01850922339062372,0.037016665841427404,3.070868097142651,3.3306690738754696e-15,1.7076184216646695e-17
25,5.706883646194273e-05,-1.5602772305429438e-05,0.0030957670432992202,1.0000015208784119,0.02623919567625982,0.0522808357563382,4.822370710851523,2.220446049250313e-14,2.9435817932438324e-15
26,5.850997211802317e-05,-1.4820365410754712e-05,0.001491693556282528,1.0000008595983494,0.009825272870291168,0.019646264720966863,2.7827387591509622,8.43769498715119e-15,1.5856456772600502e-17
27,5.919522622445677e-05,-3.122393988196136e-05,0.0015828203207099646,1.0000009764865483,-0.011634732111008739,-0.02327291645185597,3.362103670767341,9.325873406851315e-15,1.0069527676959122e-17
28,5.447200967682593e-05,-1.0580191900580601e-05,0.0012125852419071095,1.0000008769430944,8.844880306421721e-05,0.00017119890588279514,1.8202220926470594,1.0547118733938987e-14,9.471861229376488e-17
29,5.611056377582975e-05,1.5492353499575322e-05,0.0015446783324380615,1.000000857446585,0.0034867529353336812,0.006974498945402577,2.5861418478803664,3.774758283725532e-15,6.762711050878334e-18
30,6.441669282751841e-05,-1.4387611513721235e-05,0.0016606786437843996,1.0000009434033517,0.004273470869343765,0.008547592865218999,3.1766794335291717,7.993605777301127e-15,3.9315881279755605e-17
31,5.447911590840437e-05,-2.770163290681353e-06,0.0017214918128313432,1.000000775726258,-0.002065012429755708,-0.004132636803504728,2.896288155917716,4.440892098500626e-16,3.7283002206345284e-17
32,6.001020834811147e-05,-1.0574187997390886e-05,0.0015957241960735714,1.0000008875274993,0.004471692088894308,0.0089457481000262,3.354295252446458,4.9960036108132044e-15,2.0017082609513626e-17
33,6.370021799937584e-05,1.3263124295263221e-05,0.00206067830405999,1.0000010638042234,-0.008504898821130813,-0.01697688037301584,4.116183722211313,2.1094237467877974e-14,5.381437483131801e-16
34,5.8682939595066585e-05,4.9018544207172447e-05,0.0025881609377138032,1.0000009543799329,-0.015024878779531736,-0.0300308552253573,6.351075653346768,1.6209256159527285e-14,2.4248181587638307e-16
35,5.887998404221466e-05,-4.571973125397952e-06,0.002274962638087032,1.0000007805206221,0.003970377733299668,0.007945401502574539,4.263717129058709,6.439293542825908e-15,1.6723818510588906e-17
36,6.022318096643013e-05,1.5075523411479008e-05,0.0016251865648486353,1.000001022434307,-0.007613847271071783,-0.015223638444942643,2.73573958357561,5.662137425588298e-15,5.960401443239061e-17
37,5.729923719833903e-05,-5.24030390239565e-06,0.0013075725099203326,1.0000007403901399,0.003614260017909404,0.007226950825947485,2.3185331724825393,2.6645352591003757e-15,5.4725104656205836e-17
38,5.673383418159148e-05,-4.878678627481318e-05,0.0017831527828857548,1.0000007370787576,0.005483993948464494,0.010973064670859248,4.183236454433252,3.219646771412954e-14,1.2544219135657286e-16
39,6.34047155975975e-05,-2.4455621016305812e-05,0.0017010154474113213,1.0000008604937776,0.003280430252770472,0.006578690378534682,3.7499516633582712,3.530509218307998e-14,1.0995978433347986e-15
40,5.356404552939346e-05,-1.1693668259514685e-05,0.001520805380607849,1.000001135819377,0.0053802251771247755,0.010809299903564207,3.328513801621328,6.994405055138486e-15,1.0026159590059702e-16
41,6.021788002008115e-05,-3.669345179880084e-05,0.0017371077144468343,1.0000011338714507,0.014750889048175564,0.02943868993472111,3.8309991691681047,1.532107773982716e-14,2.6816385483713345e-16
42,5.903476983361069e-05,3.084251207816091e-05,0.0017671947610304363,1.0000009432074435,-0.006281214185947903,-0.012507522623779818,3.386686108929312,8.659739592076221e-15,3.59467230287569e-16
43,6.083735139285919e-05,2.950906290317417e-05,0.0014590349808288592,1.0000007924137138,-0.009328563177410099,-0.01865305258160723,3.2781053379081726,1.2434497875801753e-14,2.383889526752503e-17
44,6.367542293869477e-05,-1.4216948643198203e-05,0.0017620695659726687,1.0000010368671333,-0.012894682786397715,-0.025807948043666578,3.740387451953643,7.105427357601002e-15,9.721227729048154e-17
45,5.9526393952936644e-05,3.0091982941951026e-05,0.004091637541364869,1.0000009673826573,-0.002348706120002264,-0.004584608039305142,8.734524357355987,2.8199664825478976e-14,1.661648249551284e-15
46,6.177432950048773e-05,-4.0666276279663176e-05,0.0018044767903353165,1.0000007490016667,0.021889036394009964,0.043776257961895416,3.1381135817137333,5.440092820663267e-15,1.159960799287929e-16
47,5.619246329202839e-05,3.844244290352421e-05,0.001552096421559702,1.0000008768796922,-0.0318733720135142,-0.06373281520527438,2.9159715458398177,3.885780586188048e-15,4.061692388673821e-17
48,6.415859600973037e-05,3.0117630432662152e-06,0.001464422177433671,1.0000008718290008,0.0013464475817999144,0.00269775977332058,2.7741314113381,5.995204332975845e-15,2.7430314963883262e-17
49,6.070618210412249e-05,6.438617899658111e-06,0.0014717055445390378,1.0000008002549976,-0.0047393231053103335,-0.00947495647239093,2.6508733830849227,6.5503158452884236e-15,4.698661165009055e-17
50,6.389057009634555e-05,4.193006737531862e-05,0.0016966466241788941,1.0000018249074425,-0.009458397542979113,-0.01881656284548478,3.1787366423602887,1.2989609388114332e-14,1.0191500421363742e-16
51,5.6303548848567376e-05,1.6350836872607174e-05,0.0021326673419946682,1.0000008167370924,-0.005291458858646014,-0.010580261347129598,4.115264042411725,1.0547118733938987e-14,2.4692704478357363e-17
52,6.060921353365538e-05,2.216761753242753e-05,0.001463591819422598,1.0000009643221102,-0.011588759216187183,-0.02318032327237576,3.441967444216886,8.659739592076221e-15,2.5261910618912253e-17
53,5.9554686193947197e-05,-1.4400386794899493e-05,0.0013957262839657488,1.000000778234278,0.007409094222800783,0.014810905774759893,2.877010574485087,5.329070518200751e-15,2.319515022761176e-16
54,6.189038201429711e-05,3.505187965927709e-05,0.0016402413197391785,1.0000007111943343,-0.020159000336572253,-0.04030843181984595,3.2815656489608855,5.773159728050814e-15,4.106415728288848e-17
55,6.492080289762613e-05,2.692939035381565e-05,0.002061670797685223,1.0000008057671452,0.006897648377761523,0.013789560820405567,3.446926210387954,1.4654943925052066e-14,7.574507427526855e-17
56,6.210044002193965e-05,-3.10425958350026e-05,0.002327841420072895,1.0000007489318112,0.016119934534810643,0.0322111252442815,5.495634762926576,3.9190872769268026e-14,1.4903578588257305e-15
57,5.6491596909043134e-05,2.0707478889886747e-05,0.0018432242932725136,1.0000010086267068,0.0035999251885449612,0.007215223242984498,4.0854291480073925,6.8833827526759706e-15,7.95939919875921e-17
58,6.790686537078203e-05,-1.9898562085428947e-05,0.0019165345623589852,1.0000009652039232,0.00022293239068998938,0.0004829738589372618,3.989897988576435,2.0761170560490427e-14,8.448645429093293e-17
59,6.345384187918341e-05,3.855887585447039e-05,0.0015766764134788108,1.0000012125255358,-0.006397312136368571,-0.01280122190384169,3.2867857332187773,6.217248937900877e-15,3.7133924407628527e-17
60,6.593346391393856e-05,7.541169896357007e-06,0.0013781205927942742,1.0000008062949248,0.005285526141154184,0.010560137725963334,2.5788015108961453,5.662137425588298e-15,5.0754214199477676e-17
61,5.9226201268827564e-05,-2.5932430505241124e-05,0.00174889086350683,1.0000007900738663,0.01140135457996494,0.022793136625523902,3.546979298428123,6.217248937900877e-15,5.945493663367385e-17
62,6.284983876811334e-05,3.759452307885552e-06,0.0011600150785211517,1.000000763764509,0.0032705613814302814,0.006544323836815573,1.7627147455586467,1.887379141862766e-15,1.8865117801247777e-17
63,5.784840445723301e-05,-5.453701769927592e-05,0.0038432898568561296,1.0000009777598762,0.034626336645941835,0.06916007850126125,9.32022059939399,3.907985046680551e-14,1.5703042165193803e-15
64,5.9101925552880996e-05,5.047220502018765e-07,0.0017960672989838808,1.0000009568293522,0.005769156203281278,0.011536980692474007,3.735442948855197,5.218048215738236e-15,6.770842567171975e-17
65,6.215088801779235e-05,-1.242450251573714e-05,0.0015972591116842443,1.0000009430811967,0.009801242413684408,0.019602706327627388,3.6332088628773254,6.106226635438361e-15,2.1250362580715887e-17
66,6.832769028827386e-05,-4.3434180126334195e-05,0.0013202893946109694,1.0000008923889143,0.018915836837502725,0.03781885539980944,2.4759899873053377,7.771561172376096e-15,1.8444989459409644e-17
67,6.115875619692162e-05,1.7150566147533e-05,0.0021117251959834444,1.000000978160396,-0.00023588149046188667,-0.00047430283466849346,4.048360750850903,1.3322676295501878e-14,4.229337149594392e-16
68,5.3641283369374776e-05,1.351140008073044e-05,0.0019341137907520067,1.0000007269296365,-0.0031712559883384506,-0.0063343453594147696,3.8457364597260644,7.549516567451064e-15,1.040969610857645e-16
69,6.227945240573396e-05,-1.8688848531560386e-05,0.001927455203967511,1.000001071668089,0.01062867728078487,0.021177422768260522,3.5467084815932304,2.4980018054066022e-14,6.333095940030953e-16
70,6.694238486291089e-05,-4.0306109136920546e-05,0.001993547814937285,1.0000009305118265,0.02772918858201945,0.05545162511117497,3.7445141075008963,9.880984919163893e-15,4.1102104358925473e-16
71,5.5773334940137125e-05,1.5475216231207564e-05,0.0021478728008185346,1.00000106946518,0.01183855724682975,0.023703884865596218,4.822422411006885,1.1324274851176597e-14,5.433208136867984e-17
72,5.646906855578431e-05,1.2925374239647792e-05,0.0023973931572286843,1.0000009855384187,-0.0003151257654152029,-0.0006247306714759343,4.39650428733191,9.103828801926284e-15,1.3370923292177483e-16
73,5.5955787056394723e-05,9.558411826840051e-06,0.0018007001072730567,1.0000008501132855,-0.004773876327046456,-0.009540410235445577,4.691202039845952,4.551914400963142e-15,4.050850366948966e-17
74,6.205069278699703e-05,2.9022760574892584e-05,0.0015796852150773292,1.0000007260131776,-0.0001619688084044113,-0.00032047756463764486,3.0056702397773174,9.103828801926284e-15,1.1388188569244617e-16
75,6.629786236228883e-05,-1.1571661059603638e-05,0.0020448944756243045,1.0000008662740878,0.02017307625228021,0.04034177242435947,4.190413936788965,7.771561172376096e-15,9.9272261418204e-17
76,5.538281703468306e-05,2.6168547545385792e-05,0.0030127439695262445,1.0000008775199747,0.0010935259910938022,0.0021707321128190374,6.78439183321168,2.2093438190040615e-14,1.2181282458417764e-15
77,5.852370395831643e-05,7.718586400924654e-06,0.001955489927416044,1.0000010216149573,-0.004627258282163427,-0.009248249108723084,4.077660461192033,1.354472090042691e-14,8.162687106100242e-17
78,6.087552641256197e-05,-1.6470696419004235e-05,0.0013640545781966897,1.0000007803460915,0.0037615696572843027,0.007526149578272344,3.2650914742338473,5.329070518200751e-15,1.828235913353682e-17
79,6.354283008704626e-05,-3.3860393049695145e-05,0.0015623577730602908,1.0000008610106301,-0.010123336340032985,-0.020242803199121306,2.995462323472761,1.7763568394002505e-15,1.9935767446577213e-17
80,6.301769029493956e-05,4.066120810704597e-05,0.0016006015155089223,1.0000009998991821,-0.006393950450667263,-0.012817218759297425,3.3112441414004663,1.3655743202889425e-14,2.9558061727386065e-17
81,5.718220560925777e-05,1.6114682717641713e-05,0.0019709740479350443,1.0000008320824394,-0.014087844244789538,-0.0281636991015134,4.576968922239403,5.88418203051333e-15,1.5581340471332306e-16
82,6.10281967130559e-05,-2.119982664849728e-05,0.0012087203794193134,1.0000007151218064,0.015844375023350454,0.031676843960021364,2.551639823263016,9.880984919163893e-15,9.825582188149884e-18
83,5.825763898243461e-05,-6.692696615120768e-06,0.0023178901814434718,1.0000009092700404,-0.005985125244810152,-0.011971411972550345,5.090713442384307,1.199040866595169e-14,1.8600843521704435e-16
84,6.496471094960624e-05,-3.270995694861943e-06,0.002165309704348323,1.0000008370038822,0.009224361682998838,0.01840252884305123,4.557007959279408,8.770761894538737e-15,1.5448525705202831e-16
85,5.678103776949258e-05,-8.962625886319578e-06,0.0015076806568323203,1.000001360121595,0.002286977699851922,0.004613716296249385,3.4869961636332456,6.994405055138486e-15,5.015790300461065e-17
86,6.410476540854863e-05,-4.848433276474765e-05,0.0014889313361038771,1.0000009668587877,0.013694143325770736,0.02739651957033629,3.0915146530688262,3.219646771412954e-15,5.78692909564138e-18
87,5.8561055599246585e-05,3.4472346764384207e-05,0.0018844558313332678,1.0000008636040656,-0.01318649563776697,-0.026361325452844035,3.078668737556002,5.773159728050814e-15,1.5951324462692984e-17
88,6.712517627763731e-05,-2.85548596830644e-05,0.0021235342255134645,1.00000072051678,-0.003057684735980004,-0.006150827800315984,4.065235782815811,4.9182879990894435e-14,2.258257600015745e-16
89,5.157592010957483e-05,1.59621876605107e-05,0.001162166618258209,1.0000008659388315,-0.013474112010305739,-0.026947285191368138,2.1274891763549126,2.886579864025407e-15,1.2996873542669984e-17
90,6.251781098110338e-05,-4.295453543250196e-05,0.0018779783664967362,1.0000009839745991,0.020050254524570432,0.04007459966526484,4.313333961088265,6.8833827526759706e-15,5.500970772648328e-17
91,6.67670998094836e-05,2.387906990900516e-05,0.00237047998374975,1.0000012736585548,-0.008244204434517954,-0.016349151465751142,4.424919620959846,6.250555628639631e-14,1.5743022120304206e-15
92,5.6222878990449286e-05,-3.0325417700846857e-05,0.001370241873238564,1.0000008721498483,0.009955537239708157,0.01990045668218652,2.3530613693940423,7.549516567451064e-15,1.509751525186065e-17
93,6.199524661021012e-05,-1.510117786028217e-05,0.0014478613794768184,1.0000010594492688,-0.0013471521773465445,-0.0026601679169192924,2.826360689514567,6.5503158452884236e-15,4.0657581468206416e-17
94,6.067676081006243e-05,-2.8913328345079247e-05,0.0028236561420015645,1.0000011430582765,-0.0004260626026704184,-0.0009269986582666159,5.370975601753569,3.907985046680551e-14,8.566823465894213e-16
95,6.093960952495288e-05,1.0903735561357795e-05,0.0016863115079818528,1.0000007876009462,0.006372506839700198,0.01274561209666287,3.5578612730417474,5.995204332975845e-15,4.5197678065489466e-17
96,5.6458411887771266e-05,3.379659606303194e-06,0.0015996624221372338,1.0000007400059396,-0.010803550495720349,-0.021607053881064427,2.9380809545752857,4.440892098500626e-15,3.144186300207963e-18
97,5.6235706760698556e-05,-4.488890956640259e-05,0.0015165966080762081,1.0000008328473937,0.014802861862977135,0.029601522086011307,2.346708788060917,4.6629367034256575e-15,2.3120611328253382e-17
98,5.595119446608287e-05,-9.189822501997686e-06,0.001601958563443948,1.000000703953247,0.013999242907278386,0.02798958366564252,3.280930106943476,8.659739592076221e-15,2.2944428475224488e-17
99,5.587739312901416e-05,-6.0210937784805154e-05,0.0016681000856778874,1.0000008646690588,0.0060903229033383854,0.012182666705179741,2.735358280779709,3.1086244689504383e-15,7.995991022080595e-18
