policy,ratio,sigma,S,n,d,boundary,acc_objective,alpha,lam,kappa,E_gen,E_acc,E_acc_corrected,R2_gen,R2_acc,slope_acc,selection_risk,acc_distribution,acc_distribution_se,E_gen_mc,E_gen_mc_se,E_acc_mc,E_acc_mc_se,trials,E_gen_mc_std,E_gen_mc_median,E_gen_mc_q10,E_gen_mc_q90,E_acc_mc_std,E_acc_mc_median,E_acc_mc_q10,E_acc_mc_q90,slope_acc_distribution,slope_acc_distribution_se,R2_acc_distribution,R2_acc_distribution_se,gaussian_min_abs_N,slope_gen,R2_gen_mc,R2_gen_mc_se,R2_gen_mc_q10,R2_gen_mc_q90,R2_acc_mc,R2_acc_mc_se,R2_acc_mc_q10,R2_acc_mc_q90,slope_gen_mc,slope_gen_mc_se,slope_gen_mc_q10,slope_gen_mc_q90,slope_acc_mc,slope_acc_mc_se,slope_acc_mc_q10,slope_acc_mc_q90
fixed,0.0,0.0,1736.3449650425118,1000,10000,False,E_acc,100.0,0.1,0.1090154400223362,0.0072456539055468,0.1252433052270465,0.1252433052270466,0.9927543460944532,0.9316744603821348,1.3538973088722863,,0.125503228170463,7.550636311661211e-05,0.0072577897365925,4.102368091740883e-05,0.1090989652056604,0.0007485299545882,100,0.000410236809174,0.0072264620824502,0.0067620360666992,0.0077652963181794,0.0074852995458823,0.108852817781244,0.1007398546226734,0.1194905003460315,1.3541330279106039,0.00010657010060241863,0.9315991502581362,3.039099525624199e-05,393.39599863676165,1.0190105415557347,0.9927422102634074,4.102368091740889e-05,0.9922347036818205,0.9932379639333007,0.9383916709466691,0.00031648469652751396,0.9340140699787696,0.9419544396190267,1.0176476257919043,0.00018420918317205078,1.0154439777693605,1.0200158162977992,1.330110995962693,0.0011267883661161605,1.3173954158571748,1.3456723664740562
DE_gen_CV,0.0,0.0,1736.3449650425118,1000,10000,True,E_acc,9.999999999999996e-06,9.999999999999997e-09,0.0024122148634681,5.671668049584467e-05,6.9941207313275e-14,6.994120743072062e-14,0.999943283319504,0.99999999999993,1.000000264464,,1.7686621350192525e-06,2.7756473567458e-08,6.012671695869858e-05,3.9893883893815153e-07,9.332336107608876e-13,6.161056035963771e-14,100,3.989388389381514e-06,5.978244727107341e-05,5.586698731012895e-05,6.570559677559501e-05,6.161056035963771e-13,7.772285760341469e-13,5.421584126876097e-13,1.2861065910066088e-12,1.000004020591811,1.4694404524818326e-05,0.9999982312249434,2.7767546809365248e-08,636.259897509235,1.0008337730363555,0.9999398732830411,3.98938838938163e-07,0.9999342944032245,0.9999441330126898,0.9999999999990666,6.161029810855628e-14,0.9999999999987139,0.9999999999994579,1.0006012237523834,7.780401861250558e-06,1.0005093498408488,1.0006887051210274,1.0000009376494017,2.3365175358027854e-08,1.0000007363104646,1.0000011340662456
fixed,1e-06,0.0416694728193495,1736.3449650425118,1000,10000,False,E_acc,100.0,0.1,0.1090154400223362,0.0072456739473232,0.125240023635357,0.1252400485036214,0.9927543260526768,0.9316757826809204,1.3538926724804528,,0.1254999724601327,7.551013875585803e-05,0.0072574361911329,4.108303061333981e-05,0.1090981059116305,0.0007493770962168,100,0.0004108303061334,0.0072256289625248,0.0067588921340624,0.0077671122890874,0.0074937709621685,0.1087978396287574,0.1006778820033055,0.1194526719209524,1.3541284146005477,0.00010657681312676835,0.931600464778825,3.039282308879749e-05,393.39518245070434,1.019010520201735,0.9927425638088673,4.108303061334038e-05,0.9922328877109124,0.9932411078659374,0.9383921289754433,0.0003168541318957645,0.934029601120118,0.9419815463835082,1.0176532882137763,0.00018399839855863938,1.015446202875876,1.020019407528837,1.3301092438745312,0.0011281209021443241,1.3172977808508837,1.3456176159550328
DE_gen_CV,1e-06,0.0416694728193495,1736.3449650425118,1000,10000,True,E_acc,9.999999999999996e-06,9.999999999999997e-09,0.0024122148634681,5.759170300052749e-05,1.2616998951941883e-06,1.2816230743047864e-06,0.9999424082969994,0.9999987354609028,0.9988767458456812,,3.091206714878429e-06,4.4635352686912336e-08,6.332750641066881e-05,4.0538273586529314e-07,5.03774787059397e-05,4.445540718289128e-06,100,4.053827358652932e-06,6.332899314415806e-05,5.777363308917504e-05,6.864896764189837e-05,4.445540718287872e-05,3.942909972158364e-05,2.1430634714863736e-05,8.523585706696579e-05,0.9988804258778674,1.4978764522998585e-05,0.9999968934341147,4.4983548609505e-08,636.1993403680444,1.000832895774939,0.9999366724935892,4.0538273586560183e-07,0.9999313510323582,0.9999422263669109,0.9999487320001744,4.593363221357892e-06,0.9999131681744116,0.9999783695598141,1.000598777263391,1.7107768967976958e-05,1.0004177773287826,1.0007917194147709,0.9933067295726999,0.00023735941491371187,0.990767768705624,0.9953706798994666
fixed,1.9573417814876616e-06,0.0582976890378464,1736.3449650425118,1000,10000,False,E_acc,100.0,0.1,0.1090154400223362,0.0072456931341531,0.1252368820918594,0.1252369307666095,0.9927543068658468,0.9316770485608076,1.3538882338985847,,0.1254968556924945,7.551375280531333e-05,0.0072573056702441,4.110739977075463e-05,0.1090962334632379,0.0007497263150791,100,0.0004110739977075,0.0072253054603251,0.0067576469244914,0.0077679290975115,0.0074972631507915,0.1087736704802023,0.1006581106269962,0.1194357833800387,1.3541239981148094,0.00010658323871678362,0.9316017232126846,3.0394572767715707e-05,393.39440113550825,1.019010499758658,0.9927426943297557,4.110739977075543e-05,0.9922320709024883,0.9932423530755086,0.9383929633066717,0.00031700823659453153,0.9340365353646194,0.9419901960012289,1.0176555380287808,0.00018393398130582016,1.0154470816933785,1.0200208284341818,1.330106218949694,0.0011286788288678684,1.317266623801002,1.3455931709198006
DE_gen_CV,1.9573417814876616e-06,0.0582976890378464,1736.3449650425118,1000,10000,True,E_acc,9.999999999999996e-06,9.999999999999997e-09,0.0024122148634681,5.8429398604002337e-05,4.82453611259037e-06,4.863495068837072e-06,0.999941570601396,0.999995154199834,0.997803517331598,,6.713166220680778e-06,7.372993974218876e-08,6.643372380017994e-05,4.383909460172257e-07,0.0001880336771724,1.624888160642007e-05,100,4.383909460172258e-06,6.675970490737351e-05,6.098438024472094e-05,7.210443733448151e-05,0.0001624888160641,0.0001462805686525,7.915441782112467e-05,0.0003096983236537,0.9978071226175682,1.5248140864291078e-05,0.9999932402848857,7.446709821525308e-08,636.1422678964666,1.0008320559373711,0.9999335662761998,4.38390946017155e-07,0.9999278955626656,0.9999390156197553,0.9998054939431883,1.7304084498683457e-05,0.9996791061660243,0.999919418064095,1.0005959957069024,2.2843001094290563e-05,1.0003410205081822,1.000896593158091,0.987043732777581,0.0004513595269438033,0.9824020361119253,0.9911032094145898
fixed,3.831186849557285e-06,0.0815614001618772,1736.3449650425118,1000,10000,False,E_acc,100.0,0.1,0.1090154400223362,0.0072457306893369,0.1252307331911687,0.1252308284606753,0.992754269310663,0.93167952628646,1.3538795461610755,,0.1254907552825276,7.552082524152684e-05,0.0072571331759551,4.114214808997645e-05,0.1090921496451651,0.0007502254985283,100,0.0004114214808997,0.0072248614370532,0.0067560312052899,0.0077690816605702,0.0075022549852831,0.1087472256942852,0.1006680561160016,0.1194124788373631,1.3541153536240849,0.0001065958141226038,0.9316041863646807,3.039799697346946e-05,393.3928719869584,1.0190104597445728,0.9927428668240448,4.1142148089976134e-05,0.9922309183394297,0.99324396879471,0.9383947542968184,0.00031723020241200377,0.9340461039838189,0.9419858454037335,1.0176586762736477,0.0001838627485858941,1.0154483024799594,1.0200228046947746,1.3300997605111358,0.001129484353860795,1.3172822947036302,1.3455594389696985
DE_gen_CV,3.831186849557285e-06,0.0815614001618772,1736.3449650425118,1000,10000,True,E_acc,9.999999999999996e-06,9.999999999999997e-09,0.0024122148634681,6.006905520885218e-05,1.840836322593558e-05,1.848446902860137e-05,0.9999399309447912,0.9999814326522748,0.995709503149292,,2.041519580747624e-05,1.394265267632865e-07,7.253040018793822e-05,5.44721075029658e-07,0.0006935843517702,5.814411269961607e-05,100,5.44721075029658e-06,7.226777272315924e-05,6.584297617975024e-05,7.895819776055923e-05,0.0005814411269961,0.0005499444660451,0.0002980448558684,0.0010989998194782,0.9957129572923366,1.576774349263459e-05,0.9999793729652949,1.4153413939976657e-07,636.0329614677681,1.0008304120922877,0.9999274695998119,5.447210750293833e-07,0.9999210418022395,0.9999341570238202,0.9992597112418524,6.559411822310508e-05,0.9988243212039988,0.9996913914627961,1.000590375836734,3.118286927919424e-05,1.000280640484589,1.0010032829059732,0.975057484587914,0.0008495707572633605,0.9668517110444079,0.9827360459801063
fixed,7.498942093324558e-06,0.1141085025179519,1736.3449650425118,1000,10000,False,E_acc,100.0,0.1,0.1090154400223362,0.0072458041976673,0.1252186983562161,0.1252188848173506,0.9927541958023328,0.9316843759123692,1.353862541612158,,0.1254788153447898,7.55346626958107e-05,0.0072569116384515,4.119204097862306e-05,0.1090835706552814,0.0007509444981213,100,0.0004119204097862,0.0072242570056289,0.0067559628644517,0.0077707133498841,0.0075094449812139,0.1087278077102139,0.10069272747061,0.1193924083593771,1.3540984337128266,0.00010662042209455536,0.9316090074678891,3.0404697346428834e-05,393.3898795039417,1.0190103814233415,0.9927430883615483,4.119204097862335e-05,0.9922292866501158,0.9932440371355482,0.9383984807126926,0.0003175531476189519,0.9340543417286412,0.9419750521878931,1.0176630485157456,0.00018380010751638964,1.015449993347165,1.0200255467644543,1.330086367253631,0.0011306599868591556,1.3173211731998886,1.3455304017916823
DE_gen_CV,7.498942093324558e-06,0.1141085025179519,1736.3449650425118,1000,10000,True,E_acc,9.999999999999996e-06,9.999999999999997e-09,0.0024122148634681,6.327842358881698e-05,6.995422768225867e-05,7.010257030080303e-05,0.9999367215764112,0.9999288607507404,0.9916361356011556,,7.22018910736043e-05,2.8302473018135225e-07,8.44871099379787e-05,8.274917822713435e-07,0.0024930542106791,0.0001985577277648,100,8.27491782271008e-06,8.38100797739883e-05,7.537542840053517e-05,9.54012021905904e-05,0.0019855772776489,0.0020085312636252,0.0011000620787807,0.0038419077711581,0.9916392783476026,1.6757786451598007e-05,0.9999264958958476,2.9062189053020596e-07,635.8273838677695,1.000827194541256,0.999915512890062,8.274917822715652e-07,0.9999045987978094,0.9999246245715995,0.9971767258154312,0.00024955543526414823,0.9956332699451437,0.998823167873289,1.0005791303695935,4.3082098238232956e-05,1.000203018296258,1.0011193162648957,0.9525360655466163,0.0015577409727624246,0.938026885932266,0.9668328476909285
fixed,1.4677992676220704e-05,0.1596435362934769,1736.3449650425118,1000,10000,False,E_acc,100.0,0.1,0.1090154400223362,0.0072459480785937,0.1251951446195562,0.125195509534664,0.9927540519214064,0.931693867789602,1.3538292591343404,,0.1254554472942676,7.556172542415948e-05,0.0072566404334734,4.1264336869132216e-05,0.1090659607457483,0.0007519903469314,100,0.0004126433686913,0.0072234442188195,0.0067558986006573,0.0077730337376903,0.0075199034693142,0.1087184055610679,0.1006944732409594,0.1193582135374946,1.3540653168574126,0.00010666856382532652,0.9316184435276536,3.0417804732507177e-05,393.38402442475103,1.0190102281219557,0.9927433595665265,4.1264336869133056e-05,0.9922269662623096,0.9932441013993426,0.9384060831899158,0.0003180290838153936,0.9340683781589196,0.9419742887675735,1.0176691296416047,0.0001837849927683287,1.0154523255342192,1.0200293383928527,1.3300591010975575,0.0011323994745255574,1.3173239226934064,1.3454809233154117
DE_gen_CV,1.4677992676220704e-05,0.1596435362934769,1736.3449650425118,1000,10000,True,E_acc,9.999999999999996e-06,9.999999999999997e-09,0.0024122148634681,6.956025441110739e-05,0.0002637747629957,0.000264062402992,0.9999304397455888,0.9997274438840996,0.9837588558594,,0.0002665294188779,6.063284423302756e-07,0.0001079232577083,1.4599240221553957e-06,0.0085371307994874,0.0006222595224962,100,1.4599240221537158e-05,0.0001049955558386,9.301018762109576e-05,0.0001282811908232,0.0062225952249628,0.0070638854939188,0.0039230617202589,0.0131835285195572,0.9837613469943188,1.8605936198161402e-05,0.9997244028441894,6.373995855722635e-07,635.4520901871749,1.0008208967540615,0.9998920767422917,1.4599240221556278e-06,0.9998717188091767,0.9999069898123789,0.9892186301218652,0.000951472086351471,0.9831725132081989,0.9955351459520426,1.000556775754298,5.987596713285139e-05,1.0000344944414266,1.0013225171743902,0.9116450544879465,0.0027164564020684514,0.8851953206318015,0.9373657168682296
fixed,2.8729848333536687e-05,0.2233493396013774,1736.3449650425118,1000,10000,False,E_acc,100.0,0.1,0.1090154400223362,0.0072462297027424,0.1251490516695634,0.1251497657299129,0.9927537702972576,0.9317124447288614,1.353764118685832,,0.12540971756526,7.561461266586047e-05,0.0072563368258782,4.137033793652267e-05,0.1090303529115568,0.0007535304847538,100,0.0004137033793652,0.0072239151013969,0.0067558700520589,0.0077763536189276,0.0075353048475382,0.1086939558656524,0.1006176458180798,0.1192984120596202,1.3540005004261964,0.00010676270000985033,0.9316369112559295,3.044343154836791e-05,393.37257257312814,1.0190099280588838,0.9927436631741215,4.137033793652276e-05,0.9922236463810724,0.993244129947941,0.9384213943271854,0.0003187416939341558,0.9340929298383926,0.9420079131928732,1.0176775672464005,0.00018390580155527668,1.0154555229635738,1.0200076912487595,1.3300042648554362,0.001135016970371275,1.3172027839610494,1.3453943742159626
DE_gen_CV,2.8729848333536687e-05,0.2233493396013774,1736.3449650425118,1000,10000,True,E_acc,9.999999999999996e-06,9.999999999999997e-09,0.0024122148634681,8.185594434381348e-05,0.0009798779344375,0.00098042831712,0.9999181440556562,0.9989557702301144,0.9686969979963967,,0.0009837521693195,1.3755687560877875e-06,0.0001538416700965,2.750039800782162e-06,0.0269216911113118,0.0016947057532914,100,2.7500398007818348e-05,0.0001477397663634,0.0001259319035968,0.000190824213786,0.0169470575329146,0.0229968354254874,0.0132883601403975,0.0411442599043023,0.9686981385270235,2.1947756656349046e-05,0.9989510871359151,1.51423269054599e-06,634.7959545877386,1.000808570061448,0.9998461583299034,2.750039800781971e-06,0.999809175786214,0.9998740680964031,0.9587942908490361,0.003632036652613502,0.9352407617296583,0.9830232207778786,1.0005125403411237,8.34273630383551e-05,0.9997605137291838,1.0015745159825504,0.8417385547395368,0.004351948426264033,0.7971790216298855,0.8847249596526823
fixed,5.623413251903491e-05,0.312476963731664,1736.3449650425118,1000,10000,False,E_acc,100.0,0.1,0.1090154400223362,0.0072467809374554,0.1250588694057997,0.1250602662876719,0.9927532190625444,0.9317487988359138,1.3536366347054554,,0.1253202453682918,7.571781113311215e-05,0.0072560604727824,4.152807248977901e-05,0.1089590815456311,0.0007558322490992,100,0.0004152807248977,0.0072273603451498,0.0067559502130055,0.0077811422465431,0.0075583224909929,0.1086376467141544,0.1005554349183235,0.1191913633636976,1.3538736500376458,0.00010694659910983997,0.9316730517636829,3.049348191316246e-05,393.35018999035253,1.0190093407334095,0.9927439395272176,4.152807248977807e-05,0.9922188577534569,0.9932440497869944,0.9384519611155455,0.0003198288359230887,0.934136891477878,0.9420351291129688,1.0176892344700874,0.00018435197510117133,1.0154746411710187,1.0199767415544532,1.329894890847953,0.001139034404320069,1.3171047489971672,1.345239388402834
DE_gen_CV,5.623413251903491e-05,0.312476963731664,1736.3449650425118,1000,10000,False,E_acc,0.0670088426085858,6.700884260858583e-05,0.0025360208236793,0.000105678536248,0.0027820999761966,0.0027831208653884,0.999894321463752,0.9968994446799084,0.9472543842940794,,0.0027881224566365,2.84749075920948e-06,0.0001493384252099,9.889986817346774e-07,0.0087035834467767,0.0001300297097041,100,9.8899868173466e-06,0.0001485982569251,0.000137825699363,0.0001622829964951,0.0013002970970416,0.0086881707464167,0.0070773978541237,0.0106546080745882,0.9472538257809034,2.6982637699376794e-05,0.9968911868676964,3.352036342149222e-06,632.7059640132929,1.0008288533264913,0.9998506615747901,9.8899868173485e-07,0.9998377170035048,0.9998621743006368,0.9893933026914645,0.00017467311317385822,0.986751496616182,0.9915627026355688,1.0006182383989424,4.661860761851908e-05,1.0000874346512956,1.0011290549544491,0.906966163827982,0.0006984020281169728,0.8967788530814745,0.9158727283157941
fixed,0.0001100694171252,0.4371709942694524,1736.3449650425118,1000,10000,False,E_acc,100.0,0.1,0.1090154400223362,0.0072478598921906,0.1248824950753978,0.1248852262716019,0.9927521401078092,0.9318199282336672,1.353387174463644,,0.1251452575165795,7.591858739402586e-05,0.0072559643284359,4.176701436915394e-05,0.108817448955052,0.0007593297024852,100,0.0004176701436915,0.0072235687792025,0.0067562974426151,0.007788123530457,0.007593297024852,0.1085156443480768,0.1004744010490188,0.1191137052298935,1.3536254275828363,0.00010730519108240983,0.9317437636999415,3.0591028377283446e-05,393.30650371202444,1.0190081911386735,0.9927440356715641,4.1767014369153926e-05,0.9922118764695428,0.9932437025573848,0.9385126098713211,0.00032152228489875517,0.9341687531091237,0.9420705957984594,1.0177052885123807,0.00018551411787726046,1.015427187982402,1.0199488419269989,1.3296779958654963,0.0011453374835093961,1.316976971447086,1.3451270921057794
DE_gen_CV,0.0001100694171252,0.4371709942694524,1736.3449650425118,1000,10000,False,E_acc,0.4249534679576583,0.0004249534679576,0.0031513022025788,0.0001441418794548,0.0038219301942801,0.0038237687573663,0.9998558581205452,0.9956577778289116,0.9381782385055214,,0.0038300774718422,3.9192164041983415e-06,0.0001784749457814,1.2007729766389837e-06,0.0046760245492733,6.436879349673273e-05,100,1.20077297663866e-05,0.0001771769390728,0.00016362732928,0.0001924223309257,0.0006436879349673,0.0046879180430734,0.0037826249218458,0.0054830249150988,0.9381788816137588,3.1691794439542246e-05,0.995645942138395,4.749250889358687e-06,626.5414295675856,1.0010081703250095,0.9998215250542186,1.2007729766380051e-06,0.9998075776690741,0.99983637267072,0.994606362167772,7.966016019384398e-05,0.9936049669276554,0.9957053477086044,1.0009173750817935,5.0704523203217094e-05,1.0004073312414992,1.0014108879347694,0.9317798168181562,0.0004717381989762663,0.9259525624315048,0.9384971084823386
fixed,0.0002154434690031,0.6116242168643903,1736.3449650425118,1000,10000,False,E_acc,100.0,0.1,0.1090154400223362,0.0072499717753742,0.1245378182073113,0.1245431526987178,0.9927500282246258,0.9319590454454304,1.3528991615282069,,0.1248032816432022,7.630696136601721e-05,0.0072563984010548,4.213646672176733e-05,0.1085375227514048,0.0007647331912878,100,0.0004213646672176,0.0072301476344929,0.0067572433670224,0.00779844218472,0.0076473319128788,0.1081977762184563,0.1001474567198335,0.1192118086436889,1.353139828414481,0.00010800192542116666,0.9318820661729188,3.078037254303461e-05,393.2214640199166,1.019005940996372,0.9927436015989451,4.2136466721767595e-05,0.99220155781528,0.9932427566329776,0.9386324026222046,0.00032421701604746605,0.9341283203684756,0.9422138126139702,1.0177272223304659,0.00018817078894812282,1.0153933707890077,1.019958414618502,1.3292496786361157,0.0011554520275952169,1.3164608296035505,1.3452697871465058
DE_gen_CV,0.0002154434690031,0.6116242168643903,1736.3449650425118,1000,10000,False,E_acc,0.9660348324974672,0.0009660348324974,0.0039928176602942,0.0002022589044517,0.0053955391804267,0.0053987241347421,0.9997977410955482,0.9937150591799326,0.9265456660201268,,0.0054066311119347,5.540166888689723e-06,0.0002395363002106,1.7420089366703607e-06,0.0047711459064086,6.549013410348384e-05,100,1.7420089366703788e-05,0.0002380947234613,0.0002186533154965,0.0002597318871487,0.0006549013410348,0.0047974685889812,0.0038952043978704,0.0056830746802445,0.926549457549213,3.771155783117522e-05,0.9936976325441562,6.970297419720925e-06,618.9466834093732,1.0012438978403455,0.9997604636997893,1.7420089366696628e-06,0.9997402681128512,0.9997813466845035,0.994488419850902,8.121327516108436e-05,0.9933524336400305,0.9955689587131858,1.0012289861554589,6.282216392100848e-05,1.0006449502880612,1.0018808565646746,0.9310887455767913,0.00047551057331835146,0.9246138585723146,0.9375884345360115
fixed,0.0004216965034285,0.8556930527381014,1736.3449650425118,1000,10000,False,E_acc,100.0,0.1,0.1090154400223362,0.007254105452567,0.1238652628327676,0.1238756607582527,0.9927458945474328,0.932230934173908,1.3519449713133682,,0.1241359644639503,7.704985933776883e-05,0.0072581186025279,4.27204469968802e-05,0.1079868863081627,0.0007731935621124,100,0.0004272044699688,0.0072433086267991,0.0067594673998453,0.0078038785843577,0.0077319356211245,0.1078360150904174,0.0995177342907897,0.1191616154357223,1.3521903287757238,0.00010934638991400059,0.9321523691386499,3.1145035310693084e-05,393.05676588530656,1.0190015367275989,0.992741881397472,4.2720446996880486e-05,0.9921961214156423,0.9932405326001545,0.9388681536955249,0.00032858718559577386,0.9341488150588779,0.9424901499870292,1.017756877880607,0.00019381236394879219,1.0154732519918592,1.0200394191350741,1.3284066030619757,0.001172019639304176,1.3154642476054452,1.3451976570141633
DE_gen_CV,0.0004216965034285,0.8556930527381014,1736.3449650425118,1000,10000,False,E_acc,1.764987180185427,0.0017649871801854,0.0051335459628615,0.000289866232221,0.0077612724328085,0.0077665458103155,0.999710133767779,0.9906666689181186,0.9119019158391708,,0.0077762115037713,7.968588948505598e-06,0.0003316765371278,2.591580327145957e-06,0.0058625174614508,8.162015198595935e-05,100,2.5915803271459828e-05,0.0003301916245001,0.0003025611958001,0.0003622457403114,0.0008162015198595,0.0058134900090359,0.0048222024386149,0.0070727730150043,0.9119122440482331,4.523268988155962e-05,0.9906405660638324,1.0517919317480476e-05,609.5754823868302,1.0015480108202175,0.9996683234628724,2.5915803271454976e-06,0.9996377542596884,0.9996974388041998,0.9931160896433491,0.00010364587107151357,0.9915687211540487,0.9944312384101474,1.0015979837086002,8.148598591611409e-05,1.0007853673240101,1.0025607168125747,0.9236188324014527,0.0005359283245224685,0.9159002388064003,0.9305579224820352
fixed,0.000825404185268,1.197157634238341,1736.3449650425118,1000,10000,False,E_acc,100.0,0.1,0.1090154400223362,0.0072621964716477,0.1225568361980273,0.1225770229742407,0.9927378035283524,0.9327615379479592,1.3500811851528547,,0.1228376084897985,7.844053264439439e-05,0.0072627036001729,4.3663717262766615e-05,0.1069093057468634,0.0007864910967176,100,0.0004366371726276,0.0072555299443024,0.0067660186989338,0.0078377781338225,0.0078649109671762,0.106544534628974,0.0979275415534452,0.1187151486398512,1.3503355970552198,0.00011190731955557105,0.9326799023442113,3.183695893885326e-05,392.7408020817211,1.0189929161784954,0.992737296399827,4.3663717262766595e-05,0.9921622218661774,0.9932339813010661,0.939330483281502,0.00033576212144722275,0.9343322995789619,0.9431907450546854,1.0177963488920596,0.00020512801774600964,1.0154367771725776,1.0201504219053918,1.3267519691832061,0.0011995638170255402,1.3129336837980885,1.3445506473909938
DE_gen_CV,0.000825404185268,1.197157634238341,1736.3449650425118,1000,10000,False,E_acc,2.9228799757517865,0.0029228799757517,0.0066726953931934,0.000421815119524,0.0112895846495507,0.0112978619604736,0.999578184880476,0.9858665481843866,0.8937475428540558,,0.0113091223620622,1.1563487112321735e-05,0.000467930032824,3.92011066802846e-06,0.0079458925441211,0.0001130847685592,100,3.920110668029019e-05,0.0004677523544246,0.0004224132366122,0.00051317124475,0.001130847685592,0.0078017998489109,0.0064344230966717,0.0094695913507354,0.8937697957591466,5.442911228208559e-05,0.9858270649304316,1.621539132159641e-05,598.0006867753602,1.0019339213230825,0.9995320699671758,3.920110668028835e-06,0.99948682875525,0.9995775867633877,0.9904072781466566,0.00014957354986347454,0.9883786725886492,0.9923943389002802,1.002044513358288,0.00010846824602537536,1.0008555551059888,1.0034639396160054,0.9110871944495698,0.0006388559319147351,0.9026881763191724,0.9197851886857935
fixed,0.0016155980984398,1.67488376425301,1736.3449650425118,1000,10000,False,E_acc,100.0,0.1,0.1090154400223362,0.0072780333613491,0.1200261832359246,0.1200650698979598,0.9927219666386508,0.9337940752551172,1.3464479516982668,,0.1203259952319569,8.093819759287525e-05,0.0072733820165384,4.521566432598188e-05,0.1048156055876494,0.0008070430876671,100,0.0004521566432598,0.0072949643023794,0.0067229859509745,0.0078752393379982,0.0080704308766714,0.1041590996552535,0.0955337955848793,0.1161854619153152,1.346719625434328,0.00011667083119386781,0.9337065503062569,3.3113894827801984e-05,392.1448247520658,1.0189760432396977,0.9927266179834616,4.5215664325981995e-05,0.9921247606620016,0.9932770140490255,0.9402332450653351,0.0003475315119183668,0.9353773207251979,0.9442530616092726,1.0178476180140306,0.00022655542528027335,1.015227730842862,1.0205085583485882,1.3235150951500907,0.0012455528879734394,1.30908539080242,1.3408598638431637
DE_gen_CV,0.0016155980984398,1.67488376425301,1736.3449650425118,1000,10000,False,E_acc,4.5768714507960935,0.004576871450796,0.0087455467331825,0.0006204028416495,0.0164919318308796,0.016504111961639,0.9993795971583505,0.9782900945285502,0.8715790833591364,,0.0165161965622833,1.679876544862604e-05,0.0006689789398124,6.021058307830525e-06,0.0113847162747034,0.000164407966403,100,6.0210583078303327e-05,0.0006654133539603,0.0005960203976619,0.0007348413958201,0.0016440796640303,0.0113499907762243,0.0091802840229596,0.0135585337793535,0.8716211177660755,6.542327520434648e-05,0.9782300506175194,2.540812272352427e-05,584.0812177585556,1.0024156894474128,0.9993310210601876,6.021058307830553e-06,0.9992651586041799,0.999403979602338,0.985703601780886,0.0002305823295237681,0.9826323222851436,0.9887709864428037,1.0025863511171922,0.0001468223365563608,1.00084592691937,1.0043571028941183,0.8935803173601284,0.0007756875186510165,0.8835588884115507,0.9041865922564225
fixed,0.0031622776601683,2.343246656521626,1736.3449650425118,1000,10000,False,E_acc,100.0,0.1,0.1090154400223362,0.0073090315672506,0.1151874541544876,0.1152612326488409,0.9926909684327494,0.935791980044112,1.339392772690415,,0.1155221290499082,8.508212500879404e-05,0.0072966673212467,4.7799392540977616e-05,0.1007963068774009,0.0008369765565067,100,0.0004779939254097,0.0073300619597577,0.006737537744758,0.0079357441668251,0.0083697655650674,0.1007518859276075,0.0906702402350138,0.1118330081513259,1.3396966192356947,0.00012517156081610732,0.9356933484515132,3.5355149242877506e-05,391.0518459570295,1.0189430187488124,0.992703332678753,4.7799392540977256e-05,0.9920642558331747,0.993262462255242,0.9419842525834246,0.00036637737844967273,0.9371958550677882,0.9464408939018484,1.0179116045063517,0.00026459251259896785,1.0145575809841123,1.0214410362160513,1.3172119955757406,0.0013213734064850369,1.3011149415232213,1.3344142596620767
DE_gen_CV,0.0031622776601683,2.343246656521626,1736.3449650425118,1000,10000,False,E_acc,6.914469100008366,0.0069144691000083,0.011537807724528,0.000918882461754,0.0240384002110225,0.0240549486414221,0.999081117538246,0.9663305073985882,0.8449567795386635,,0.0240661821067743,2.425826475133333e-05,0.0009657320542975,9.378024807867538e-06,0.0167900327482594,0.0002417984754466,100,9.378024807867796e-05,0.0009672760386503,0.0008559453506523,0.0010742272965645,0.0024179847544662,0.0167653568006817,0.0136771383884879,0.020044527282364,0.8450289323311281,7.824710376273081e-05,0.966238699002814,4.0287343484368114e-05,567.4304119734071,1.0030065588397576,0.9990342679457024,9.378024807867072e-06,0.9989257727034354,0.9991440546493476,0.9777805302441194,0.0003669575016645402,0.9727983739743093,0.9824601531548327,1.0032414862743189,0.0002010323087199482,1.000616185052144,1.0058059482547568,0.8707597929184332,0.0009374456039336614,0.8584213095195189,0.883051254736282
fixed,0.0061896581889126,3.278319970907745,1736.3449650425118,1000,10000,False,E_acc,100.0,0.1,0.1090154400223362,0.0073697056508126,0.1061425085618194,0.106278409764357,0.9926302943491874,0.9396139716417362,1.3257951941969364,,0.1065372196318304,9.095482335000838e-05,0.0073455799488763,5.210939156316311e-05,0.0932501985883267,0.0008742282119993,100,0.0005210939156316,0.0073741758146845,0.0066986429747628,0.0080362375990088,0.0087422821199938,0.093549964803292,0.0827085014742374,0.1043770152537983,1.3261566570172891,0.0001393493063156943,0.9394949851942943,3.8955401216162394e-05,389.1290005986185,1.0188783847280996,0.9926544200511236,5.2109391563163e-05,0.991963762400991,0.9933013570252371,0.9453398467138544,0.0003946500204147268,0.9403739519511619,0.9501124081504514,1.0179859598656764,0.0003276784413636452,1.0137794924185146,1.0219160121200146,1.3050317934266857,0.0014418127872228004,1.2875896818295514,1.3230740710762314
DE_gen_CV,0.0061896581889126,3.278319970907745,1736.3449650425118,1000,10000,False,E_acc,10.195185116287414,0.0101951851162874,0.0153074366309116,0.001366441643625,0.034743022343734,0.0347633877607227,0.9986335583563748,0.947514399929252,0.8136051976482874,,0.0347711016261607,3.460032794199221e-05,0.001403724977853,1.4778290833374153e-05,0.0250069712918931,0.0003520452467417,100,0.0001477829083337,0.0013969202829757,0.0012309846426481,0.0015909055391282,0.0035204524674171,0.0248641570105639,0.0208608322908195,0.0296104904034875,0.8137192138353527,9.282022513343031e-05,0.9473721682851024,6.440854286389979e-05,547.6047697110821,1.0037166362341936,0.9985962750221471,1.4778290833373792e-05,0.9984090944608717,0.9987690153573517,0.9646001326654563,0.0005916139961916451,0.9568015941001181,0.971501331380115,1.004028601316795,0.0002774953139998839,1.0004938311625273,1.007733633241918,0.8422539159939668,0.0011152943745786504,0.8279235400591018,0.8555675432209503
fixed,0.0121152765862859,4.586534585141047,1736.3449650425118,1000,10000,False,E_acc,100.0,0.1,0.1090154400223362,0.0074884655696219,0.0899781517939687,0.0902146030386386,0.992511534430378,0.9467555071115484,1.2999635841130863,,0.0904643538065521,9.661837752304144e-05,0.0074459849700251,5.923332755333593e-05,0.0796811383585176,0.0009018095415604,100,0.0005923332755333,0.0074958925715953,0.0066834353343454,0.0082141357817822,0.0090180954156042,0.0799665244023886,0.0684570215455646,0.0908971837093945,1.300421205366368,0.0001606714229779428,0.9466009363686322,4.386501101841048e-05,385.9183681110763,1.0187518975882557,0.9925540150299745,5.92333275533359e-05,0.9917858642182177,0.9933165646656545,0.9516195690019451,0.0004311276445144997,0.9463378991216576,0.9569924296198556,1.018060272891907,0.0004261266667442276,1.0124187444427177,1.0233607985958708,1.2818178071570816,0.0016201444245745934,1.2616428199266867,1.3014915859969975
DE_gen_CV,0.0121152765862859,4.586534585141047,1736.3449650425118,1000,10000,False,E_acc,14.784849388818808,0.0147848493888188,0.0204192300126891,0.0020350853513723,0.0494852118164712,0.0495075792793967,0.9979649146486276,0.918149409189674,0.7775472818406768,,0.0495086624177411,4.850206538804114e-05,0.0020494394880792,2.349036234100451e-05,0.0370578904841943,0.0005013041554284,100,0.00023490362341,0.0020347250589307,0.0017777786376746,0.0023458491536377,0.0050130415542847,0.0364641880613648,0.0307705525062223,0.0436598994237319,0.7777133685270262,0.00010899922444236643,0.9179216159764823,0.00010354178629962815,524.1070414920989,1.0045496307641772,0.9979505605119207,2.349036234100449e-05,0.9976541508463622,0.9982222213623253,0.9429388486562509,0.0009567728670046557,0.9302283083082767,0.954745181760816,1.0049671959011561,0.000385257570118477,1.0003324669504219,1.0101419796890516,0.8079320604611285,0.001301890953736551,0.7910516580868234,0.824584628649145
fixed,0.0237137370566165,6.41679265214314,1736.3449650425118,1000,10000,False,E_acc,100.0,0.1,0.1090154400223362,0.0077209193206736,0.0636091950092672,0.0639782484404489,0.9922790806793264,0.9594335959764232,1.2522086338912035,,0.0642012061591053,9.523760892933633e-05,0.0076490402895059,7.080516438630899e-05,0.0573131744144201,0.0008674056692746,100,0.000708051643863,0.0077001346469057,0.0066939408986125,0.0085893157109698,0.0086740566927465,0.0576419363902018,0.0458280900856669,0.067424339657084,1.2528068550395015,0.00018812902192503426,0.9592215015828591,4.830488413761485e-05,380.8392574742888,1.0185044098972351,0.9923509597104939,7.080516438630922e-05,0.9914106842890301,0.9933060591013875,0.9627909872377142,0.0004608686620841596,0.9575079784750424,0.9689085773623567,1.0181060039338339,0.0005728815756951838,1.0111999476543696,1.0256597047845912,1.2386884394062583,0.0018559304569028708,1.2140748747075818,1.2596611994521587
DE_gen_CV,0.0237137370566165,6.41679265214314,1736.3449650425118,1000,10000,False,E_acc,21.21185264605383,0.0212118526460538,0.0274014209935748,0.0030287952546471,0.0690371356009689,0.0690599093264145,0.9969712047453528,0.8729858095896957,0.7372508123685843,,0.0690525272518387,6.666046494986397e-05,0.0029989898319335,3.753129457584504e-05,0.0539737691396088,0.0006947843245964,100,0.0003753129457584,0.0030005067614506,0.0025532476028981,0.0034550574810491,0.0069478432459647,0.052978121934537,0.0455532091832216,0.0628633646910674,0.7374722101231606,0.00012679515230643658,0.8725951348671636,0.00016718638165362745,496.3962255994552,1.00549872779455,0.9970010101680663,3.753129457584521e-05,0.9965449425189509,0.9974467523971018,0.9079697842937048,0.001545772540971545,0.8880251759590251,0.9263711286437758,1.0060782834100852,0.0005370780775604394,0.9997989593619308,1.0130844340405998,0.7681538585113252,0.0014945551563507692,0.7492752784319853,0.7865684369369099
fixed,0.0464158883361278,8.977415775734741,1736.3449650425118,1000,10000,False,E_acc,100.0,0.1,0.1090154400223362,0.0081759107598705,0.0282944478895952,0.0287657180995741,0.9918240892401294,0.9792671154121364,1.1682095356678546,,0.0289292892367561,7.308422616652649e-05,0.008055622477493,8.928116950923334e-05,0.0267492503955268,0.0006651002770728,100,0.0008928116950923,0.0080400557843207,0.0068052132298491,0.0092861783196499,0.0066510027707286,0.0273106868109268,0.0186053582648884,0.0349182732542898,1.168961482314895,0.00021575892654261098,0.9789724735806131,4.5477752306819324e-05,373.16291495217155,1.018020339756004,0.991944377522507,8.928116950923269e-05,0.99071382168035,0.9931947867701508,0.9803555658147701,0.0004272703899191219,0.975211499897189,0.9855929706174761,1.0180558166367002,0.0007851449635556193,1.0087892288464546,1.028296744562124,1.1621859678429698,0.002120039618378653,1.1364014453480953,1.1868641217102258
DE_gen_CV,0.0464158883361278,8.977415775734741,1736.3449650425118,1000,10000,False,E_acc,30.26112010172044,0.0302611201017204,0.0370399977043209,0.0044950604536204,0.0937993330028681,0.0938268281703019,0.9955049395463796,0.8050986929186565,0.6937332322910823,,0.0938135916388042,9.003046625516407e-05,0.0043895477925231,6.0063391983647375e-05,0.0764877413463955,0.0009395603405946,100,0.0006006339198364,0.0043524402397265,0.0037075394263592,0.0051608556389248,0.0093956034059464,0.0747693721692057,0.0660329203588403,0.0898057527225565,0.6939984686847911,0.000146856730267677,0.8043519903016726,0.00027163297460335066,463.9153369289277,1.0065418244012676,0.9956104522074767,6.006339198364747e-05,0.9948391443610751,0.9962924605736406,0.852984930639733,0.0024979348169446836,0.8168923235390178,0.880391784267169,1.007386915456773,0.0007509643286645447,0.9980947041362646,1.0171619700265997,0.723953900165963,0.001700540950214565,0.700323979537483,0.7430344483778399
fixed,0.0908517575651688,12.55985636118279,1736.3449650425118,1000,10000,False,E_acc,100.0,0.1,0.1090154400223362,0.0090664845140299,0.0010644433212805,0.0014932706793009,0.99093351548597,0.9990017562684322,1.0326258075958372,,0.0015666776635046,1.6928635208664383e-05,0.0088642210457668,0.0001186202459609,0.0019198212558591,0.0001694093010734,100,0.0011862024596092,0.0088003606416942,0.0071903837459428,0.0104229091715381,0.0016940930107342,0.0014663036320601,6.852636416545883e-05,0.0043915435840848,1.033430705932231,0.0002341458224949586,0.9985837444341594,1.468181522977879e-05,361.9312592868403,1.0170741795530749,0.991135778954233,0.0001186202459609218,0.9895770908284619,0.9928096162540571,0.9982772555694592,0.00014719023415499653,0.996137401871473,0.9999323870160727,1.0177617686824116,0.0010863509141712008,1.0048433373461014,1.0320235052174835,1.0369664449514615,0.002364089940669025,1.0043103832476894,1.0662668542994276
DE_gen_CV,0.0908517575651688,12.55985636118279,1736.3449650425118,1000,10000,False,E_acc,43.13283884815644,0.0431328388481564,0.0505376612657082,0.0066382656058855,0.1235139497184604,0.1235691221165337,0.9933617343941143,0.7063546856778017,0.6485544854199154,,0.1235612663348799,0.0001204902533738,0.0064135262039652,9.599423020799996e-05,0.1046523665660543,0.0012517614192324,100,0.00095994230208,0.0062641283349012,0.0052792233017125,0.007676105077864,0.0125176141923249,0.1023804835796783,0.0884627051125725,0.122607268343064,0.6488287133556067,0.00017117152594847018,0.7047395941162465,0.000446614864745909,426.1545136374774,1.0076365118364252,0.9935864737960348,9.59942302079999e-05,0.9923238949221359,0.9947207766982873,0.7696065941560191,0.004065373228849608,0.7096677405726102,0.8207838661565506,1.0089286533800397,0.0010523811780743261,0.9960725902994174,1.023046365709175,0.6770774316055369,0.001942042524624667,0.6498469605656615,0.7025732012022865
fixed,0.1778279410038923,17.571870987632057,1736.3449650425118,1000,10000,False,E_acc,100.0,0.1,0.1090154400223362,0.0108096417325424,0.0251322875643605,0.0254184241830512,0.9891903582674576,0.9645058761332476,0.8414683389213357,,0.0254313047714001,7.798647842817671e-05,0.0104648022423289,0.0001659444820222,0.0212089319994419,0.0007445493541345,100,0.0016594448202225,0.0102891363828888,0.0082752056537143,0.0127012297429944,0.0074454935413454,0.0202604343477835,0.0120462611801694,0.0320045881603155,0.8420629170322194,0.0002438806923320555,0.9635332016078102,0.0001341370140577412,345.8260045619785,1.0152273016857203,0.9895351977576711,0.00016594448202225562,0.9872987702570055,0.9917247943462856,0.9704126866060778,0.0012146250000234658,0.9525300354049947,0.9848002956701088,1.0169117142590658,0.0015079214779030268,0.9983619090361502,1.0376358619481119,0.856652573738755,0.0025828638551285274,0.8211018946245349,0.8902449988453403
DE_gen_CV,0.1778279410038923,17.571870987632057,1736.3449650425118,1000,10000,False,E_acc,61.71404481657319,0.0617140448165731,0.0697854945686528,0.0097334473920392,0.1570850217144055,0.1572307933041354,0.9902665526079608,0.5689285116715983,0.6036604716730799,,0.1572520774410375,0.0001618099786384,0.0093349364939152,0.0001529351416009,0.137543685647943,0.0016645346589711,100,0.0015293514160092,0.0090908066519537,0.0074451531784286,0.0112579978232244,0.0166453465897111,0.1355046082400238,0.116732454902577,0.1595363300596625,0.6038782059062148,0.00020361813496273419,0.5650843753005746,0.0007489642234911352,382.40756080051153,1.0087154904479454,0.9906650635060846,0.00015293514160092314,0.9887420021767755,0.9925548468215712,0.6489465117693252,0.0067327675831002996,0.5576990413016221,0.7306639446931397,1.0107637861108183,0.0014774120076548988,0.9931172163993803,1.0313856526053853,0.6298111830581334,0.002256137441019455,0.600580011531931,0.6583389556371343
fixed,0.3480700588428413,24.58393162522664,1736.3449650425118,1000,10000,False,E_acc,100.0,0.1,0.1090154400223362,0.0142215961880388,0.1461804554416124,0.1465608471147235,0.9857784038119612,0.6168365573037169,0.6176644726923582,,0.146635588602249,0.0002007974153142,0.0136226981232764,0.0002452447488337,0.1306262197359786,0.0020143113626297,100,0.002452447488337,0.0132129409333672,0.0104778929664223,0.0166420927617724,0.0201431136262978,0.1292494326816241,0.1051236370844703,0.1560404247452741,0.6178002065969772,0.0002612168132609597,0.61038064787643,0.0008789012459574096,322.9971725999129,1.0116316746825378,0.9863773018767236,0.0002452447488337035,0.9833579072382275,0.9895221070335776,0.6746111390171248,0.007886694592263098,0.573657647280618,0.7698029893034036,1.0148641164834098,0.002089670794568332,0.9884463540924658,1.0441108639940622,0.6396530953933602,0.0028003031516842013,0.6049810434034922,0.6757722455285791
DE_gen_CV,0.3480700588428413,24.58393162522664,1736.3449650425118,1000,10000,False,E_acc,89.0534473759071,0.089053447375907,0.0978378175018775,0.0141377824816648,0.1926159344998323,0.1929848179238184,0.9858622175183352,0.3882398143765461,0.5611196808925782,,0.1930735579137428,0.0002202464321325,0.0135068061342078,0.0002428568592141,0.173228930413703,0.0022286058480714,100,0.0024285685921419,0.0130371925919311,0.0105468645021167,0.0164949245707631,0.0222860584807149,0.1727230643888569,0.1463672484403641,0.2035985465840544,0.5611807744877291,0.00024983091206614216,0.37867513537737324,0.001286596076977934,331.11169492205437,1.0096837121980662,0.986493193865792,0.00024285685921419516,0.9835050754292368,0.9894531354978832,0.4840232703576032,0.011423306722208277,0.32395364451206826,0.6160413963429936,1.0130061456026207,0.0020773292546116475,0.9870583800309655,1.042017116247497,0.5846521100005073,0.002687533296335586,0.5487810442126857,0.6174206047672287
fixed,0.6812920690579622,34.39415726300309,1736.3449650425118,1000,10000,False,E_acc,100.0,0.1,0.1090154400223362,0.0208999572003147,0.3525980509133724,0.3533298939551961,0.9791000427996852,-1.1369746412849042,0.4062003276243978,,0.3535644393606857,0.000331655505959,0.0198387719219953,0.0003850244622383,0.3275852723779411,0.0033117239683597,100,0.003850244622383,0.0191743168491942,0.015419137974816,0.024539331210588,0.0331172396835971,0.3255713548410668,0.2880888745651556,0.3745158783059094,0.4059194857833123,0.0002779448244620176,-1.1949795026481742,0.005271997736131333,290.83969836307654,1.0046670109338656,0.9801612280780045,0.00038502446223830544,0.975460668789412,0.9845808620251839,-0.8351169880184675,0.044778968436164523,-1.487455736296915,-0.34244454841653466,1.0103271449752986,0.0028754666076846753,0.9732100667751169,1.0508191080790708,0.42837215017839425,0.0028900275876300044,0.38802297624235255,0.4632626553069549
DE_gen_CV,0.6812920690579622,34.39415726300309,1736.3449650425118,1000,10000,False,E_acc,130.22475288674366,0.1302247528867436,0.1397758450431737,0.0202963587988003,0.2276310256618973,0.2284639652440703,0.9797036412011996,0.1674588888392878,0.5228930668478006,,0.2286722092505539,0.0003041780469338,0.0193890794428374,0.0003851070618915,0.2090184217879003,0.0030040533094848,100,0.0038510706189158,0.0190248355422246,0.0147237712524975,0.024175663997345,0.0300405330948488,0.2062542617288865,0.1697702964461547,0.2486819404871015,0.5226615597766564,0.0003164444175993926,0.143657888339073,0.0022550719797243355,273.7923631678825,1.0104207109454555,0.9806109205571626,0.0003851070618915876,0.975824336002655,0.9852762287475025,0.27327802223006786,0.019781685538473304,0.010474272494616731,0.5089177961383937,1.0158797227783873,0.0029255446513719256,0.9781844094126364,1.0572979901546926,0.5439821364745258,0.003281613814558547,0.5013209988013732,0.5879680880743335
fixed,1.333521432163324,48.11915652329192,1736.3449650425118,1000,10000,False,E_acc,100.0,0.1,0.1090154400223362,0.0339717922415007,0.5727210302503638,0.5736176728952679,0.9660282077584992,-8.681808888234118,0.2432166556732609,,0.5739751512288482,0.0004059200188492,0.032054708802488,0.0006430897022618,0.5468723082650115,0.0039987804054302,100,0.0064308970226183,0.0306090498564072,0.0251069624736207,0.0406776709522897,0.039987804054303,0.545015458877557,0.4962423606576601,0.6021584275296318,0.24277462535911395,0.00026721825353286316,-9.187431978429375,0.03227497246346082,245.69085068373437,0.9913086462472332,0.9679452911975123,0.0006430897022618374,0.9593223290477102,0.9748930375263791,-7.436482027361734,0.2566447297119417,-10.999818367596035,-4.680991927633919,1.0007548050228616,0.0038949518067244635,0.9516462247902853,1.0533459099532876,0.2609787305114094,0.002696558803107956,0.22401139611960003,0.2955555454602221
DE_gen_CV,1.333521432163324,48.11915652329192,1736.3449650425118,1000,10000,False,E_acc,194.02996611138903,0.194029966111389,0.2044127014891475,0.0287381878804244,0.2591816749919878,0.2608857097667056,0.9712618121195756,-0.075514464752489,0.4909011147213266,,0.2612757179340793,0.0004234231639958,0.0275687453826238,0.0006116432600846,0.2417086684222497,0.0040559698586634,100,0.0061164326008467,0.0270738845003246,0.0205544601745739,0.0354032220370336,0.0405596985866342,0.2379223424993049,0.1927612905947709,0.2978630258609284,0.4902033560411368,0.0004109209535626388,-0.13318446337051187,0.003996990199143078,212.13643198989112,1.010803194445951,0.9724312546173762,0.0006116432600846743,0.9645967779629663,0.9794455398254259,0.025082842312019644,0.034618426468198335,-0.4436505178953297,0.3874001825270387,1.0198364365017558,0.004129387929741708,0.9670878751836159,1.0767399409336185,0.5100485719484356,0.004090228035038097,0.4542317399512242,0.5609555441836261
fixed,2.6101572156825386,67.32112104993318,1736.3449650425118,1000,10000,False,E_acc,100.0,0.1,0.1090154400223362,0.0595578411283285,0.7461018642819514,0.7468537930719501,0.9404421588716716,-39.20356932234795,0.1362281179142543,,0.7472346449335676,0.0003972677819737,0.0560339642503787,0.0011344341278059,0.7253836313553947,0.0038844100551304,100,0.0113443412780599,0.0535003241252454,0.0441850304200203,0.0697990714126275,0.0388441005513048,0.7215051556446642,0.674946374370263,0.7765116647701814,0.13582205025533545,0.00022941861961220755,-43.573580940754326,0.21010560094585828,182.41079998160487,0.9661638227273096,0.9439660357496211,0.0011344341278059936,0.9302009285873725,0.9558149695799796,-35.165507776640496,1.5313176611370218,-54.019631412498036,-20.195499023705274,0.9812872443311774,0.005110481138502613,0.9188807708560199,1.0543262311555293,0.14860641393383367,0.0022754574649131816,0.11880106058343141,0.17844882003727464
DE_gen_CV,2.6101572156825386,67.32112104993318,1736.3449650425118,1000,10000,False,E_acc,296.9043962439486,0.2969043962439486,0.3082042710407008,0.040053144338738,0.2831887521555555,0.2864442336664488,0.959946855661262,-0.2938135057870994,0.4678451802759317,,0.2870834774748835,0.000589671833608,0.0387828184042521,0.0009743990350446,0.2671533411441988,0.0054662064596533,100,0.0097439903504469,0.0386037545447646,0.0278826844326451,0.0505222025504305,0.0546620645965334,0.2606648594262701,0.2038806717692859,0.3329312882874191,0.4664621500181339,0.0005436439889023711,-0.42784450515339933,0.007132844241035652,148.68916304549413,1.0108105805971321,0.961217181595748,0.0009743990350446957,0.9494777974495694,0.9721173155673548,-0.23436251202159336,0.06143229485535785,-0.8611366927033792,0.32216762828063306,1.0258422374399507,0.005853294626259112,0.9519027302613461,1.1089894315008886,0.48572655531049397,0.005199228022911435,0.42300468887916837,0.5484743997934854
fixed,5.108969774506934,94.18563555298384,1736.3449650425118,1000,10000,False,E_acc,100.0,0.1,0.1090154400223362,0.1096384836377024,0.8589564112436853,0.8594582337693374,0.8903615163622975,-159.30137834350688,0.0732009865975874,,0.8597939373665234,0.0003374346114378,0.1030653862901753,0.0020846908786901,0.8444513223847652,0.0032897584897216,100,0.0208469087869015,0.0985991307232915,0.0817522733020393,0.1293244960771934,0.0328975848972166,0.8406696842990531,0.802081586376756,0.8867559409568705,0.07289523204542561,0.0001817878768892469,-201.2554968782713,1.8127950513639932,93.79660459477066,0.920464134678681,0.8969346137098246,0.0020846908786901533,0.8706755039228063,0.9182477266979606,-155.2412922510156,10.304022734093284,-259.692967157608,-72.58188215489766,0.9431990877147247,0.006300353537227641,0.864682437445542,1.0430044603564594,0.08123178801680077,0.0017874281336411816,0.05832280687426833,0.10441007581256076
DE_gen_CV,5.108969774506934,94.18563555298384,1736.3449650425118,1000,10000,False,E_acc,473.6510454190378,0.4736510454190378,0.4859988046096297,0.0548171921082286,0.2922370287506231,0.2982333022837078,0.9451828078917712,-0.384629075160934,0.4594104803544346,,0.2991883022047888,0.0008181685592997,0.0539246214033823,0.0015534634926296,0.278393682975537,0.0073609737845641,100,0.0155346349262967,0.0526487369339354,0.0373533825120877,0.0715352527103865,0.0736097378456417,0.2669753476854534,0.1949042094818391,0.3685002388194252,0.4570710449316999,0.0007342911468683677,-0.6788048042964165,0.013024734180153548,84.66814268736462,1.0109104666899533,0.9460753785966177,0.0015534634926296707,0.9284647472896134,0.9626466174879121,-0.4482089597369012,0.11717124797394322,-1.3865254041597739,0.375195621110318,1.0361657675720526,0.008372776843291223,0.9332282017379556,1.1607178130626912,0.47672092035391217,0.0067962317101006075,0.3929589692619222,0.5585205485492052
fixed,10.0,131.77044300762262,1736.3449650425118,1000,10000,False,E_acc,100.0,0.1,0.1090154400223362,0.2076634176650467,0.9246476493724816,0.9249426982224602,0.7923365823349533,-625.610070306507,0.0384139927325888,,0.9252102993875828,0.0002643107543206,0.195256015537004,0.0039346843950265,0.915097474353723,0.0025745501887204,100,0.0393468439502657,0.185012329703604,0.1546715963362292,0.2471424400178056,0.0257455018872044,0.9136767867539568,0.8810235584677135,0.9466027993671524,0.038201772229748014,0.00013732557469101,-7595.054496467314,2956.8069061730635,2.4465750122747068,0.8424664443709151,0.804743984462996,0.0039346843950265695,0.7528575599821943,0.8453284036637708,-781.1698525665768,105.28713470423925,-1291.3707383955766,-232.92274227803395,0.8728284327197293,0.00693091451927601,0.784595235351957,0.9607130141074496,0.0434862706256966,0.0013444982248472363,0.027064861943226992,0.06137147395908192
DE_gen_CV,10.0,131.77044300762262,1736.3449650425118,1000,10000,False,E_acc,810.1522070003349,0.8101522070003349,0.8237777571214764,0.0734071159474287,0.2726746533483465,0.2836564821558645,0.9265928840525712,-0.1943203245721037,0.4778174137829312,,0.284982448449703,0.0011237353889539,0.0739920146770943,0.0024792450089279,0.2633365868909136,0.0099120564480521,100,0.0247924500892795,0.069720013627456,0.0483598066678502,0.1024753255930131,0.0991205644805219,0.2502240264334536,0.1451774635000556,0.392702476219646,0.47427181326589046,0.0010242048124567828,-0.8031322624828858,0.03131976591875894,23.218427560525384,1.0131630513360244,0.9260079853229055,0.0024792450089279514,0.8975246744069868,0.9516401933321498,-0.5821655531187352,0.29774856474667316,-1.8175470054086038,0.6210672916430245,1.0565450383865285,0.012223361448501505,0.9088755304900826,1.2479313939184005,0.495272414175395,0.009313100905203429,0.37334112537239444,0.61898046127191
Gaussian_acc_oracle,0.0,0.0,1736.3449650425118,1000,10000,False,,0.0005997939022825,5.997939022825432e-07,0.0024133205915031,5.674064875639241e-05,2.5138257535396486e-10,2.51382575353965e-10,0.9999432593512436,0.9999999997486254,1.0000158550488916,1.9100677010649134e-06,1.7692597369199072e-06,2.7757159226289497e-08,6.021912502588997e-05,3.99591562734605e-07,2.838506978358863e-09,1.0459599626874426e-10,100,3.9959156273460496e-06,5.986492305465452e-05,5.59396144502805e-05,6.581080001900559e-05,1.0459599626874424e-09,2.6233277149808327e-09,1.8792707929484963e-09,3.756723446906602e-09,1.0000196138452577,1.4695356058397427e-05,0.9999982307928497,2.776305000170013e-08,636.2496640921978,1.00083414400414,0.9999397808749739,3.995915627344153e-07,0.999934189199981,0.9999440603855497,0.9999999971618091,1.0457577452369137e-10,0.999999996243737,0.9999999981208921,1.0006010282660167,7.816873282706854e-06,1.0005068922318918,1.0006889734210758,1.0000525927731854,8.558012787146042e-07,1.0000433505493804,1.0000612911312652
Gaussian_acc_oracle,1e-06,0.0416694728193495,1736.3449650425118,1000,10000,False,,0.0419916155980476,4.199161559804761e-05,0.0024902029491523,5.9265599448442784e-05,3.1388562365646904e-10,2.0172600029596363e-08,0.9999407344005516,0.9999999996861256,1.0000177168175377,1.9996558860460565e-06,1.8521996175112685e-06,2.9065290965255664e-08,6.633086215191115e-05,4.3495466322087786e-07,1.9017642051137482e-07,2.6103904644732134e-08,100,4.349546632208777e-06,6.610652326977832e-05,6.079287847823006e-05,7.28383464960769e-05,2.610390464473213e-07,8.753367293682071e-08,1.954335855418084e-09,5.134668498196893e-07,1.0000215929522132,1.5035599971500644e-05,0.9999981478796443,2.9070805826180922e-08,635.4852732134141,1.000859054991145,0.9999336691378482,4.34954663221048e-07,0.9999271616535039,0.9999392071215218,0.9999998096146744,2.6154577148516705e-08,0.9999994857964649,0.9999999980455182,1.0006488439737804,1.0480066858046178e-05,1.0005119363015524,1.0007622743364146,0.9998114070254701,3.951845374705985e-05,0.9992834429124648,1.000327235495921
Gaussian_acc_oracle,1.9573417814876616e-06,0.0582976890378464,1736.3449650425118,1000,10000,False,,0.0796005211476594,7.960052114765941e-05,0.0025589079692133,6.154936012483797e-05,3.7292532271787655e-10,3.9096086433986286e-08,0.9999384506398752,0.9999999996270892,1.0000193112744975,2.0809260766963263e-06,1.927510622141498e-06,3.025315557359207e-08,7.070854524109894e-05,4.6343428989366053e-07,2.6952261561406204e-07,3.5053079025218426e-08,100,4.634342898936604e-06,7.045058906275724e-05,6.466237133447395e-05,7.736406854048812e-05,3.505307902521844e-07,1.52449341626539e-07,5.047657085225641e-09,7.389925216499759e-07,1.0000232988359956,1.533800108959229e-05,0.9999980725936898,3.0258298885193774e-08,634.811725688284,1.0008812523588322,0.9999292914547588,4.63434289892867e-07,0.9999226359314596,0.9999353376286656,0.9999997303521453,3.51024477482198e-08,0.9999992622765038,0.999999994952917,1.0006892486410928,1.189072329544282e-05,1.0005309923816277,1.0008300964739856,0.9999530543769807,5.196334412118154e-05,0.9993406619465082,1.0006453266954531
Gaussian_acc_oracle,3.831186849557285e-06,0.0815614001618772,1736.3449650425118,1000,10000,False,,0.1486000637827988,0.0001486000637827,0.0026824144098763,6.571836827385194e-05,4.858773579132526e-10,7.575606647860639e-08,0.9999342816317262,0.999999999514144,1.0000220426259303,2.2298514165711657e-06,2.065689781773812e-06,3.24326750953808e-08,7.787231951434176e-05,5.104442577663123e-07,5.084906850455349e-07,6.521423153610696e-08,100,5.104442577663125e-06,7.747457989734836e-05,7.126343086182836e-05,8.497645014497675e-05,6.521423153610695e-07,2.004953927587912e-07,8.033032004411066e-09,1.569277486579465e-06,1.0000262459195066,1.587784884458564e-05,0.9999979344626493,3.2437057441491336e-08,633.6224061007022,1.0009210058917433,0.9999221276804856,5.10444257766194e-07,0.9999150235498551,0.9999287365691382,0.9999994920758459,6.51020743869263e-08,0.9999984346468354,0.9999999919681622,1.000754553868921,1.388344123645205e-05,1.0005750343234965,1.0009198155662697,1.0002337110776336,6.770925792277592e-05,0.9995353214707124,1.0010598262943142
Gaussian_acc_oracle,7.498942093324558e-06,0.1141085025179519,1736.3449650425118,1000,10000,False,,0.2704552693509314,0.0002704552693509,0.0028936620072444,7.303325079047056e-05,6.971350616403245e-10,1.4625330936726257e-07,0.9999269667492096,0.9999999993029016,1.0000264033153532,2.492837826350149e-06,2.31022946655289e-06,3.628963615678542e-08,8.924778553515795e-05,5.868379524115051e-07,1.2555967227426252e-06,1.57380108357426e-07,100,5.8683795241080605e-06,8.836482553043216e-05,8.190083852906273e-05,9.716091242354623e-05,1.5738010835742594e-06,6.366997261310031e-07,1.3765930968212022e-08,3.3025258611691426e-06,1.0000310207336447,1.6790693295688982e-05,0.9999976900151926,3.629240990966563e-08,631.6474699481697,1.0009885682696193,0.9999107522144651,5.868379524114292e-07,0.9999028390875765,0.9999180991614709,0.9999987481895958,1.566524107447338e-07,0.9999967094447632,0.9999999862313157,1.0008543123196518,1.663320606154494e-05,1.0006585463882158,1.0010466386945664,1.0007138899517654,8.680396231652768e-05,0.9998252432549704,1.001817285209335
Gaussian_acc_oracle,1.4677992676220704e-05,0.1596435362934769,1736.3449650425118,1000,10000,False,,0.4761009495637145,0.0004761009495637,0.0032345050005755,8.530369553358811e-05,1.079758940172608e-09,2.804069165504001e-07,0.9999146963044664,0.999999998920312,1.0000328596856372,2.9384651643003564e-06,2.7260382553566485e-06,4.2845983856850724e-08,0.0001067418468642,7.093839018387741e-07,3.2549757620443016e-06,3.582941861910636e-07,100,7.093839018374389e-06,0.00010562304539,9.88926881404638e-05,0.000116715084531,3.5829418619106355e-06,1.9620238369660585e-06,2.2486913439217259e-07,7.761081186206874e-06,1.0000382613270262,1.8238153516949428e-05,0.9999972743840245,4.284524842944822e-08,628.6011730074019,1.0010964740093733,0.9998932581531357,7.093839018389993e-07,0.999883284915469,0.9999011073118595,0.9999967611178837,3.5572095419315007e-07,0.9999922819816057,0.9999997753445138,1.000999015377972,2.040607057402275e-05,1.000767733247666,1.0012621472610819,1.0014379879030983,0.00010950607900597074,1.0000182137519145,1.0027858701247752
Gaussian_acc_oracle,2.8729848333536687e-05,0.2233493396013774,1736.3449650425118,1000,10000,False,,0.8078003271510301,0.000807800327151,0.0037544296007349,0.0001050628049111,1.7484658280986e-09,5.324175375026849e-07,0.9998949371950888,0.9999999982516804,1.0000418146604446,3.666726525248203e-06,3.409000954025903e-06,5.360544692757613e-08,0.0001329640177516,9.029134149312564e-07,7.606433873963735e-06,7.281010187372738e-07,100,9.029134149318344e-06,0.0001317792116898,0.0001225316248731,0.0001454560531137,7.281010187372739e-06,5.37233536508383e-06,5.106497757835121e-07,1.773797338409383e-05,1.0000486724756539,2.0393611621356195e-05,0.9999965917672189,5.359695856522423e-08,624.2359398750275,1.0012586007330724,0.9998670359822482,9.029134149305701e-07,0.9998545439468861,0.9998774683751268,0.9999924480887882,7.206158211085131e-07,0.9999824105002517,0.9999994900802283,1.0011999005122114,2.5606364506898588e-05,1.0009319269884736,1.0014926992067696,1.0023945883322405,0.00013752430797295902,1.0005742152863675,1.0042116464598652
Gaussian_acc_oracle,5.623413251903491e-05,0.312476963731664,1736.3449650425118,1000,10000,False,,1.32252567129128,0.0013225256712912,0.0045129272622482,0.0001359534550148,2.876782997041485e-09,9.992051676941625e-07,0.9998640465449852,0.9999999971235256,1.00005363565043,4.828498761672066e-06,4.505681729244118e-06,7.084970682183981e-08,0.0001716660541098,1.2046048407212683e-06,1.544030732218432e-05,1.3520869841993995e-06,100,1.2046048407218414e-05,0.0001704365512519,0.0001579824675806,0.0001888717040047,1.3520869841993992e-05,1.2176975025005236e-05,1.5127670764401051e-06,3.516249016779089e-05,1.0000631302113616,2.3443347958505168e-05,0.9999954957677739,7.082438593225075e-08,618.3562073969817,1.001490173826342,0.9998283339458901,1.2046048407211872e-06,0.9998111282959952,0.9998420175324193,0.9999847118258649,1.3330955876661651e-06,0.9999652508425938,0.9999984909473995,1.001469563395542,3.282543011993678e-05,1.0011455885949543,1.0018461530112717,1.0035240466221806,0.00017469750846377702,1.0012299363171853,1.0059297967614451
Gaussian_acc_oracle,0.0001100694171252,0.4371709942694524,1736.3449650425118,1000,10000,False,,2.0977299184592275,0.0020977299184592,0.0055865122034435,0.0001834218158778,4.7104758575102755e-09,1.8516801435760847e-06,0.9998165781841222,0.9999999952901708,1.000068632906521,6.661183171112105e-06,6.248904850805821e-06,9.816649588419772e-08,0.0002284218621256,1.6731244392918405e-06,2.761834627111944e-05,2.3447893150048707e-06,100,1.673124439291836e-05,0.0002277396365537,0.0002119132983368,0.0002506384284035,2.3447893150045704e-05,2.0042133715924644e-05,4.763295550327466e-06,6.0010389719758136e-05,1.000082767604824,2.7605480494617863e-05,0.9999937538949399,9.810617171557263e-08,610.6020649388008,1.0018088585924336,0.9997715781378743,1.6731244392914576e-06,0.9997493615715964,0.9997880867016631,0.9999727411169999,2.301947199909149e-06,0.9999409086838273,0.9999952574423372,1.0018230518513358,4.291083751041572e-05,1.0014047571672582,1.0023917606500232,1.0047524617838288,0.00022546144073041946,1.0021819835842478,1.0077466107449273
Gaussian_acc_oracle,0.0002154434690031,0.6116242168643903,1736.3449650425118,1000,10000,False,,3.2396622471526526,0.0032396622471526,0.0070787693919721,0.0002557787547255,7.551228539429917e-09,3.3871933849970807e-06,0.9997442212452744,0.9999999924500836,1.0000868978051474,9.547012916380924e-06,9.01560106640381e-06,1.4130372338438636e-07,0.0003115999141154,2.403995562187785e-06,4.459601764351604e-05,3.832285264274091e-06,100,2.40399556218738e-05,0.0003117248110445,0.0002868450507225,0.0003429456597046,3.832285264272733e-05,3.823812385101578e-05,6.020947680742676e-06,0.0001059242276122,1.0001089594326336,3.3154519811249886e-05,0.9999909898709887,1.4117454037715602e-07,600.8568762568096,1.0022360883933088,0.9996884000858844,2.4039955621874556e-06,0.9996570543402953,0.9997131549492775,0.9999561445719474,3.744953976278109e-06,0.9998962229041323,0.9999940085247767,1.0022789791346847,5.706149976515598e-05,1.0016391394767579,1.003160103927854,1.0060077476522544,0.0002930678169930273,1.0024527929463505,1.0102919465317959
Gaussian_acc_oracle,0.0004216965034285,0.8556930527381014,1736.3449650425118,1000,10000,False,,4.894766810462239,0.0048947668104622,0.0091328774988573,0.0003657578401938,1.1656695891957624e-08,6.1151362215980655e-06,0.999634242159806,0.9999999883458208,1.0001079661793897,1.4104129643355044e-05,1.3417149043988052e-05,2.0952744946010002e-07,0.0004337552775733,3.5526078258160603e-06,6.629509522894824e-05,5.920612500545946e-06,100,3.5526078258159066e-05,0.0004305192044497,0.0003974336869763,0.0004742993981556,5.920612500544599e-05,5.532347972945324e-05,5.3237100939224185e-06,0.0001564658635338,1.0001431734074373,4.044172292530325e-05,0.9999865935631926,2.0927000925731474e-07,588.8849056737523,1.002797971565385,0.9995662447224265,3.552607825816284e-06,0.9995257006018443,0.9996025663130236,0.9999350666684574,5.757148347062554e-06,0.999847376852618,0.9999947007801635,1.0028604881661027,7.69626554170535e-05,1.0019597178958548,1.0040789913363004,1.00721294405911,0.0003796400904458351,1.002307055187852,1.0125079637782026
Gaussian_acc_oracle,0.000825404185268,1.197157634238341,1736.3449650425118,1000,10000,False,,7.265687924647341,0.0072656879246473,0.011948131326029,0.0005328034186803,1.69721762819621e-08,1.089030522612069e-05,0.9994671965813196,0.999999983032245,1.000130277305322,2.132204045467944e-05,2.043510322111213e-05,3.177628195267575e-07,0.0006136455706665,5.368459752237628e-06,9.200027895353552e-05,8.657180409119805e-06,100,5.368459752237777e-05,0.0006080300332421,0.0005507017511748,0.0006782483207411,8.65718040911764e-05,7.844767041583894e-05,3.2369722868636608e-06,0.0002299779701628,1.0001866409806133,4.99056225214775e-05,0.999979585695385,3.1727808538124326e-07,574.3796446191695,1.0035255608861682,0.9993863544293334,5.3684597522380595e-06,0.9993217516792589,0.9994492982488251,0.9999102702290084,8.372785953427973e-06,0.9997768417961952,0.999996774665327,1.00359609390948,0.00010498742740243936,1.0022370051212321,1.0051616345887906,1.0082757493364902,0.00048733714579113525,1.001797975658612,1.0151649906350466
Gaussian_acc_oracle,0.0016155980984398,1.67488376425301,1736.3449650425118,1000,10000,False,,10.634641572184382,0.0106346415721843,0.0158035498054426,0.0007864137135266,2.2607984868374632e-08,1.910458789210895e-05,0.9992135862864732,0.9999999773988124,1.0001503595187156,3.274528428931404e-05,3.1609643839229504e-05,4.897885174426853e-07,0.0008791626262449,8.246673980899572e-06,0.0001205674411202,1.1993159514278233e-05,100,8.24667398089983e-05,0.0008718662657479,0.0007843034487531,0.0009790925782658,0.0001199315951427,9.549029236651875e-05,3.091130254605283e-06,0.0002730712493886,1.0002397196857222,6.20649215582883e-05,0.9999684298912643,4.889269476994846e-07,556.9836938637297,1.0044543712395768,0.999120837373755,8.246673980899587e-06,0.9990209074217341,0.9992156965512469,0.9998829016645223,1.152949949376748e-05,0.9997357354434494,0.9999969197191563,1.0045204274599653,0.00014448743242999736,1.0025803775890858,1.0065615468611366,1.0090887388798173,0.0006192392424105632,0.9999117395824325,1.0165244587009268
Gaussian_acc_oracle,0.0031622776601683,2.343246656521626,1736.3449650425118,1000,10000,False,,15.398869155392685,0.0153988691553926,0.0210935235670715,0.0011709298299015,2.6108620381646706e-08,3.292944321387082e-05,0.9988290701700984,0.9999999738998148,1.0001615816214229,5.06888473399154e-05,4.926935648769472e-05,7.624695516743687e-07,0.0012715686956757,1.280398812791044e-05,0.0001512540209873,1.5792514612987722e-05,100,0.0001280398812791,0.0012664714484372,0.0011199729557291,0.0014354035906513,0.0001579251461298,0.000114803667887,5.700767119367715e-06,0.0003670067545244,1.0003006561794128,7.748563876963614e-05,0.9999508025458304,7.610831915831176e-07,536.2957906754365,1.005622974034704,0.9987284313043243,1.2803988127910607e-05,0.9985645964093486,0.9988800270442707,0.9998536378118249,1.5080160663309586e-05,0.9996466614297159,0.9999942719042858,1.005674874134086,0.00020019897919046313,1.0031243215834602,1.0083797276093727,1.0095440417637322,0.0007795705098273155,0.9981272990175166,1.0191572351570324
Gaussian_acc_oracle,0.0061896581889126,3.278319970907745,1736.3449650425118,1000,10000,False,,22.126357489563944,0.0221263574895639,0.028383788564427,0.0017521640253184,2.3187653047970008e-08,5.557835596693087e-05,0.9982478359746816,0.9999999768194072,1.0001522749258676,7.845367372456431e-05,7.677336932052158e-05,1.190505506257666e-06,0.0018514982830871,1.99867639588377e-05,0.0001852431443223,1.999654463386585e-05,100,0.0001998676395883,0.0018357222583234,0.0016115927771285,0.0021191412285132,0.0001999654463386,0.0001208653046813,3.497289166846049e-06,0.0004271069042101,1.0003633198419692,9.67304395140142e-05,0.9999233459745316,1.1888363559912304e-06,511.8855761500366,1.0070704947896676,0.9981485017169129,1.9986763958837856e-05,0.9978808587714867,0.9983884072228714,0.9998211490191323,1.8967167465804655e-05,0.9995900175064466,0.999996491383907,1.0071081656834546,0.00027881692661145595,1.0037343467625868,1.0107609967832116,1.0095594160160906,0.000973698093512509,0.9963403686754555,1.0206651913634708
Gaussian_acc_oracle,0.0121152765862859,4.586534585141047,1736.3449650425118,1000,10000,False,,31.645907722491163,0.0316459077224911,0.0385018045576943,0.002626117690748,1.0633604781527982e-08,9.159230276880368e-05,0.997373882309252,0.999999989368588,1.0001031193715144,0.0001205693750614,0.0001187856440479,1.851271445313243e-06,0.0027071521055299,3.122127002661173e-05,0.0002276071066785,2.5078888931913813e-05,100,0.0003122127002661,0.0026744862003102,0.0023095827284815,0.0031363137300021,0.0002507888893191,0.000161724001953,4.763500433993906e-06,0.0005562384295567,1.0004134488793885,0.00012033744930730222,0.9998813745992585,1.8516554286361087e-06,483.3222091768006,1.0088329154401223,0.9972928478944703,3.122127002661165e-05,0.9968636862699979,0.9976904172715184,0.9997801382970767,2.372302089558624e-05,0.9994667983177123,0.999995257231106,1.008877175021776,0.0003898217613178167,1.0039998325379698,1.0140046685352058,1.0091090293779488,0.0012086919654632892,0.9933200865211725,1.0224297511004763
Gaussian_acc_oracle,0.0237137370566165,6.41679265214314,1736.3449650425118,1000,10000,False,,45.19536116664976,0.0451953611666497,0.0526852729720433,0.0039296412933267,2.5356021098557557e-10,0.0001473885576546,0.9960703587066732,0.9999999997464316,0.9999840764259356,0.0001833642236106,0.0001818500855674,2.8522866608902817e-06,0.0039648273654125,4.862607134079383e-05,0.0002893814614188,3.258766692950544e-05,100,0.0004862607134079,0.0039297074051023,0.003308385219044,0.0046158044480351,0.000325876669295,0.0001976022123293,5.966968041603214e-06,0.0006550854428999,1.000423291345152,0.00014892727149327077,0.9998182397850652,2.8650440781030247e-06,450.227523409906,1.0109381651853444,0.9960351726345874,4.862607134079387e-05,0.9953841955519648,0.996691614780956,0.999719330076219,3.110970896992025e-05,0.9993746486778989,0.9999940606553777,1.0110484942696543,0.0005466773132878784,1.0040994560468086,1.0182577601181995,1.0082496035397515,0.0014951960205795622,0.9873548945975603,1.0245669034451204
Gaussian_acc_oracle,0.0464158883361278,8.977415775734741,1736.3449650425118,1000,10000,False,,64.66830490782726,0.0646683049078272,0.0728290394886731,0.0058521283511974,6.16525306505745e-08,0.0002329595722526,0.9941478716488024,0.9999999383168414,0.9997517007236204,0.000276838225309,0.0002761588882995,4.35409775977009e-06,0.0058012557906706,7.533120773448914e-05,0.0003899973354806,4.475877855355504e-05,100,0.0007533120773448,0.0057499995709803,0.0047793952846182,0.0067562511429271,0.0004475877855355,0.0002306280499533,4.414947665224832e-06,0.0009666686288237,1.0003452162477713,0.0001835765997341262,0.9997234028660698,4.4142538860905445e-06,412.03619896337176,1.0134001032161686,0.9941987442093293,7.533120773448805e-05,0.9932437488570729,0.9952206047153818,0.9996192877049179,4.363832311869675e-05,0.9990907499290329,0.9999956035562452,1.0137019988135636,0.0007685558175211662,1.0042974463017027,1.0236001110678874,1.0071322521492363,0.0018508210429248324,0.980506267086873,1.0298083801281879
Gaussian_acc_oracle,0.0908517575651688,12.55985636118279,1736.3449650425118,1000,10000,False,,93.02952168267808,0.093029521682678,0.1019006482139247,0.0086461768474841,4.240400430963883e-07,0.0003667851762232,0.991353823152516,0.9999995754071612,0.9993488164290336,0.0004200074566411,0.0004205081795193,6.6437493076251246e-06,0.0084562513218632,0.0001160043852379,0.0005615355605894,6.399962475777077e-05,100,0.0011600438523791,0.0084080459011831,0.0068256270762132,0.0099562883824067,0.0006399962475776,0.0003151722294068,1.375794964034783e-05,0.0014879591346557,1.0001063388997056,0.00022657548669917195,0.9995770760949634,6.849952422813913e-06,368.29958173289504,1.016211965996543,0.9915437486781368,0.0001160043852379174,0.9900437116175932,0.9931743729237867,0.9994486883090444,6.336383973340886e-05,0.9985872902043466,0.9999861471771634,1.016938759691661,0.0010828229071383959,1.0041611819344238,1.0312805182610916,1.0059985876078705,0.0023040423574339037,0.9731541416494257,1.0349725561073309
Gaussian_acc_oracle,0.1778279410038923,17.571870987632057,1736.3449650425118,1000,10000,False,,135.02779527860315,0.1350277952786031,0.1446533128601825,0.0126337032058051,1.6578299179919927e-06,0.000587313023292,0.9873662967941949,0.999998337892687,0.998712432557886,0.000653264335962,0.0006536533131627,1.0319735041477272e-05,0.012243552450096,0.0001777622127505,0.0008572141668525,9.778860855646224e-05,100,0.0017776221275057,0.0121253461989586,0.009827465528232,0.0146696822898372,0.0009778860855646,0.000536207373131,1.962219680504572e-05,0.0023263456899544,0.9996096241086467,0.00028245849361212337,0.9993377433419397,1.0913265765272872e-05,319.69945772207654,1.019341506014875,0.9877564475499041,0.00017776221275057517,0.9853303177101627,0.9901725344717679,0.999156456621402,9.601222091774189e-05,0.9976792156279014,0.9999805505163485,1.0208977457839155,0.0015286866871143134,1.0014988217198817,1.0420593209238795,1.0051787637317127,0.0028961740227997483,0.9644409839046526,1.0430960952769348
Gaussian_acc_oracle,0.3480700588428413,24.58393162522664,1736.3449650425118,1000,10000,False,,198.4598599986868,0.1984598599986867,0.208890476103356,0.0182021314039062,4.827105690648184e-06,0.0009744814881648,0.9817978685960936,0.9999951516132468,0.9978029324792697,0.0010621481851935,0.0010556501755743,1.6651121775518797e-05,0.0175580070021396,0.0002715824792244,0.0013660809769184,0.0001672884045595,100,0.0027158247922441,0.0175529288882256,0.0142200546907548,0.0211465446357673,0.0016728840455953,0.0006815825293024,5.1655184426850256e-05,0.0041020818808635,0.9987496283783905,0.00035873166513023295,0.998917319070292,1.820880363972096e-05,267.65273160915655,1.0227356255527045,0.9824419929978603,0.0002715824792244101,0.9788534553642326,0.9857799453092451,0.9986574538936233,0.0001612753751334674,0.9957330594712402,0.9999477085174198,1.0257912377181544,0.0021627697538868125,0.9976558645861262,1.056567876685999,1.005116392563567,0.0036789100055352095,0.9622466896185574,1.052214096571621
Gaussian_acc_oracle,0.6812920690579622,34.39415726300309,1736.3449650425118,1000,10000,False,,296.52925850995814,0.2965292585099581,0.3078263590653194,0.0257804829836521,1.1240790866133505e-05,0.0016871571725591,0.974219517016348,0.999988683453718,0.9966472711314314,0.001823056568086,0.0017877065236505,2.8247676863184963e-05,0.0248747833556547,0.0004138097631289,0.0022381136641057,0.0003035946764258,100,0.0041380976312898,0.0248267254454123,0.0197199074116862,0.0305286444396899,0.0030359467642589,0.0008756440659069,4.153577152506359e-05,0.0062639212030518,0.9974227956024517,0.00046630638885828654,0.9981296749750995,3.241690144125246e-05,213.66309878223248,1.026359943824195,0.9751252166443451,0.0004138097631289854,0.96947135556031,0.9802800925883137,0.9978053947776531,0.00028963419561109247,0.9935032376468338,0.9999580218505929,1.031988992755047,0.003067975996738489,0.992319409570543,1.0757494967807755,1.0063724715159328,0.0047113716620774135,0.9418254344845107,1.0715415568224194
Gaussian_acc_oracle,1.333521432163324,48.11915652329192,1736.3449650425118,1000,10000,False,,452.4713779912053,0.4524713779912053,0.4647142741198235,0.0357710341934806,2.265276875330486e-05,0.0030549564325612,0.9642289658065194,0.9999771300506096,0.995240507510952,0.003323223450469,0.0032005981661024,5.0961429608659135e-05,0.0347198514915931,0.00062733446513,0.0037538341267431,0.0005501208630661,100,0.0062733446513006,0.0350873381674404,0.0276806169532491,0.0425556467917397,0.0055012086306618,0.0012417334944697,2.316049331559474e-05,0.0114699752894369,0.9953918338375038,0.0006230194325789,0.9965332822791444,6.386063244407697e-05,159.32818826049285,1.0303413987582304,0.9652801485084069,0.0006273344651300649,0.9574443532082603,0.9723193830467507,0.996296723544734,0.0005378085935878764,0.9875148126921861,0.9999766556425322,1.0402407098752022,0.004368237102916657,0.9841909467484952,1.102719403618398,1.0093413035206134,0.006085729437018632,0.9287328796483989,1.0796109852419813
Gaussian_acc_oracle,2.6101572156825386,67.32112104993318,1736.3449650425118,1000,10000,False,,708.6064837951661,0.7086064837951661,0.7219038994501329,0.048402384163737,4.99509615057308e-05,0.0058432124248017,0.9515976158362628,0.99994933541526,0.9929324005839514,0.0064730526734906,0.0061341881053305,0.0001000996152574,0.0475693006769457,0.0009484539066549,0.0065584709703295,0.0010163619265026,100,0.009484539066549,0.047447683221311,0.037263510591109,0.058928762323215,0.0101636192650265,0.0024468988186865,9.96233824182428e-05,0.0172501658244,0.9918045199559324,0.0008606356453796998,0.9928716924527493,0.0001489953729479154,105.38548742595256,1.0353384942514983,0.9524306993230541,0.0009484539066549034,0.9410712376767849,0.9627364894088909,0.9932577683409276,0.0012658074475054297,0.9801735200489984,0.9998983563545022,1.052237087143748,0.006256129920288951,0.9718824738213614,1.1453283844396172,1.0132826651104911,0.008029014165111186,0.9099451353677096,1.101871193925637
Gaussian_acc_oracle,5.108969774506934,94.18563555298384,1736.3449650425118,1000,10000,False,,1142.4841819020703,1.1424841819020706,1.1569892901031822,0.0635826788001776,0.0001536020526816,0.0116423283257036,0.9364173211998224,0.9998425186046432,0.9876063704798932,0.0130289024366495,0.0122514702599527,0.0002065697140349,0.0637341043787254,0.0014664124727387,0.0121545840467971,0.0019581638325548,100,0.014664124727387,0.0619462698169326,0.0482718766636879,0.0803380660693524,0.0195816383255488,0.0056269726996421,0.0003817800120822,0.026348339536511,0.9849842332905341,0.001211691559903872,0.9836324599503757,0.00041705288207437687,59.93356705931218,1.0432124427862517,0.9362658956212745,0.0014664124727387037,0.9196619339306475,0.9517281233363121,0.9858293730325143,0.004117537446500933,0.9740997325987987,0.9996327138203824,1.071789575325765,0.00905724281345149,0.9589127500674786,1.2109294464051426,1.0153288153812858,0.010972698656948427,0.8661117253118583,1.1433046301403078
Gaussian_acc_oracle,10.0,131.77044300762262,1736.3449650425118,1000,10000,False,,1889.0844810758824,1.8890844810758824,1.9050112395868275,0.0812245469923206,0.0005391828778157,0.0222923088488183,0.9187754530076794,0.9994348771701652,0.9767796882489542,0.0247868677670874,0.023311340767983,0.0003929055024902,0.0836996414221298,0.0024291507924121,0.0230469768545961,0.0037506283053684,100,0.0242915079241214,0.0780640652406716,0.0596580772047076,0.1143497595724087,0.0375062830536849,0.0141759943891193,0.0013502333647505,0.0486323733620666,0.9741833272534195,0.0016627086913949681,0.9611390278263738,0.0013404711438154717,26.070792134204368,1.0576035532291832,0.9163003585778701,0.0024291507924121456,0.8856502404275913,0.9403419227952923,0.9645611010849457,0.015615397118619293,0.9435715454828225,0.9986541583860488,1.106719928401269,0.013402465514805815,0.9458778198435841,1.3171798698315462,1.012157012589973,0.015208710920836444,0.8401906587069503,1.1923395352871218
