policy,ratio,sigma,S,n,d,boundary,acc_objective,alpha,lam,kappa,E_gen,E_acc,E_acc_corrected,R2_gen,R2_acc,slope_acc,selection_risk,acc_distribution,acc_distribution_se,E_gen_mc,E_gen_mc_se,E_acc_mc,E_acc_mc_se,trials,E_gen_mc_std,E_gen_mc_median,E_gen_mc_q10,E_gen_mc_q90,E_acc_mc_std,E_acc_mc_median,E_acc_mc_q10,E_acc_mc_q90
fixed,0.0,0.0,1736.3449650425118,1000,10000,False,E_acc,100.0,0.1,0.1090154400223362,0.0072456539055468,0.1252433052270465,0.1252433052270466,0.9927543460944532,0.9316744603821348,1.3538973088722863,,0.125503228170463,7.550636311661211e-05,0.0072577897365925,4.102368091740883e-05,0.1090989652056604,0.0007485299545882,100,0.0004102368091740935,0.0072264620824502995,0.00676203606669928,0.007765296318179481,0.007485299545882378,0.10885281778124409,0.10073985462267349,0.11949050034603154
DE_gen_CV,0.0,0.0,1736.3449650425118,1000,10000,True,E_acc,9.999999999999996e-06,9.999999999999997e-09,0.0024122148634681,5.671668049584467e-05,6.9941207313275e-14,6.994120743072062e-14,0.999943283319504,0.99999999999993,1.000000264464,,1.7686621350192525e-06,2.7756473567458e-08,6.012671695869858e-05,3.9893883893815153e-07,9.332336107608876e-13,6.161056035963771e-14,100,3.989388389381514e-06,5.9782447271073414e-05,5.586698731012895e-05,6.570559677559501e-05,6.161056035963771e-13,7.772285760341469e-13,5.421584126876097e-13,1.2861065910066088e-12
fixed,1e-06,0.0416694728193495,1736.3449650425118,1000,10000,False,E_acc,100.0,0.1,0.1090154400223362,0.0072456739473232,0.125240023635357,0.1252400485036214,0.9927543260526768,0.9316757826809204,1.3538926724804528,,0.1254999724601327,7.551013875585803e-05,0.0072574361911329,4.108303061333981e-05,0.1090981059116305,0.0007493770962168,100,0.00041083030613340004,0.007225628962524801,0.00675889213406248,0.0077671122890874906,0.007493770962168515,0.1087978396287574,0.10067788200330555,0.11945267192095248
DE_gen_CV,1e-06,0.0416694728193495,1736.3449650425118,1000,10000,True,E_acc,9.999999999999996e-06,9.999999999999997e-09,0.0024122148634681,5.759170300052749e-05,1.2616998951941883e-06,1.2816230743047864e-06,0.9999424082969994,0.9999987354609028,0.9988767458456812,,3.091206714878429e-06,4.4635352686912336e-08,6.332750641066881e-05,4.0538273586529314e-07,5.03774787059397e-05,4.445540718289128e-06,100,4.0538273586529315e-06,6.332899314415806e-05,5.777363308917504e-05,6.864896764189837e-05,4.445540718287872e-05,3.9429099721583636e-05,2.1430634714863736e-05,8.523585706696579e-05
fixed,1.9573417814876616e-06,0.0582976890378464,1736.3449650425118,1000,10000,False,E_acc,100.0,0.1,0.1090154400223362,0.0072456931341531,0.1252368820918594,0.1252369307666095,0.9927543068658468,0.9316770485608076,1.3538882338985847,,0.1254968556924945,7.551375280531333e-05,0.0072573056702441,4.110739977075463e-05,0.1090962334632379,0.0007497263150791,100,0.00041107399770755104,0.0072253054603251005,0.00675764692449145,0.00776792909751157,0.007497263150791531,0.10877367048020234,0.10065811062699628,0.11943578338003871
DE_gen_CV,1.9573417814876616e-06,0.0582976890378464,1736.3449650425118,1000,10000,True,E_acc,9.999999999999996e-06,9.999999999999997e-09,0.0024122148634681,5.8429398604002337e-05,4.82453611259037e-06,4.863495068837072e-06,0.999941570601396,0.999995154199834,0.997803517331598,,6.713166220680778e-06,7.372993974218876e-08,6.643372380017994e-05,4.383909460172257e-07,0.0001880336771724,1.624888160642007e-05,100,4.383909460172258e-06,6.675970490737351e-05,6.098438024472094e-05,7.210443733448151e-05,0.00016248881606419852,0.0001462805686525,7.915441782112467e-05,0.0003096983236537001
fixed,3.831186849557285e-06,0.0815614001618772,1736.3449650425118,1000,10000,False,E_acc,100.0,0.1,0.1090154400223362,0.0072457306893369,0.1252307331911687,0.1252308284606753,0.992754269310663,0.93167952628646,1.3538795461610755,,0.1254907552825276,7.552082524152684e-05,0.0072571331759551,4.114214808997645e-05,0.1090921496451651,0.0007502254985283,100,0.00041142148089976557,0.00722486143705325,0.006756031205289999,0.00776908166057025,0.00750225498528319,0.10874722569428524,0.1006680561160016,0.11941247883736314
DE_gen_CV,3.831186849557285e-06,0.0815614001618772,1736.3449650425118,1000,10000,True,E_acc,9.999999999999996e-06,9.999999999999997e-09,0.0024122148634681,6.006905520885218e-05,1.840836322593558e-05,1.848446902860137e-05,0.9999399309447912,0.9999814326522748,0.995709503149292,,2.041519580747624e-05,1.394265267632865e-07,7.253040018793822e-05,5.44721075029658e-07,0.0006935843517702,5.814411269961607e-05,100,5.44721075029658e-06,7.226777272315924e-05,6.584297617975024e-05,7.895819776055923e-05,0.0005814411269961598,0.0005499444660451,0.00029804485586847,0.001098999819478231
fixed,7.498942093324558e-06,0.1141085025179519,1736.3449650425118,1000,10000,False,E_acc,100.0,0.1,0.1090154400223362,0.0072458041976673,0.1252186983562161,0.1252188848173506,0.9927541958023328,0.9316843759123692,1.353862541612158,,0.1254788153447898,7.55346626958107e-05,0.0072569116384515,4.119204097862306e-05,0.1090835706552814,0.0007509444981213,100,0.0004119204097862291,0.0072242570056289,0.00675596286445178,0.00777071334988418,0.0075094449812139995,0.1087278077102139,0.10069272747061009,0.11939240835937713
DE_gen_CV,7.498942093324558e-06,0.1141085025179519,1736.3449650425118,1000,10000,True,E_acc,9.999999999999996e-06,9.999999999999997e-09,0.0024122148634681,6.327842358881698e-05,6.995422768225867e-05,7.010257030080303e-05,0.9999367215764112,0.9999288607507404,0.9916361356011556,,7.22018910736043e-05,2.8302473018135225e-07,8.44871099379787e-05,8.274917822713435e-07,0.0024930542106791,0.0001985577277648,100,8.27491782271008e-06,8.38100797739883e-05,7.537542840053517e-05,9.540120219059039e-05,0.001985577277648948,0.00200853126362525,0.0011000620787807798,0.0038419077711581537
fixed,1.4677992676220704e-05,0.1596435362934769,1736.3449650425118,1000,10000,False,E_acc,100.0,0.1,0.1090154400223362,0.0072459480785937,0.1251951446195562,0.125195509534664,0.9927540519214064,0.931693867789602,1.3538292591343404,,0.1254554472942676,7.556172542415948e-05,0.0072566404334734,4.1264336869132216e-05,0.1090659607457483,0.0007519903469314,100,0.00041264336869131925,0.00722344421881955,0.00675589860065735,0.00777303373769032,0.007519903469314224,0.10871840556106796,0.10069447324095944,0.11935821353749468
DE_gen_CV,1.4677992676220704e-05,0.1596435362934769,1736.3449650425118,1000,10000,True,E_acc,9.999999999999996e-06,9.999999999999997e-09,0.0024122148634681,6.956025441110739e-05,0.0002637747629957,0.000264062402992,0.9999304397455888,0.9997274438840996,0.9837588558594,,0.0002665294188779,6.063284423302756e-07,0.0001079232577083,1.4599240221553957e-06,0.0085371307994874,0.0006222595224962,100,1.4599240221537158e-05,0.00010499555583865,9.301018762109575e-05,0.00012828119082320004,0.006222595224962859,0.0070638854939188995,0.0039230617202589,0.013183528519557211
fixed,2.8729848333536687e-05,0.2233493396013774,1736.3449650425118,1000,10000,False,E_acc,100.0,0.1,0.1090154400223362,0.0072462297027424,0.1251490516695634,0.1251497657299129,0.9927537702972576,0.9317124447288614,1.353764118685832,,0.12540971756526,7.561461266586047e-05,0.0072563368258782,4.137033793652267e-05,0.1090303529115568,0.0007535304847538,100,0.00041370337936522496,0.0072239151013969004,0.00675587005205896,0.00777635361892761,0.0075353048475382085,0.10869395586565245,0.10061764581807985,0.11929841205962023
DE_gen_CV,2.8729848333536687e-05,0.2233493396013774,1736.3449650425118,1000,10000,True,E_acc,9.999999999999996e-06,9.999999999999997e-09,0.0024122148634681,8.185594434381348e-05,0.0009798779344375,0.00098042831712,0.9999181440556562,0.9989557702301144,0.9686969979963967,,0.0009837521693195,1.3755687560877875e-06,0.0001538416700965,2.750039800782162e-06,0.0269216911113118,0.0016947057532914,100,2.7500398007818348e-05,0.00014773976636340002,0.00012593190359681998,0.00019082421378603006,0.01694705753291466,0.02299683542548745,0.01328836014039758,0.04114425990430237
fixed,5.623413251903491e-05,0.312476963731664,1736.3449650425118,1000,10000,False,E_acc,100.0,0.1,0.1090154400223362,0.0072467809374554,0.1250588694057997,0.1250602662876719,0.9927532190625444,0.9317487988359138,1.3536366347054554,,0.1253202453682918,7.571781113311215e-05,0.0072560604727824,4.152807248977901e-05,0.1089590815456311,0.0007558322490992,100,0.00041528072489778613,0.0072273603451498,0.00675595021300554,0.0077811422465431,0.007558322490992904,0.1086376467141544,0.1005554349183235,0.11919136336369766
DE_gen_CV,5.623413251903491e-05,0.312476963731664,1736.3449650425118,1000,10000,False,E_acc,0.0670088426085858,6.700884260858583e-05,0.0025360208236793,0.000105678536248,0.0027820999761966,0.0027831208653884,0.999894321463752,0.9968994446799084,0.9472543842940794,,0.0027881224566365,2.84749075920948e-06,0.0001493384252099,9.889986817346774e-07,0.0087035834467767,0.0001300297097041,100,9.889986817346601e-06,0.00014859825692515,0.00013782569936305,0.00016228299649517,0.001300297097041688,0.008688170746416701,0.0070773978541237605,0.01065460807458829
fixed,0.0001100694171252,0.4371709942694524,1736.3449650425118,1000,10000,False,E_acc,100.0,0.1,0.1090154400223362,0.0072478598921906,0.1248824950753978,0.1248852262716019,0.9927521401078092,0.9318199282336672,1.353387174463644,,0.1251452575165795,7.591858739402586e-05,0.0072559643284359,4.176701436915394e-05,0.108817448955052,0.0007593297024852,100,0.00041767014369154123,0.007223568779202549,0.00675629744261519,0.007788123530457091,0.00759329702485201,0.1085156443480768,0.10047440104901881,0.11911370522989354
DE_gen_CV,0.0001100694171252,0.4371709942694524,1736.3449650425118,1000,10000,False,E_acc,0.4249534679576583,0.0004249534679576,0.0031513022025788,0.0001441418794548,0.0038219301942801,0.0038237687573663,0.9998558581205452,0.9956577778289116,0.9381782385055214,,0.0038300774718422,3.9192164041983415e-06,0.0001784749457814,1.2007729766389837e-06,0.0046760245492733,6.436879349673273e-05,100,1.20077297663866e-05,0.00017717693907285,0.00016362732928006,0.00019242233092574003,0.000643687934967325,0.0046879180430734,0.00378262492184587,0.0054830249150988
fixed,0.0002154434690031,0.6116242168643903,1736.3449650425118,1000,10000,False,E_acc,100.0,0.1,0.1090154400223362,0.0072499717753742,0.1245378182073113,0.1245431526987178,0.9927500282246258,0.9319590454454304,1.3528991615282069,,0.1248032816432022,7.630696136601721e-05,0.0072563984010548,4.213646672176733e-05,0.1085375227514048,0.0007647331912878,100,0.0004213646672176709,0.0072301476344929,0.00675724336702247,0.00779844218472,0.007647331912878848,0.1081977762184563,0.1001474567198335,0.11921180864368892
DE_gen_CV,0.0002154434690031,0.6116242168643903,1736.3449650425118,1000,10000,False,E_acc,0.9660348324974672,0.0009660348324974,0.0039928176602942,0.0002022589044517,0.0053955391804267,0.0053987241347421,0.9997977410955482,0.9937150591799326,0.9265456660201268,,0.0054066311119347,5.540166888689723e-06,0.0002395363002106,1.7420089366703607e-06,0.0047711459064086,6.549013410348384e-05,100,1.7420089366703788e-05,0.00023809472346135002,0.00021865331549651002,0.00025973188714876,0.0006549013410348399,0.00479746858898125,0.00389520439787041,0.0056830746802445705
fixed,0.0004216965034285,0.8556930527381014,1736.3449650425118,1000,10000,False,E_acc,100.0,0.1,0.1090154400223362,0.007254105452567,0.1238652628327676,0.1238756607582527,0.9927458945474328,0.932230934173908,1.3519449713133682,,0.1241359644639503,7.704985933776883e-05,0.0072581186025279,4.27204469968802e-05,0.1079868863081627,0.0007731935621124,100,0.00042720446996880637,0.007243308626799149,0.00675946739984536,0.0078038785843577,0.007731935621124579,0.1078360150904174,0.09951773429078974,0.11916161543572233
DE_gen_CV,0.0004216965034285,0.8556930527381014,1736.3449650425118,1000,10000,False,E_acc,1.764987180185427,0.0017649871801854,0.0051335459628615,0.000289866232221,0.0077612724328085,0.0077665458103155,0.999710133767779,0.9906666689181186,0.9119019158391708,,0.0077762115037713,7.968588948505598e-06,0.0003316765371278,2.591580327145957e-06,0.0058625174614508,8.162015198595935e-05,100,2.5915803271459828e-05,0.00033019162450015,0.00030256119580013,0.00036224574031148006,0.0008162015198595901,0.0058134900090359,0.00482220243861497,0.00707277301500439
fixed,0.000825404185268,1.197157634238341,1736.3449650425118,1000,10000,False,E_acc,100.0,0.1,0.1090154400223362,0.0072621964716477,0.1225568361980273,0.1225770229742407,0.9927378035283524,0.9327615379479592,1.3500811851528547,,0.1228376084897985,7.844053264439439e-05,0.0072627036001729,4.3663717262766615e-05,0.1069093057468634,0.0007864910967176,100,0.000436637172627663,0.0072555299443024,0.00676601869893386,0.0078377781338225,0.007864910967176255,0.10654453462897405,0.0979275415534452,0.11871514863985129
DE_gen_CV,0.000825404185268,1.197157634238341,1736.3449650425118,1000,10000,False,E_acc,2.9228799757517865,0.0029228799757517,0.0066726953931934,0.000421815119524,0.0112895846495507,0.0112978619604736,0.999578184880476,0.9858665481843866,0.8937475428540558,,0.0113091223620622,1.1563487112321735e-05,0.000467930032824,3.92011066802846e-06,0.0079458925441211,0.0001130847685592,100,3.920110668029019e-05,0.00046775235442465,0.00042241323661225,0.00051317124475006,0.0011308476855920893,0.0078017998489109,0.0064344230966717295,0.00946959135073548
fixed,0.0016155980984398,1.67488376425301,1736.3449650425118,1000,10000,False,E_acc,100.0,0.1,0.1090154400223362,0.0072780333613491,0.1200261832359246,0.1200650698979598,0.9927219666386508,0.9337940752551172,1.3464479516982668,,0.1203259952319569,8.093819759287525e-05,0.0072733820165384,4.521566432598188e-05,0.1048156055876494,0.0008070430876671,100,0.00045215664325981965,0.007294964302379451,0.00672298595097454,0.007875239337998259,0.008070430876671475,0.10415909965525355,0.0955337955848793,0.11618546191531524
DE_gen_CV,0.0016155980984398,1.67488376425301,1736.3449650425118,1000,10000,False,E_acc,4.5768714507960935,0.004576871450796,0.0087455467331825,0.0006204028416495,0.0164919318308796,0.016504111961639,0.9993795971583505,0.9782900945285502,0.8715790833591364,,0.0165161965622833,1.679876544862604e-05,0.0006689789398124,6.021058307830525e-06,0.0113847162747034,0.000164407966403,100,6.0210583078303327e-05,0.00066541335396035,0.00059602039766199,0.00073484139582011,0.0016440796640303952,0.01134999077622435,0.00918028402295962,0.0135585337793535
fixed,0.0031622776601683,2.343246656521626,1736.3449650425118,1000,10000,False,E_acc,100.0,0.1,0.1090154400223362,0.0073090315672506,0.1151874541544876,0.1152612326488409,0.9926909684327494,0.935791980044112,1.339392772690415,,0.1155221290499082,8.508212500879404e-05,0.0072966673212467,4.7799392540977616e-05,0.1007963068774009,0.0008369765565067,100,0.0004779939254097755,0.0073300619597577,0.00673753774475802,0.007935744166825189,0.008369765565067428,0.1007518859276075,0.09067024023501385,0.11183300815132594
DE_gen_CV,0.0031622776601683,2.343246656521626,1736.3449650425118,1000,10000,False,E_acc,6.914469100008366,0.0069144691000083,0.011537807724528,0.000918882461754,0.0240384002110225,0.0240549486414221,0.999081117538246,0.9663305073985882,0.8449567795386635,,0.0240661821067743,2.425826475133333e-05,0.0009657320542975,9.378024807867538e-06,0.0167900327482594,0.0002417984754466,100,9.378024807867795e-05,0.00096727603865035,0.0008559453506523301,0.00107422729656458,0.0024179847544662588,0.016765356800681752,0.013677138388487971,0.02004452728236403
fixed,0.0061896581889126,3.278319970907745,1736.3449650425118,1000,10000,False,E_acc,100.0,0.1,0.1090154400223362,0.0073697056508126,0.1061425085618194,0.106278409764357,0.9926302943491874,0.9396139716417362,1.3257951941969364,,0.1065372196318304,9.095482335000838e-05,0.0073455799488763,5.210939156316311e-05,0.0932501985883267,0.0008742282119993,100,0.0005210939156316295,0.007374175814684501,0.00669864297476283,0.00803623759900886,0.008742282119993883,0.09354996480329206,0.08270850147423742,0.10437701525379839
DE_gen_CV,0.0061896581889126,3.278319970907745,1736.3449650425118,1000,10000,False,E_acc,10.195185116287414,0.0101951851162874,0.0153074366309116,0.001366441643625,0.034743022343734,0.0347633877607227,0.9986335583563748,0.947514399929252,0.8136051976482874,,0.0347711016261607,3.460032794199221e-05,0.001403724977853,1.4778290833374153e-05,0.0250069712918931,0.0003520452467417,100,0.0001477829083337415,0.0013969202829757,0.00123098464264812,0.00159090553912829,0.003520452467417163,0.024864157010563902,0.020860832290819583,0.029610490403487563
fixed,0.0121152765862859,4.586534585141047,1736.3449650425118,1000,10000,False,E_acc,100.0,0.1,0.1090154400223362,0.0074884655696219,0.0899781517939687,0.0902146030386386,0.992511534430378,0.9467555071115484,1.2999635841130863,,0.0904643538065521,9.661837752304144e-05,0.0074459849700251,5.923332755333593e-05,0.0796811383585176,0.0009018095415604,100,0.0005923332755333623,0.00749589257159535,0.00668343533434541,0.008214135781782211,0.009018095415604277,0.0799665244023886,0.06845702154556464,0.0908971837093945
DE_gen_CV,0.0121152765862859,4.586534585141047,1736.3449650425118,1000,10000,False,E_acc,14.784849388818808,0.0147848493888188,0.0204192300126891,0.0020350853513723,0.0494852118164712,0.0495075792793967,0.9979649146486276,0.918149409189674,0.7775472818406768,,0.0495086624177411,4.850206538804114e-05,0.0020494394880792,2.349036234100451e-05,0.0370578904841943,0.0005013041554284,100,0.00023490362341004677,0.0020347250589307,0.00177777863767462,0.00234584915363777,0.005013041554284756,0.036464188061364894,0.03077055250622239,0.04365989942373195
fixed,0.0237137370566165,6.41679265214314,1736.3449650425118,1000,10000,False,E_acc,100.0,0.1,0.1090154400223362,0.0077209193206736,0.0636091950092672,0.0639782484404489,0.9922790806793264,0.9594335959764232,1.2522086338912035,,0.0642012061591053,9.523760892933633e-05,0.0076490402895059,7.080516438630899e-05,0.0573131744144201,0.0008674056692746,100,0.0007080516438630965,0.00770013464690575,0.0066939408986125,0.008589315710969811,0.008674056692746568,0.05764193639020185,0.04582809008566692,0.06742433965708401
DE_gen_CV,0.0237137370566165,6.41679265214314,1736.3449650425118,1000,10000,False,E_acc,21.21185264605383,0.0212118526460538,0.0274014209935748,0.0030287952546471,0.0690371356009689,0.0690599093264145,0.9969712047453528,0.8729858095896957,0.7372508123685843,,0.0690525272518387,6.666046494986397e-05,0.0029989898319335,3.753129457584504e-05,0.0539737691396088,0.0006947843245964,100,0.00037531294575845033,0.00300050676145065,0.00255324760289818,0.003455057481049111,0.006947843245964747,0.052978121934537,0.04555320918322162,0.06286336469106747
fixed,0.0464158883361278,8.977415775734741,1736.3449650425118,1000,10000,False,E_acc,100.0,0.1,0.1090154400223362,0.0081759107598705,0.0282944478895952,0.0287657180995741,0.9918240892401294,0.9792671154121364,1.1682095356678546,,0.0289292892367561,7.308422616652649e-05,0.008055622477493,8.928116950923334e-05,0.0267492503955268,0.0006651002770728,100,0.000892811695092333,0.00804005578432075,0.00680521322984911,0.00928617831964993,0.006651002770728648,0.02731068681092685,0.01860535826488844,0.034918273254289894
DE_gen_CV,0.0464158883361278,8.977415775734741,1736.3449650425118,1000,10000,False,E_acc,30.26112010172044,0.0302611201017204,0.0370399977043209,0.0044950604536204,0.0937993330028681,0.0938268281703019,0.9955049395463796,0.8050986929186565,0.6937332322910823,,0.0938135916388042,9.003046625516407e-05,0.0043895477925231,6.0063391983647375e-05,0.0764877413463955,0.0009395603405946,100,0.0006006339198364728,0.00435244023972655,0.00370753942635927,0.005160855638924881,0.009395603405946426,0.07476937216920575,0.06603292035884038,0.08980575272255652
fixed,0.0908517575651688,12.55985636118279,1736.3449650425118,1000,10000,False,E_acc,100.0,0.1,0.1090154400223362,0.0090664845140299,0.0010644433212805,0.0014932706793009,0.99093351548597,0.9990017562684322,1.0326258075958372,,0.0015666776635046,1.6928635208664383e-05,0.0088642210457668,0.0001186202459609,0.0019198212558591,0.0001694093010734,100,0.0011862024596092122,0.0088003606416942,0.007190383745942899,0.01042290917153811,0.0016940930107342616,0.00146630363206015,6.852636416545883e-05,0.004391543584084802
DE_gen_CV,0.0908517575651688,12.55985636118279,1736.3449650425118,1000,10000,False,E_acc,43.13283884815644,0.0431328388481564,0.0505376612657082,0.0066382656058855,0.1235139497184604,0.1235691221165337,0.9933617343941143,0.7063546856778017,0.6485544854199154,,0.1235612663348799,0.0001204902533738,0.0064135262039652,9.599423020799996e-05,0.1046523665660543,0.0012517614192324,100,0.0009599423020800009,0.00626412833490125,0.00527922330171259,0.00767610507786401,0.012517614192324996,0.1023804835796783,0.0884627051125725,0.122607268343064
fixed,0.1778279410038923,17.571870987632057,1736.3449650425118,1000,10000,False,E_acc,100.0,0.1,0.1090154400223362,0.0108096417325424,0.0251322875643605,0.0254184241830512,0.9891903582674576,0.9645058761332476,0.8414683389213357,,0.0254313047714001,7.798647842817671e-05,0.0104648022423289,0.0001659444820222,0.0212089319994419,0.0007445493541345,100,0.001659444820222551,0.01028913638288885,0.008275205653714389,0.01270122974299447,0.007445493541345484,0.020260434347783553,0.01204626118016942,0.032004588160315574
DE_gen_CV,0.1778279410038923,17.571870987632057,1736.3449650425118,1000,10000,False,E_acc,61.71404481657319,0.0617140448165731,0.0697854945686528,0.0097334473920392,0.1570850217144055,0.1572307933041354,0.9902665526079608,0.5689285116715983,0.6036604716730799,,0.1572520774410375,0.0001618099786384,0.0093349364939152,0.0001529351416009,0.137543685647943,0.0016645346589711,100,0.0015293514160092348,0.009090806651953751,0.007445153178428659,0.0112579978232244,0.016645346589711174,0.1355046082400238,0.116732454902577,0.1595363300596625
fixed,0.3480700588428413,24.58393162522664,1736.3449650425118,1000,10000,False,E_acc,100.0,0.1,0.1090154400223362,0.0142215961880388,0.1461804554416124,0.1465608471147235,0.9857784038119612,0.6168365573037169,0.6176644726923582,,0.146635588602249,0.0002007974153142,0.0136226981232764,0.0002452447488337,0.1306262197359786,0.0020143113626297,100,0.0024524474883370353,0.013212940933367251,0.010477892966422389,0.016642092761772462,0.02014311362629789,0.12924943268162414,0.10512363708447035,0.15604042474527413
DE_gen_CV,0.3480700588428413,24.58393162522664,1736.3449650425118,1000,10000,False,E_acc,89.0534473759071,0.089053447375907,0.0978378175018775,0.0141377824816648,0.1926159344998323,0.1929848179238184,0.9858622175183352,0.3882398143765461,0.5611196808925782,,0.1930735579137428,0.0002202464321325,0.0135068061342078,0.0002428568592141,0.173228930413703,0.0022286058480714,100,0.002428568592141958,0.01303719259193115,0.01054686450211671,0.01649492457076319,0.022286058480714913,0.17272306438885696,0.14636724844036414,0.20359854658405444
fixed,0.6812920690579622,34.39415726300309,1736.3449650425118,1000,10000,False,E_acc,100.0,0.1,0.1090154400223362,0.0208999572003147,0.3525980509133724,0.3533298939551961,0.9791000427996852,-1.1369746412849042,0.4062003276243978,,0.3535644393606857,0.000331655505959,0.0198387719219953,0.0003850244622383,0.3275852723779411,0.0033117239683597,100,0.0038502446223830527,0.01917431684919425,0.015419137974816019,0.024539331210588034,0.03311723968359716,0.32557135484106686,0.2880888745651556,0.37451587830590943
DE_gen_CV,0.6812920690579622,34.39415726300309,1736.3449650425118,1000,10000,False,E_acc,130.22475288674366,0.1302247528867436,0.1397758450431737,0.0202963587988003,0.2276310256618973,0.2284639652440703,0.9797036412011996,0.1674588888392878,0.5228930668478006,,0.2286722092505539,0.0003041780469338,0.0193890794428374,0.0003851070618915,0.2090184217879003,0.0030040533094848,100,0.003851070618915877,0.019024835542224602,0.014723771252497521,0.02417566399734502,0.030040533094848842,0.2062542617288865,0.1697702964461547,0.2486819404871015
fixed,1.333521432163324,48.11915652329192,1736.3449650425118,1000,10000,False,E_acc,100.0,0.1,0.1090154400223362,0.0339717922415007,0.5727210302503638,0.5736176728952679,0.9660282077584992,-8.681808888234118,0.2432166556732609,,0.5739751512288482,0.0004059200188492,0.032054708802488,0.0006430897022618,0.5468723082650115,0.0039987804054302,100,0.006430897022618373,0.03060904985640725,0.02510696247362078,0.04067767095228978,0.03998780405430301,0.545015458877557,0.49624236065766014,0.6021584275296318
DE_gen_CV,1.333521432163324,48.11915652329192,1736.3449650425118,1000,10000,False,E_acc,194.02996611138903,0.194029966111389,0.2044127014891475,0.0287381878804244,0.2591816749919878,0.2608857097667056,0.9712618121195756,-0.075514464752489,0.4909011147213266,,0.2612757179340793,0.0004234231639958,0.0275687453826238,0.0006116432600846,0.2417086684222497,0.0040559698586634,100,0.00611643260084674,0.0270738845003246,0.02055446017457396,0.03540322203703363,0.040559698586634295,0.23792234249930494,0.19276129059477098,0.2978630258609284
fixed,2.6101572156825386,67.32112104993318,1736.3449650425118,1000,10000,False,E_acc,100.0,0.1,0.1090154400223362,0.0595578411283285,0.7461018642819514,0.7468537930719501,0.9404421588716716,-39.20356932234795,0.1362281179142543,,0.7472346449335676,0.0003972677819737,0.0560339642503787,0.0011344341278059,0.7253836313553947,0.0038844100551304,100,0.011344341278059937,0.0535003241252454,0.04418503042002039,0.0697990714126275,0.03884410055130485,0.7215051556446642,0.674946374370263,0.7765116647701814
DE_gen_CV,2.6101572156825386,67.32112104993318,1736.3449650425118,1000,10000,False,E_acc,296.9043962439486,0.2969043962439486,0.3082042710407008,0.040053144338738,0.2831887521555555,0.2864442336664488,0.959946855661262,-0.2938135057870994,0.4678451802759317,,0.2870834774748835,0.000589671833608,0.0387828184042521,0.0009743990350446,0.2671533411441988,0.0054662064596533,100,0.009743990350446945,0.03860375454476465,0.027882684432645192,0.05052220255043053,0.0546620645965334,0.26066485942627016,0.20388067176928598,0.3329312882874191
fixed,5.108969774506934,94.18563555298384,1736.3449650425118,1000,10000,False,E_acc,100.0,0.1,0.1090154400223362,0.1096384836377024,0.8589564112436853,0.8594582337693374,0.8903615163622975,-159.30137834350688,0.0732009865975874,,0.8597939373665234,0.0003374346114378,0.1030653862901753,0.0020846908786901,0.8444513223847652,0.0032897584897216,100,0.020846908786901538,0.09859913072329154,0.08175227330203931,0.12932449607719348,0.03289758489721666,0.8406696842990531,0.802081586376756,0.8867559409568705
DE_gen_CV,5.108969774506934,94.18563555298384,1736.3449650425118,1000,10000,False,E_acc,473.6510454190378,0.4736510454190378,0.4859988046096297,0.0548171921082286,0.2922370287506231,0.2982333022837078,0.9451828078917712,-0.384629075160934,0.4594104803544346,,0.2991883022047888,0.0008181685592997,0.0539246214033823,0.0015534634926296,0.278393682975537,0.0073609737845641,100,0.015534634926296706,0.052648736933935444,0.037353382512087724,0.07153525271038656,0.07360973784564177,0.2669753476854534,0.19490420948183915,0.36850023881942523
fixed,10.0,131.77044300762262,1736.3449650425118,1000,10000,False,E_acc,100.0,0.1,0.1090154400223362,0.2076634176650467,0.9246476493724816,0.9249426982224602,0.7923365823349533,-625.610070306507,0.0384139927325888,,0.9252102993875828,0.0002643107543206,0.195256015537004,0.0039346843950265,0.915097474353723,0.0025745501887204,100,0.0393468439502657,0.18501232970360404,0.15467159633622926,0.24714244001780566,0.025745501887204442,0.9136767867539567,0.8810235584677135,0.9466027993671523
DE_gen_CV,10.0,131.77044300762262,1736.3449650425118,1000,10000,False,E_acc,810.1522070003349,0.8101522070003349,0.8237777571214764,0.0734071159474287,0.2726746533483465,0.2836564821558645,0.9265928840525712,-0.1943203245721037,0.4778174137829312,,0.284982448449703,0.0011237353889539,0.0739920146770943,0.0024792450089279,0.2633365868909136,0.0099120564480521,100,0.02479245008927951,0.06972001362745606,0.04835980666785021,0.10247532559301313,0.0991205644805219,0.25022402643345365,0.14517746350005564,0.39270247621964605
Gaussian_acc_oracle,0.0,0.0,1736.3449650425118,1000,10000,False,,0.0005997939022825,5.997939022825432e-07,0.0024133205915031,5.674064875639241e-05,2.5138257535396486e-10,2.51382575353965e-10,0.9999432593512436,0.9999999997486254,1.0000158550488916,1.9100677010649134e-06,1.7692597369199072e-06,2.7757159226289497e-08,6.021912502588997e-05,3.99591562734605e-07,2.838506978358863e-09,1.0459599626874426e-10,100,3.9959156273460496e-06,5.9864923054654516e-05,5.59396144502805e-05,6.581080001900559e-05,1.0459599626874424e-09,2.6233277149808327e-09,1.8792707929484963e-09,3.756723446906602e-09
Gaussian_acc_oracle,1e-06,0.0416694728193495,1736.3449650425118,1000,10000,False,,0.0419916155980476,4.199161559804761e-05,0.0024902029491523,5.9265599448442784e-05,3.1388562365646904e-10,2.017260002959636e-08,0.9999407344005516,0.9999999996861256,1.0000177168175377,1.9996558860460565e-06,1.8521996175112685e-06,2.9065290965255664e-08,6.633086215191115e-05,4.3495466322087786e-07,1.9017642051137476e-07,2.6103904644732134e-08,100,4.349546632208777e-06,6.610652326977832e-05,6.079287847823006e-05,7.28383464960769e-05,2.610390464473213e-07,8.753367293682071e-08,1.954335855418084e-09,5.134668498196893e-07
Gaussian_acc_oracle,1.9573417814876616e-06,0.0582976890378464,1736.3449650425118,1000,10000,False,,0.0796005211476594,7.960052114765941e-05,0.0025589079692133,6.154936012483797e-05,3.7292532271787655e-10,3.9096086433986286e-08,0.9999384506398752,0.9999999996270892,1.0000193112744975,2.0809260766963263e-06,1.927510622141498e-06,3.025315557359207e-08,7.070854524109894e-05,4.6343428989366053e-07,2.6952261561406204e-07,3.5053079025218426e-08,100,4.634342898936604e-06,7.045058906275724e-05,6.466237133447395e-05,7.736406854048812e-05,3.505307902521844e-07,1.52449341626539e-07,5.047657085225641e-09,7.389925216499759e-07
Gaussian_acc_oracle,3.831186849557285e-06,0.0815614001618772,1736.3449650425118,1000,10000,False,,0.1486000637827988,0.0001486000637827,0.0026824144098763,6.571836827385194e-05,4.858773579132526e-10,7.575606647860639e-08,0.9999342816317262,0.999999999514144,1.0000220426259303,2.2298514165711657e-06,2.065689781773812e-06,3.24326750953808e-08,7.787231951434176e-05,5.104442577663123e-07,5.084906850455349e-07,6.521423153610696e-08,100,5.104442577663125e-06,7.747457989734836e-05,7.126343086182836e-05,8.497645014497675e-05,6.521423153610695e-07,2.0049539275879113e-07,8.033032004411066e-09,1.569277486579465e-06
Gaussian_acc_oracle,7.498942093324558e-06,0.1141085025179519,1736.3449650425118,1000,10000,False,,0.2704552693509314,0.0002704552693509,0.0028936620072444,7.303325079047056e-05,6.971350616403246e-10,1.4625330936726257e-07,0.9999269667492096,0.9999999993029016,1.0000264033153532,2.492837826350149e-06,2.31022946655289e-06,3.628963615678542e-08,8.924778553515795e-05,5.868379524115051e-07,1.2555967227426252e-06,1.5738010835742598e-07,100,5.8683795241080605e-06,8.836482553043216e-05,8.190083852906273e-05,9.716091242354625e-05,1.5738010835742594e-06,6.366997261310031e-07,1.376593096821202e-08,3.3025258611691426e-06
Gaussian_acc_oracle,1.4677992676220704e-05,0.1596435362934769,1736.3449650425118,1000,10000,False,,0.4761009495637145,0.0004761009495637,0.0032345050005755,8.530369553358811e-05,1.079758940172608e-09,2.804069165504001e-07,0.9999146963044664,0.999999998920312,1.0000328596856372,2.9384651643003564e-06,2.7260382553566485e-06,4.2845983856850724e-08,0.0001067418468642,7.093839018387741e-07,3.2549757620443016e-06,3.582941861910636e-07,100,7.093839018374389e-06,0.00010562304539,9.88926881404638e-05,0.00011671508453109001,3.5829418619106355e-06,1.9620238369660585e-06,2.2486913439217256e-07,7.761081186206874e-06
Gaussian_acc_oracle,2.8729848333536687e-05,0.2233493396013774,1736.3449650425118,1000,10000,False,,0.8078003271510301,0.000807800327151,0.0037544296007349,0.0001050628049111,1.7484658280986e-09,5.324175375026849e-07,0.9998949371950888,0.9999999982516804,1.0000418146604446,3.666726525248203e-06,3.409000954025903e-06,5.360544692757613e-08,0.0001329640177516,9.029134149312564e-07,7.606433873963735e-06,7.281010187372738e-07,100,9.029134149318344e-06,0.00013177921168989998,0.00012253162487312001,0.00014545605311378,7.281010187372739e-06,5.37233536508383e-06,5.106497757835121e-07,1.773797338409383e-05
Gaussian_acc_oracle,5.623413251903491e-05,0.312476963731664,1736.3449650425118,1000,10000,False,,1.32252567129128,0.0013225256712912,0.0045129272622482,0.0001359534550148,2.876782997041485e-09,9.992051676941625e-07,0.9998640465449852,0.9999999971235256,1.00005363565043,4.828498761672066e-06,4.505681729244118e-06,7.084970682183981e-08,0.0001716660541098,1.2046048407212683e-06,1.544030732218432e-05,1.3520869841993995e-06,100,1.2046048407218414e-05,0.00017043655125199999,0.00015798246758066,0.00018887170400479003,1.3520869841993992e-05,1.2176975025005236e-05,1.5127670764401053e-06,3.516249016779089e-05
Gaussian_acc_oracle,0.0001100694171252,0.4371709942694524,1736.3449650425118,1000,10000,False,,2.0977299184592275,0.0020977299184592,0.0055865122034435,0.0001834218158778,4.7104758575102755e-09,1.8516801435760847e-06,0.9998165781841222,0.9999999952901708,1.000068632906521,6.661183171112105e-06,6.248904850805821e-06,9.816649588419772e-08,0.0002284218621256,1.6731244392918405e-06,2.761834627111944e-05,2.3447893150048707e-06,100,1.673124439291836e-05,0.00022773963655375,0.00021191329833687,0.00025063842840355,2.3447893150045704e-05,2.0042133715924644e-05,4.763295550327466e-06,6.0010389719758136e-05
Gaussian_acc_oracle,0.0002154434690031,0.6116242168643903,1736.3449650425118,1000,10000,False,,3.2396622471526526,0.0032396622471526,0.0070787693919721,0.0002557787547255,7.551228539429917e-09,3.3871933849970807e-06,0.9997442212452744,0.9999999924500836,1.0000868978051474,9.547012916380924e-06,9.01560106640381e-06,1.4130372338438636e-07,0.0003115999141154,2.403995562187785e-06,4.459601764351604e-05,3.832285264274091e-06,100,2.40399556218738e-05,0.00031172481104459995,0.00028684505072253,0.00034294565970469,3.832285264272733e-05,3.823812385101578e-05,6.0209476807426755e-06,0.00010592422761222
Gaussian_acc_oracle,0.0004216965034285,0.8556930527381014,1736.3449650425118,1000,10000,False,,4.894766810462239,0.0048947668104622,0.0091328774988573,0.0003657578401938,1.1656695891957624e-08,6.1151362215980655e-06,0.999634242159806,0.9999999883458208,1.0001079661793897,1.4104129643355044e-05,1.3417149043988052e-05,2.0952744946010002e-07,0.0004337552775733,3.5526078258160603e-06,6.629509522894824e-05,5.920612500545946e-06,100,3.5526078258159066e-05,0.0004305192044497,0.00039743368697639004,0.00047429939815561006,5.920612500544599e-05,5.532347972945324e-05,5.3237100939224185e-06,0.0001564658635338901
Gaussian_acc_oracle,0.000825404185268,1.197157634238341,1736.3449650425118,1000,10000,False,,7.265687924647341,0.0072656879246473,0.011948131326029,0.0005328034186803,1.69721762819621e-08,1.089030522612069e-05,0.9994671965813196,0.999999983032245,1.000130277305322,2.132204045467944e-05,2.043510322111213e-05,3.177628195267575e-07,0.0006136455706665,5.368459752237628e-06,9.200027895353552e-05,8.657180409119805e-06,100,5.368459752237777e-05,0.0006080300332421,0.0005507017511748,0.00067824832074114,8.65718040911764e-05,7.844767041583894e-05,3.2369722868636608e-06,0.00022997797016288001
Gaussian_acc_oracle,0.0016155980984398,1.67488376425301,1736.3449650425118,1000,10000,False,,10.634641572184382,0.0106346415721843,0.0158035498054426,0.0007864137135266,2.2607984868374632e-08,1.910458789210895e-05,0.9992135862864732,0.9999999773988124,1.0001503595187156,3.274528428931404e-05,3.1609643839229504e-05,4.897885174426853e-07,0.0008791626262449,8.246673980899572e-06,0.0001205674411202,1.1993159514278233e-05,100,8.24667398089983e-05,0.0008718662657479,0.0007843034487531,0.00097909257826589,0.00011993159514276083,9.549029236651877e-05,3.091130254605283e-06,0.0002730712493886001
Gaussian_acc_oracle,0.0031622776601683,2.343246656521626,1736.3449650425118,1000,10000,False,,15.398869155392685,0.0153988691553926,0.0210935235670715,0.0011709298299015,2.6108620381646706e-08,3.292944321387082e-05,0.9988290701700984,0.9999999738998148,1.0001615816214229,5.06888473399154e-05,4.926935648769472e-05,7.624695516743687e-07,0.0012715686956757,1.280398812791044e-05,0.0001512540209873,1.5792514612987722e-05,100,0.00012803988127910816,0.00126647144843725,0.0011199729557291802,0.00143540359065139,0.00015792514612985792,0.000114803667887,5.700767119367715e-06,0.00036700675452442006
Gaussian_acc_oracle,0.0061896581889126,3.278319970907745,1736.3449650425118,1000,10000,False,,22.126357489563944,0.0221263574895639,0.028383788564427,0.0017521640253184,2.3187653047970008e-08,5.557835596693087e-05,0.9982478359746816,0.9999999768194072,1.0001522749258676,7.845367372456431e-05,7.677336932052158e-05,1.190505506257666e-06,0.0018514982830871,1.99867639588377e-05,0.0001852431443223,1.999654463386585e-05,100,0.00019986763958837543,0.0018357222583234999,0.0016115927771285302,0.00211914122851324,0.00019996544633864175,0.00012086530468130001,3.497289166846049e-06,0.00042710690421016026
Gaussian_acc_oracle,0.0121152765862859,4.586534585141047,1736.3449650425118,1000,10000,False,,31.645907722491163,0.0316459077224911,0.0385018045576943,0.002626117690748,1.0633604781527982e-08,9.159230276880368e-05,0.997373882309252,0.999999989368588,1.0001031193715144,0.0001205693750614,0.0001187856440479,1.851271445313243e-06,0.0027071521055299,3.122127002661173e-05,0.0002276071066785,2.5078888931913813e-05,100,0.0003122127002661179,0.0026744862003102504,0.00230958272848157,0.00313631373000211,0.00025078888931912144,0.00016172400195300002,4.763500433993906e-06,0.0005562384295567602
Gaussian_acc_oracle,0.0237137370566165,6.41679265214314,1736.3449650425118,1000,10000,False,,45.19536116664976,0.0451953611666497,0.0526852729720433,0.0039296412933267,2.5356021098557557e-10,0.0001473885576546,0.9960703587066732,0.9999999997464316,0.9999840764259356,0.0001833642236106,0.0001818500855674,2.8522866608902817e-06,0.0039648273654125,4.862607134079383e-05,0.0002893814614188,3.258766692950544e-05,100,0.0004862607134079364,0.0039297074051023,0.0033083852190440304,0.00461580444803519,0.00032587666929503683,0.00019760221232935002,5.966968041603214e-06,0.0006550854428999101
Gaussian_acc_oracle,0.0464158883361278,8.977415775734741,1736.3449650425118,1000,10000,False,,64.66830490782726,0.0646683049078272,0.0728290394886731,0.0058521283511974,6.16525306505745e-08,0.0002329595722526,0.9941478716488024,0.9999999383168414,0.9997517007236204,0.000276838225309,0.0002761588882995,4.35409775977009e-06,0.0058012557906706,7.533120773448914e-05,0.0003899973354806,4.475877855355504e-05,100,0.0007533120773448906,0.00574999957098035,0.00477939528461822,0.0067562511429271,0.00044758778553554107,0.00023062804995335,4.414947665224832e-06,0.0009666686288237901
Gaussian_acc_oracle,0.0908517575651688,12.55985636118279,1736.3449650425118,1000,10000,False,,93.02952168267808,0.093029521682678,0.1019006482139247,0.0086461768474841,4.240400430963883e-07,0.0003667851762232,0.991353823152516,0.9999995754071612,0.9993488164290336,0.0004200074566411,0.0004205081795193,6.6437493076251246e-06,0.0084562513218632,0.0001160043852379,0.0005615355605894,6.399962475777077e-05,100,0.0011600438523791698,0.0084080459011831,0.0068256270762132,0.00995628838240676,0.0006399962475776955,0.00031517222940685,1.375794964034783e-05,0.0014879591346557304
Gaussian_acc_oracle,0.1778279410038923,17.571870987632057,1736.3449650425118,1000,10000,False,,135.02779527860315,0.1350277952786031,0.1446533128601825,0.0126337032058051,1.6578299179919927e-06,0.000587313023292,0.9873662967941949,0.999998337892687,0.998712432557886,0.000653264335962,0.0006536533131627,1.0319735041477272e-05,0.012243552450096,0.0001777622127505,0.0008572141668525,9.778860855646224e-05,100,0.001777622127505758,0.01212534619895865,0.009827465528232071,0.014669682289837251,0.0009778860855646132,0.0005362073731310501,1.962219680504572e-05,0.0023263456899544218
Gaussian_acc_oracle,0.3480700588428413,24.58393162522664,1736.3449650425118,1000,10000,False,,198.4598599986868,0.1984598599986867,0.208890476103356,0.0182021314039062,4.827105690648184e-06,0.0009744814881648,0.9817978685960936,0.9999951516132468,0.9978029324792697,0.0010621481851935,0.0010556501755743,1.6651121775518797e-05,0.0175580070021396,0.0002715824792244,0.0013660809769184,0.0001672884045595,100,0.002715824792244105,0.0175529288882256,0.01422005469075488,0.02114654463576735,0.0016728840455953976,0.0006815825293024,5.1655184426850256e-05,0.004102081880863531
Gaussian_acc_oracle,0.6812920690579622,34.39415726300309,1736.3449650425118,1000,10000,False,,296.52925850995814,0.2965292585099581,0.3078263590653194,0.0257804829836521,1.1240790866133505e-05,0.0016871571725591,0.974219517016348,0.999988683453718,0.9966472711314314,0.001823056568086,0.0017877065236505,2.8247676863184963e-05,0.0248747833556547,0.0004138097631289,0.0022381136641057,0.0003035946764258,100,0.00413809763128985,0.02482672544541235,0.019719907411686218,0.03052864443968991,0.0030359467642589832,0.00087564406590695,4.1535771525063585e-05,0.006263921203051801
Gaussian_acc_oracle,1.333521432163324,48.11915652329192,1736.3449650425118,1000,10000,False,,452.4713779912053,0.4524713779912053,0.4647142741198235,0.0357710341934806,2.265276875330486e-05,0.0030549564325612,0.9642289658065194,0.9999771300506096,0.995240507510952,0.003323223450469,0.0032005981661024,5.0961429608659135e-05,0.0347198514915931,0.00062733446513,0.0037538341267431,0.0005501208630661,100,0.006273344651300661,0.035087338167440446,0.02768061695324919,0.04255564679173973,0.005501208630661811,0.0012417334944697998,2.316049331559474e-05,0.011469975289436943
Gaussian_acc_oracle,2.6101572156825386,67.32112104993318,1736.3449650425118,1000,10000,False,,708.6064837951661,0.7086064837951661,0.7219038994501329,0.048402384163737,4.99509615057308e-05,0.0058432124248017,0.9515976158362628,0.99994933541526,0.9929324005839514,0.0064730526734906,0.0061341881053305,0.0001000996152574,0.0475693006769457,0.0009484539066549,0.0065584709703295,0.0010163619265026,100,0.009484539066549034,0.04744768322131105,0.037263510591109085,0.05892876232321507,0.010163619265026555,0.0024468988186865,9.96233824182428e-05,0.01725016582440005
Gaussian_acc_oracle,5.108969774506934,94.18563555298384,1736.3449650425118,1000,10000,False,,1142.4841819020703,1.1424841819020706,1.1569892901031822,0.0635826788001776,0.0001536020526816,0.0116423283257036,0.9364173211998224,0.9998425186046432,0.9876063704798932,0.0130289024366495,0.0122514702599527,0.0002065697140349,0.0637341043787254,0.0014664124727387,0.0121545840467971,0.0019581638325548,100,0.014664124727387047,0.0619462698169326,0.04827187666368795,0.08033806606935245,0.01958163832554886,0.0056269726996421,0.0003817800120822,0.026348339536511098
Gaussian_acc_oracle,10.0,131.77044300762262,1736.3449650425118,1000,10000,False,,1889.0844810758824,1.8890844810758824,1.9050112395868275,0.0812245469923206,0.0005391828778157,0.0222923088488183,0.9187754530076794,0.9994348771701652,0.9767796882489542,0.0247868677670874,0.023311340767983,0.0003929055024902,0.0836996414221298,0.0024291507924121,0.0230469768545961,0.0037506283053684,100,0.024291507924121457,0.0780640652406716,0.05965807720470763,0.1143497595724087,0.03750628305368499,0.0141759943891193,0.00135023336475052,0.048632373362066654
