sigma,ratio,trials,boundary_fraction,E_gen_mc,E_gen_mc_se,E_gen_mc_median,E_gen_mc_q10,E_gen_mc_q90,E_acc_mc,E_acc_mc_se,E_acc_mc_median,E_acc_mc_q10,E_acc_mc_q90,R2_gen_mc,R2_gen_mc_se,R2_gen_mc_median,R2_gen_mc_q10,R2_gen_mc_q90,R2_acc_mc,R2_acc_mc_se,R2_acc_mc_median,R2_acc_mc_q10,R2_acc_mc_q90,slope_gen_mc,slope_gen_mc_se,slope_gen_mc_median,slope_gen_mc_q10,slope_gen_mc_q90,slope_acc_mc,slope_acc_mc_se,slope_acc_mc_median,slope_acc_mc_q10,slope_acc_mc_q90,lam_mc,lam_mc_se,lam_mc_median,lam_mc_q10,lam_mc_q90
0.0,0.0,100,1.0,6.0126716958679064e-05,3.989388389384298e-07,5.978244727109477e-05,5.586698731015578e-05,6.570559677553171e-05,9.332335894071046e-13,6.161056103539145e-14,7.772285538309589e-13,5.421584170772264e-13,1.2861065726633902e-12,0.9999398732830413,3.9893883893793104e-07,0.999940217552729,0.9999342944032245,0.9999441330126898,0.9999999999990666,6.161036424051363e-14,0.9999999999992228,0.9999999999987139,0.9999999999994579,1.0006012237523885,7.780401861070759e-06,1.0006042076599238,1.0005093498408426,1.0006887051210407,1.000000937649391,2.336517505093264e-08,1.0000008815962445,1.0000007363104675,1.0000011340662376,9.999999999999995e-09,3.3461103312930695e-25,9.999999999999999e-09,9.999999999999999e-09,9.999999999999999e-09
0.0416694728193495,1e-06,100,0.53,6.306504583681509e-05,4.054368247159161e-07,6.313507532930308e-05,5.757269109393657e-05,6.864896764180617e-05,3.035070344639861e-05,1.1723421462199283e-06,2.855803242915229e-05,1.595494128907241e-05,4.743622796223139e-05,0.9999369349541631,4.054368247153117e-07,0.9999368649246707,0.9999313510323582,0.999942427308906,0.9999692932554096,1.192456561883445e-06,0.9999711342713842,0.9999519035186396,0.9999839168304866,1.0005972055844368,1.1655197188740808e-05,1.0005943281164993,1.000450993590185,1.0007417717013796,0.994595998019561,0.00010765949135524036,0.9946560588169033,0.9931126582462426,0.996005644357084,1.269853546428917e-06,1.8800153043381415e-07,9.999999999999999e-09,9.999999999999999e-09,3.981071705534973e-06
0.0582976890378464,1.9573417814876616e-06,100,0.21,6.55957362261066e-05,4.1905612646184013e-07,6.557839929546166e-05,5.974218106448204e-05,7.106642099088331e-05,8.381079698221113e-05,3.266883248301317e-06,7.951514434516912e-05,4.49956778741e-05,0.00012230235684222848,0.9999344042637739,4.1905612646205406e-07,0.9999344216007046,0.9999289335790091,0.9999402578189355,0.9999145454751951,3.363653164266604e-06,0.9999190474822277,0.9998749468350188,0.9999543943420509,1.0005972577521463,1.3687109517698017e-05,1.0005978010918501,1.0004424447256335,1.0007720174941293,0.9910145360801397,0.00017616094360422364,0.9910830438117912,0.9889411799724372,0.9932928596843826,3.878494223190135e-06,3.992753161275895e-07,2.5118864315095793e-06,9.999999999999999e-09,1e-05
0.0815614001618772,3.831186849557285e-06,100,0.02,6.988147714716774e-05,4.4241463872726365e-07,6.992623125217321e-05,6.3515125978311e-05,7.589004107401568e-05,0.00017493543411621986,6.486033699829502e-06,0.0001626256867224851,0.00010229847214635965,0.00024256320950534683,0.999930118522853,4.424146387271761e-07,0.9999300737687478,0.999924109958926,0.9999364848740216,0.9998201049424885,6.7760410659853155e-06,0.9998331458213499,0.9997496996098739,0.9998956003303031,1.0006041535777301,1.645076882176788e-05,1.0005974734208924,1.0004180795945172,1.0008104540512428,0.9869807517696924,0.00023429692018159617,0.9872475406378538,0.9844264195553705,0.9898857684864628,1.152627608745307e-05,6.582989261049691e-07,1e-05,3.981071705534973e-06,2.1544346900318844e-05
0.1141085025179519,7.498942093324558e-06,100,0.0,7.690592139619358e-05,4.799441702248905e-07,7.658511445227264e-05,6.998253731056394e-05,8.339363024644212e-05,0.00034766810332009595,1.1501504848369673e-05,0.0003259776373594149,0.00023423732208641222,0.00046271741705343543,0.9999230940786038,4.799441702248513e-07,0.9999234148855478,0.9999166063697535,0.9999300174626894,0.999638455561102,1.2248365953652956e-05,0.999661924520516,0.9995167141966037,0.9997584243812995,1.0006220350228858,2.0160377588530365e-05,1.0006139039352977,1.0004060030377013,1.000871975852188,0.9815788087019028,0.00029003333975889493,0.9819452687469339,0.9784892071973963,0.9846954253850189,2.7123249027714815e-05,1.0508914498728706e-06,2.5118864315095795e-05,1.5623395123028554e-05,4.047123418342759e-05
0.1596435362934769,1.4677992676220704e-05,100,0.0,8.840581856196634e-05,5.457810212318509e-07,8.792931745883535e-05,8.127561830949799e-05,9.529045210351302e-05,0.000686986264569401,1.7870697628523743e-05,0.0006622202464706571,0.0004996773446488799,0.0009047633210430003,0.9999115941814383,5.45781021232122e-07,0.9999120706825412,0.9999047095478965,0.9999187243816905,0.9992745459082737,1.9424890521349186e-05,0.9993023346530319,0.9990382489762135,0.9994772113893798,1.0006572400844385,2.506552211063047e-05,1.0006365123541874,1.0003810926999128,1.0009389795012078,0.9740032575818947,0.00033568335572981857,0.9742664003288775,0.9699207671280026,0.9776466063312889,5.925112298613669e-05,1.734070954861203e-06,5.411695265464637e-05,3.9810717055349735e-05,8.576958985908937e-05
0.2233493396013774,2.8729848333536687e-05,100,0.0,0.00010680352387847977,6.613180182929042e-07,0.00010611976882980453,9.808808156483011e-05,0.00011451549802921585,0.0012810452301810526,3.398372798607977e-05,0.0012251086614438996,0.0008811093774538756,0.0018083420216621214,0.9998931964761216,6.613180182927478e-07,0.9998938802311702,0.9998854845019708,0.9999019119184351,0.9986193362896613,3.802250869927146e-05,0.9986844049216328,0.9980274621135425,0.9990641565403775,1.0007207591333196,3.126105598791793e-05,1.0007189933020089,1.0003624699404567,1.0010632938908048,0.9645175217359103,0.0004718218121479947,0.96499875482476,0.9574754034922878,0.9703165972912661,0.00012937204700773881,3.3134942055248866e-06,0.00012626353960291776,8.576958985908937e-05,0.00018478497974222906
0.312476963731664,5.623413251903491e-05,100,0.0,0.00013509429801918557,8.638555409884902e-07,0.00013410918834436431,0.00012482476725911393,0.00014504379361986305,0.0022043441095508333,5.465896986566261e-05,0.0021581265169012404,0.0015104236295403555,0.0028220904452137333,0.9998649057019807,8.638555409885395e-07,0.9998658908116556,0.9998549562063801,0.9998751752327409,0.9975673927211317,6.323863195782162e-05,0.9976264670520396,0.9968523477892476,0.9983649567767974,1.0008257078951768,3.897488911118185e-05,1.000837691941927,1.000378704043661,1.001255993479681,0.953413906020715,0.0005867213929715276,0.9535444179440604,0.9468775417195868,0.9611358319900156,0.00026722317463111775,5.6145753845227736e-06,0.0002511886431509582,0.00021237762007709232,0.00034145488738336003
0.4371709942694524,0.0001100694171252,100,0.0,0.00017749507855358514,1.2009782842654474e-06,0.00017651262298741587,0.000163174416305385,0.00019123132336086986,0.0035384839088987317,8.916217145569168e-05,0.0034897934884597437,0.002424821678882827,0.004731787396664483,0.9998225049214465,1.2009782842655984e-06,0.9998234873770125,0.9998087686766391,0.9998368255836946,0.9959870675529932,0.00010735676702643867,0.9960582484443141,0.9945433237260117,0.9973174958158647,1.000982695055358,4.963806977693499e-05,1.0009890145692644,1.0003912463828306,1.001491143176069,0.9409932294603768,0.0007566869532920327,0.9409255329286239,0.9312120459048358,0.9507575708750995,0.0005137940042536368,8.67060954227275e-06,0.000502664204953871,0.0003981071705534969,0.000630957344480193
0.6116242168643903,0.0002154434690031,100,0.0,0.00024017589640931182,1.735439511543587e-06,0.00023822798151056736,0.00021919015780850565,0.00026021878804705724,0.0054675696622823785,0.00013523788407115658,0.005485982686592108,0.003733991831486977,0.0071659818469265975,0.9997598241035907,1.7354395115438093e-06,0.9997617720184895,0.999739781211953,0.9997808098421915,0.9935992386071564,0.00017004473566980787,0.993601240464379,0.9914472978272234,0.9957641491348904,1.0011996188686656,6.372411648807785e-05,1.00115174293336,1.0004328247793295,1.0019483605950654,0.9266530169669067,0.0009416820445272639,0.9259326091610993,0.9153478784547241,0.9388936217428632,0.0009166401599407585,1.3008393794791426e-05,0.0008576958985908945,0.0007356422544596406,0.001
0.8556930527381014,0.0004216965034285,100,0.0,0.0003324905307527535,2.583751785996655e-06,0.0003310268657973056,0.0003039190283295303,0.0003623795700661524,0.008203943284438037,0.00020772947591877312,0.008186317135570963,0.005621306219362109,0.010836551608698827,0.9996675094692472,2.583751785996687e-06,0.9996689731342028,0.9996376204299338,0.9996960809716705,0.9900285190465178,0.0002764120688697361,0.9901039378098782,0.9864986112164821,0.9934305250520171,1.0014891730669242,8.39625588960783e-05,1.0014695729517173,1.0006281293213828,1.0024630829505115,0.9101788596801158,0.0011725222578652563,0.909521734629457,0.8959035532881388,0.9250246322757677,0.001551566184306817,1.9619600832966374e-05,0.001584893192461114,0.0013593563908785241,0.0018478497974222907
1.197157634238341,0.000825404185268,100,0.0,0.0004690811442234741,3.877207883570046e-06,0.0004700334166279513,0.00042666523603902633,0.0005146423563331341,0.012500330118870709,0.0003191958493704315,0.012833342723636036,0.008208204724608294,0.016428625774654232,0.9995309188557765,3.877207883569941e-06,0.9995299665833721,0.9994853576436669,0.9995733347639609,0.9840447198554955,0.0004534660928012677,0.9836780807953049,0.9783856635631913,0.990074683094462,1.0018470191699675,0.00011099409674076533,1.0018002587182355,1.0005698608352578,1.0032767392114779,0.8891719857085466,0.0014821543393648351,0.8867157108387076,0.8718258291749545,0.9094030867761023,0.002482646695025836,2.9182864036030633e-05,0.0025118864315095825,0.002154434690031882,0.0029286445646252374
1.67488376425301,0.0016155980984398,100,0.0,0.0006707141550110972,5.947104052875372e-06,0.0006707594464213419,0.000607520965920317,0.0007352027814437007,0.018946278763046123,0.0005441981236908597,0.018787805192583492,0.011485110797914363,0.025253362693022318,0.9993292858449887,5.947104052876033e-06,0.9993292405535785,0.9992647972185562,0.9993924790340797,0.9742341549159671,0.0008652031197882906,0.9747695287564669,0.9643024720644342,0.9855922383363556,1.0022897788558491,0.00015181777256647293,1.002342810510311,1.0003478738489515,1.0043368058956217,0.8637610298861381,0.001972594521196591,0.8629319118169761,0.841087122396445,0.8928314609207003,0.0038443607256291854,4.377299821657891e-05,0.003981071705534969,0.0034145488738336004,0.0046415888336127815
2.343246656521626,0.0031622776601683,100,0.0,0.0009693547645016361,9.179266726167726e-06,0.0009676560232414934,0.0008618574495722752,0.0010682065236411115,0.02752087226389428,0.0008037199225400984,0.026702191967411023,0.017806349635467716,0.03664248573881573,0.9990306452354984,9.179266726168157e-06,0.9990323439767586,0.9989317934763589,0.9991381425504278,0.9598436755716878,0.001403924596625167,0.9618474146723925,0.9439542455835855,0.9762874534484013,1.002854747532067,0.00020340132378017815,1.0028925581709611,1.000314236989059,1.0055331533009595,0.8359121152930234,0.0024536889487904983,0.8365931329579405,0.8085780644805485,0.8665596058260612,0.0058682601334164655,6.362054925527785e-05,0.0054116952654646375,0.0054116952654646375,0.006309573444801929
3.278319970907745,0.0061896581889126,100,0.0,0.001410560127719352,1.4625101176662561e-05,0.0014108437614806884,0.001237983059967441,0.0015844500843915136,0.0398655001148165,0.0012490377504554714,0.03855260898986545,0.02618422753556475,0.057274878890539456,0.9985894398722805,1.4625101176663052e-05,0.9985891562385193,0.9984155499156084,0.9987620169400325,0.936335486002923,0.002570029276020266,0.9403068969609176,0.9010162020287084,0.9627298995137852,1.003545067118995,0.00028181641400983737,1.0035024041671359,1.0001136734640825,1.0074119764456015,0.802697566587962,0.0030768767525777324,0.8036533645322632,0.7606787317934824,0.8381846257805302,0.008753441226204745,0.00010013907483438444,0.008576958985908946,0.007356422544596407,0.01
4.586534585141047,0.0121152765862859,100,0.0,0.002062711307429426,2.3399568141269084e-05,0.0020759708235205494,0.0017833689075284714,0.0023299188631542666,0.05671220450299007,0.0018025469661525138,0.0537517869460859,0.037288391794445805,0.07765084260108872,0.9979372886925704,2.3399568141268675e-05,0.9979240291764795,0.9976700811368457,0.9982166310924716,0.8992224170574891,0.004386813954820422,0.9089048410777971,0.8507669506358299,0.9427286677707244,1.0043552876766686,0.00039290553398849733,1.0042449588980507,0.9995097506971483,1.0095487809063288,0.764760443968778,0.0037261779118207446,0.7681558848803787,0.7213410054933675,0.8068981975413239,0.01284500518361611,0.0001434340191283407,0.013593563908785243,0.01165914401179831,0.013593563908785243
6.41679265214314,0.0237137370566165,100,0.0,0.0030277487857355,3.79776396713047e-05,0.003033079730873085,0.002585180367527486,0.0034647995268404295,0.08044454426912956,0.0026824132383528243,0.07701559269538458,0.050423259966444825,0.11610965651934617,0.9969722512142647,3.797763967130417e-05,0.9969669202691269,0.9965352004731596,0.9974148196324725,0.8357280850889128,0.008372333202813456,0.8524512971248088,0.7328431464114954,0.9161401685753177,1.0052839062592336,0.0005425139140683777,1.0050474008626327,0.9983929544291881,1.0122890744068114,0.7201727679091796,0.004650691758602455,0.7224856107248554,0.6592513307474913,0.7754556658808611,0.018532048806977213,0.00022521171958529842,0.018478497974222907,0.01584893192461114,0.021544346900318822
8.977415775734741,0.0464158883361278,100,0.0,0.004442664322865859,6.173964250870306e-05,0.0043723164460723555,0.003749842702474855,0.005217199776605359,0.10852092721234645,0.003839576048881757,0.11300926550576418,0.06466279771865154,0.15171246079981635,0.995557335677134,6.173964250870264e-05,0.9956276835539277,0.9947828002233946,0.9962501572975252,0.7406931889673319,0.015863117851084272,0.7435518397250245,0.592937820989425,0.8837177776204274,1.0064459630465519,0.0007687683467898314,1.0066038812205589,0.9966081317808921,1.0166732263659117,0.675583305543904,0.005751359585004671,0.6638317019025648,0.6104981257947476,0.7457112254868655,0.026839745289238694,0.0003700628663540074,0.02511886431509582,0.021544346900318822,0.029286445646252372
12.55985636118279,0.0908517575651688,100,0.0,0.006512057209128733,9.995025234112577e-05,0.006401579545813461,0.0053756355941861865,0.007689435421095927,0.14356204518828672,0.005008626864411469,0.1333130435790116,0.08436371586302469,0.19888777800180585,0.9934879427908712,9.995025234112594e-05,0.9935984204541866,0.9923105645789041,0.9946243644058138,0.5896411026543269,0.029121223377268725,0.6692573543244744,0.35205188586782393,0.8324284743005558,1.0077090177965138,0.0010635575954699014,1.0073344963746225,0.9945229478692954,1.022062931816227,0.6266628044917469,0.006498938249195743,0.6348794185685591,0.5540317891001763,0.7095466936946144,0.038402634551353336,0.0005406402679465599,0.03981071705534969,0.034145488738336005,0.04641588833612782
17.571870987632057,0.1778279410038923,100,0.0,0.009521052025277253,0.000161780802898812,0.009140029332883284,0.007631362239231414,0.011329020696067676,0.18302703944366638,0.006586582932477085,0.18112535212810127,0.10631838342856686,0.25769065016134884,0.9904789479747228,0.00016178080289881166,0.9908599706671167,0.9886709793039323,0.9923686377607686,0.35404854078371,0.055709088562630946,0.4510499953001943,-0.06306347102643721,0.7659085258412862,1.0091785546280796,0.001493130628700828,1.0086300478368209,0.9899764254987689,1.029624058987894,0.5788956018353124,0.007586621192028765,0.5744117818396373,0.4923712010903919,0.6739373427728195,0.05526023232390711,0.0008938763945092797,0.054116952654646375,0.04641588833612782,0.0630957344480193
24.58393162522664,0.3480700588428413,100,0.0,0.01391976531255282,0.0002709841542195334,0.013165667896127116,0.010860136875547195,0.016787443201344777,0.22209802419217411,0.009283121947004263,0.2192203627607498,0.10958863304018508,0.33398409180862826,0.9860802346874473,0.00027098415421953346,0.9868343321038728,0.9832125567986553,0.9891398631244528,-0.05521763508709967,0.14866423409547394,0.22481559281503488,-0.8748011358759983,0.7550886316509858,1.0109915813677361,0.002091456334988629,1.010497750651425,0.9835753667491502,1.0411489502942581,0.5387991467634169,0.009739950617976669,0.5317907884375693,0.42208859474842764,0.6689655539271009,0.08108438141097629,0.0016763827243598678,0.08576958985908946,0.0630957344480193,0.1
34.39415726300309,0.6812920690579622,100,0.0,0.020229552350762424,0.000451150749304795,0.019550184040266164,0.015448656299349203,0.024999567659847,0.2616818548187856,0.011553553103630194,0.24740020494617088,0.12548276064887612,0.41335471106586075,0.9797704476492375,0.0004511507493047953,0.9804498159597339,0.9750004323401531,0.9845513437006508,-0.7793150960895902,0.4048794034038992,0.020601090336070382,-2.24201756681425,0.6990847290211523,1.0130218436408307,0.0029542612977205346,1.0110065856819301,0.9743904511893106,1.0542423957278713,0.5007554846725772,0.011208208001675057,0.5026081324749452,0.357073677095242,0.6457659235123775,0.1192903409665988,0.0028669842247247895,0.11659144011798311,0.08576958985908946,0.15848931924611143
48.11915652329192,1.333521432163324,100,0.0,0.029365278215258413,0.000769782371047169,0.028000592826463992,0.021522537411463316,0.037550570561942644,0.28864036992635045,0.015086014498300843,0.25378343980088425,0.11262580863433141,0.49701510014554895,0.9706347217847415,0.0007697823710471695,0.9719994071735361,0.9624494294380573,0.9784774625885366,-2.2836190859084082,1.147819552967484,-0.030614639297870117,-4.712482785555647,0.7448549990961445,1.016021267895825,0.00417330679818015,1.0142497726232984,0.9612580533709268,1.0737102050842504,0.48174525328971834,0.014231983982101331,0.4962308054305049,0.2950108945551858,0.6644042681388894,0.18396923171862675,0.005616921162469712,0.18478497974222907,0.11659144011798311,0.25118864315095774
67.32112104993318,2.6101572156825386,100,0.0,0.042892144947544904,0.0013468754118949695,0.03971494662685893,0.029858418608102847,0.05813703789761711,0.30779096539779466,0.019503922146108736,0.27634543274571216,0.06287135573393283,0.569621306716808,0.9571078550524552,0.00134687541189497,0.9602850533731411,0.9418629621023829,0.9701415813918972,-6.030169277659197,3.3253364928764357,-0.22834369890927753,-8.496232037767236,0.8878772433253072,1.0201608954355808,0.0059334924753661035,1.0168962167043418,0.9429221663909934,1.099315991204147,0.4858296437196899,0.020942395770537667,0.4743143288358523,0.2452931771809056,0.7493777090125406,0.30289445444783275,0.014126009699442967,0.29286445646252374,0.13593563908785242,0.4641588833612782
94.18563555298384,5.108969774506934,100,0.0,0.06252688038365646,0.002403668579711825,0.056861497033394895,0.03966268670756418,0.08472873848736615,0.32005672275352987,0.02378729664093653,0.2806599817518855,0.046049558996793506,0.6501878505976547,0.9374731196163435,0.002403668579711825,0.9431385029666051,0.9152712615126339,0.9603373132924359,-17.146135048640488,10.235730507250405,-0.19911660187215352,-16.353856317823773,0.9516709383268699,1.0283494382559248,0.008618232879816582,1.0254420864037472,0.91968577042775,1.1411446337383508,0.5231552619551131,0.03059606803688189,0.4773599487370708,0.19366349599291863,0.8664854168185737,0.5695740650349717,0.04387351549697628,0.4641588833612782,0.18478497974222907,0.8719263087318063
131.77044300762262,10.0,100,0.0,0.09063063209162975,0.004571770548830912,0.07897186462824785,0.053907685523629324,0.1372020954295663,0.31309242726633435,0.02855836804909385,0.2354835665223317,0.008458813772932205,0.7328221577839699,0.9093693679083702,0.004571770548830912,0.9210281353717522,0.8627979045704337,0.9460923144763708,-72.77160470825402,49.13846486886754,0.18788887769198948,-34.373669019492546,0.9927290368080844,1.047075297081246,0.013116275603366447,1.0324813128095565,0.8981970949779551,1.2225381796930197,0.5917076797921943,0.03845367257626556,0.5259963469212572,0.14395046851223062,1.10586899062052,1.1383954224104347,0.09290104422459969,0.7966690765252675,0.25118864315095774,2.1544346900318865
