model,metric,tau,noise_255,trace,mc_se,seed_sd,seed_min,seed_max,exact_trace,relative_to_exact,relative_mc_se,outside_rgb_fraction,n_seeds,directions,centers,h
resnet50,drift,0.0019607843137254,0.499999999999977,17837.843112425297,129.23537951151567,27023.882577648055,315.684076314634,89164.92191605039,21364.035101848312,0.8349472853506992,0.006049202732321614,0.001477321962110013,10,64,8,3e-06
resnet50,drift,0.0078431372549019,1.9999999999999845,44714.92886004628,86.2048209566294,39877.90967716843,1574.1688006827137,115466.91997940053,21364.035101848312,2.093000158765783,0.004035043967381021,0.004931901425731388,10,64,8,3e-06
resnet50,drift,0.0313725490196078,7.999999999999989,17367.747572671517,25.0463724900769,7039.723251579776,3240.7432323350718,26354.30961673221,21364.035101848312,0.8129432239684414,0.0011723615117965245,0.01823576972598115,10,64,8,3e-06
resnet50,drift,0.0627450980392156,15.999999999999979,8434.32641653714,11.998353585410651,2578.6502800462767,3311.3512439831247,11583.435230019368,21364.035101848312,0.39479088928324424,0.0005616145792782662,0.03792809077671593,10,64,8,3e-06
resnet50,even,0.0019607843137254,0.499999999999977,19685.221318125794,131.76771567699876,29632.883985928296,451.6496084228757,97549.21873133442,21364.035101848312,0.921418693813264,0.0061677354043290665,0.001477321962110013,10,64,8,3e-06
resnet50,even,0.0078431372549019,1.9999999999999845,46568.30579996954,86.86063671800687,41163.06050172947,1931.274947503136,119675.27413354845,21364.035101848312,2.179752353802334,0.004065741153481447,0.004931901425731388,10,64,8,3e-06
resnet50,even,0.0313725490196078,7.999999999999989,18135.904426520872,25.354378278007577,7165.292570173018,3651.55020230143,27210.33922838,21364.035101848312,0.8488988311459871,0.001186778534913287,0.01823576972598115,10,64,8,3e-06
resnet50,even,0.0627450980392156,15.999999999999979,8787.342220716546,12.021452410032751,2611.294267515023,3591.4890294025863,12029.525542979987,21364.035101848312,0.41131472490214677,0.0005626957806764095,0.03792809077671593,10,64,8,3e-06
resnet50,local_forward,0.0,0.0,21354.898708314395,259.04878169629126,27445.60000428535,4410.612201634339,92838.06179718045,21364.035101848312,0.9995723470079335,0.012125461340113582,0.0,10,64,8,3e-06
resnet50,neighborhood,0.0019607843137254,0.499999999999977,19575.13635265436,96.26729217993032,22303.023174139184,4483.372155331248,75298.89313087413,21364.035101848312,0.9162658767098176,0.004506044467770124,0.001477321962110013,10,64,8,3e-06
resnet50,neighborhood,0.0078431372549019,1.9999999999999845,15733.670540110097,52.81879451508845,13114.00644903589,4410.578831475603,42879.46492659421,21364.035101848312,0.7364559393908174,0.00247232296068072,0.004931901425731388,10,64,8,3e-06
resnet50,neighborhood,0.0313725490196078,7.999999999999989,6603.318771268398,14.789410580247818,2541.249172269104,2719.9290929568438,11631.090397882228,21364.035101848312,0.30908574807093026,0.0006922573619516432,0.01823576972598115,10,64,8,3e-06
resnet50,neighborhood,0.0627450980392156,15.999999999999979,3422.209281957722,7.5926306424117005,911.4409491624118,1439.5248377618989,4431.382802361588,21364.035101848312,0.16018552982351397,0.00035539309901970825,0.03792809077671593,10,64,8,3e-06
resnet50,odd,0.0019607843137254,0.499999999999977,10243.683618397186,69.95127027406772,6814.058991968026,3986.71648731147,24850.427110466444,21364.035101848312,0.4794826243994962,0.0032742536669964507,0.001477321962110013,10,64,8,3e-06
resnet50,odd,0.0078431372549019,1.9999999999999845,4519.445432710438,27.440489090369077,1427.99505801192,1846.9517661509844,6682.992774708875,21364.035101848312,0.21154456127622806,0.0012844244525695924,0.004931901425731388,10,64,8,3e-06
resnet50,odd,0.0313725490196078,7.999999999999989,1086.6663218908143,5.694260672398847,288.8010488619837,489.546772422548,1509.5924902206252,21364.035101848312,0.0508642827401459,0.0002665348865629886,0.01823576972598115,10,64,8,3e-06
resnet50,odd,0.0627450980392156,15.999999999999979,416.520249946657,2.395850514353748,110.99603303231314,194.2269875468444,559.2282337511995,21364.035101848312,0.01949632866455184,0.00011214410119305929,0.03792809077671593,10,64,8,3e-06
resnet50,smooth,0.0019607843137254,0.499999999999977,9553.313459616995,75.78100879874194,5649.385697605027,3900.9861337574616,20827.177659872705,21364.035101848312,0.44716802860853233,0.003547129951690902,0.001477321962110013,10,64,8,3e-06
resnet50,smooth,0.0078431372549019,1.9999999999999845,3792.685576018147,31.8503674705891,937.9431838262698,1609.8597542266866,4813.822419179933,21364.035101848312,0.17752664971468907,0.0014908404390251895,0.004931901425731388,10,64,8,3e-06
resnet50,smooth,0.0313725490196078,7.999999999999989,766.8910166903626,7.855242335297772,255.48866146746352,355.98952465803546,1123.3397899043011,21364.035101848312,0.03589635633130068,0.00036768533181347256,0.01823576972598115,10,64,8,3e-06
resnet50,smooth,0.0627450980392156,15.999999999999979,258.65809976744976,3.540532140304612,86.36375232332027,122.6004951767246,373.96847549546646,21364.035101848312,0.012107174442204128,0.0001657239432263572,0.03792809077671593,10,64,8,3e-06
resnet50,step,0.0019607843137254,0.499999999999977,29928.904936522973,142.2369835063036,36026.90391599249,4438.366095734345,122399.64584180086,21364.035101848312,1.4009013182127599,0.006657777092586688,0.001477321962110013,10,64,8,3e-06
resnet50,step,0.0078431372549019,1.9999999999999845,51087.75123267998,89.5643305051573,42153.67269867368,4836.5728257174815,126358.26690825733,21364.035101848312,2.391296915078562,0.004192294670841869,0.004931901425731388,10,64,8,3e-06
resnet50,step,0.0313725490196078,7.999999999999989,19222.570748411683,26.079517658273687,7074.748856834792,4783.548604084896,28198.4406883185,21364.035101848312,0.8997631138861328,0.001220720595802495,0.01823576972598115,10,64,8,3e-06
resnet50,step,0.0627450980392156,15.999999999999979,9203.862470663202,12.301601573422031,2595.5983806763597,4108.923167932677,12588.753776731188,21364.035101848312,0.4308110535666986,0.0005758089010234662,0.03792809077671593,10,64,8,3e-06
resnet50,variance,0.0019607843137254,0.499999999999977,12091.06182409768,73.22292972714756,9395.485858697191,4122.682019419712,33234.72392575047,21364.035101848312,0.5659540328620608,0.0034273923150787496,0.001477321962110013,10,64,8,3e-06
resnet50,variance,0.0078431372549019,1.9999999999999845,6372.822372633686,30.19915323071323,2650.492556296261,2678.561702173873,10891.34692885678,21364.035101848312,0.29829675631277824,0.0014135510022683189,0.004931901425731388,10,64,8,3e-06
resnet50,variance,0.0313725490196078,7.999999999999989,1854.8231757401657,6.942991865316351,433.41299007378984,874.7221292021907,2308.2176940471186,21364.035101848312,0.0868198899176914,0.0003249850429573427,0.01823576972598115,10,64,8,3e-06
resnet50,variance,0.0627450980392156,15.999999999999979,769.5360541260601,3.24968132685648,172.30669315923018,374.3629208753152,1005.3185467118168,21364.035101848312,0.03602016428345428,0.00015210990392799595,0.03792809077671593,10,64,8,3e-06
resnet50_robust,drift,0.0019607843137254,0.499999999999977,7.2785882857241875,0.026169214173930137,5.724598514219029,1.2047310508828035,20.31690350762682,37.78665988885628,0.19262322489293973,0.0006925516637591919,0.001477321962110013,10,64,8,3e-05
resnet50_robust,drift,0.0078431372549019,1.9999999999999845,71.79436376577716,0.1724745697311859,40.98482435492213,18.2407353474906,126.6452996893181,37.78665988885628,1.8999923247238413,0.004564430151765032,0.004931901425731388,10,64,8,3e-05
resnet50_robust,drift,0.0313725490196078,7.999999999999989,790.8742103580068,1.1635027341231956,576.5951028194336,216.5017276925869,2196.2437529020217,37.78665988885628,20.929984621139926,0.030791362283553565,0.01823576972598115,10,64,8,3e-05
resnet50_robust,drift,0.0627450980392156,15.999999999999979,2377.4689871527553,2.171949036416563,1372.3497311345081,714.876027181461,5196.821249264722,37.78665988885628,62.91820960481078,0.057479254393085315,0.03792809077671593,10,64,8,3e-05
resnet50_robust,even,0.0019607843137254,0.499999999999977,7.525866564557575,0.026886590172025576,5.757070884250246,1.3074642570568744,20.514859218447068,37.78665988885628,0.19916728778605383,0.0007115365647852548,0.001477321962110013,10,64,8,3e-05
resnet50_robust,even,0.0078431372549019,1.9999999999999845,72.82890791813405,0.17332785548288296,41.17346457263825,19.10989173572616,128.2906721068382,37.78665988885628,1.9273708798911897,0.00458701181826339,0.004931901425731388,10,64,8,3e-05
resnet50_robust,even,0.0313725490196078,7.999999999999989,794.7213273701165,1.1674816970615656,577.3190317023248,218.96733093960052,2201.5062521356385,37.78665988885628,21.031796134076643,0.03089666301534816,0.01823576972598115,10,64,8,3e-05
resnet50_robust,even,0.0627450980392156,15.999999999999979,2383.364773139983,2.174741255294262,1372.8132179428706,719.3979080460292,5202.730853276262,37.78665988885628,63.074237843468794,0.057553148695622565,0.03792809077671593,10,64,8,3e-05
resnet50_robust,local_forward,0.0,0.0,37.561978942890335,0.33540855124964697,8.903426534962742,25.626014783032748,51.52835020793515,37.78665988885628,0.9940539611961785,0.008876374684510361,0.0,10,64,8,3e-05
resnet50_robust,neighborhood,0.0019607843137254,0.499999999999977,37.575023066772715,0.33147341095516886,8.84107440183387,25.601691155729707,51.33883732521052,37.78665988885628,0.9943991656657122,0.008772233691206038,0.001477321962110013,10,64,8,3e-05
resnet50_robust,neighborhood,0.0078431372549019,1.9999999999999845,38.13769950735484,0.31873715030501276,8.850969275965829,26.192933548431192,51.826745495558185,37.78665988885628,1.0092900409703078,0.008435176626950614,0.004931901425731388,10,64,8,3e-05
resnet50_robust,neighborhood,0.0313725490196078,7.999999999999989,40.84284699250817,0.25635192695272063,8.871998399338452,28.021863473863394,54.8444225335825,37.78665988885628,1.0808800543006767,0.006784191238567815,0.01823576972598115,10,64,8,3e-05
resnet50_robust,neighborhood,0.0627450980392156,15.999999999999979,43.5756204025779,0.2165103463429575,9.53386237770924,31.714574109479564,60.38007510793214,37.78665988885628,1.1532011702211566,0.005729809064357363,0.03792809077671593,10,64,8,3e-05
resnet50_robust,odd,0.0019607843137254,0.499999999999977,36.80634494621263,0.3320619096327061,8.867458209346998,24.67484047551657,50.55917787967732,37.78665988885628,0.9740565864903886,0.008787807935642255,0.001477321962110013,10,64,8,3e-05
resnet50_robust,odd,0.0078431372549019,1.9999999999999845,34.91808570497009,0.31515254355039224,8.539594393808562,23.294406774698626,48.07417781825589,37.78665988885628,0.9240850026881533,0.008340312281566183,0.004931901425731388,10,64,8,3e-05
resnet50_robust,odd,0.0313725490196078,7.999999999999989,28.00347091932373,0.24592640428097795,6.251561978842405,19.848797183844404,37.88195053661518,37.78665988885628,0.7410941057423887,0.006508286390073458,0.01823576972598115,10,64,8,3e-05
resnet50_robust,odd,0.0627450980392156,15.999999999999979,21.647673492513366,0.1902357547376566,4.504600312556659,16.102510273496563,28.42647075816149,37.78665988885628,0.5728919559491819,0.005034468653678473,0.03792809077671593,10,64,8,3e-05
resnet50_robust,smooth,0.0019607843137254,0.499999999999977,36.72910484624446,0.33135655848831014,8.839568624055374,24.63660344729558,50.515246600483295,37.78665988885628,0.9720124762092639,0.008769141264746478,0.001477321962110013,10,64,8,3e-05
resnet50_robust,smooth,0.0078431372549019,1.9999999999999845,34.69256267126191,0.3172224332679935,8.55360216337635,23.15735232851611,47.983190149713714,37.78665988885628,0.9181166785660552,0.008395090600784909,0.004931901425731388,10,64,8,3e-05
resnet50_robust,smooth,0.0313725490196078,7.999999999999989,26.75257002950376,0.24626686528501854,6.124534781023303,19.066865090185885,36.2094671356175,37.78665988885628,0.7079898066723119,0.006517296474718198,0.01823576972598115,10,64,8,3e-05
resnet50_robust,smooth,0.0627450980392156,15.999999999999979,19.22232029414506,0.18811070508286112,3.863495930718909,14.62921995298273,26.137296503473927,37.78665988885628,0.5087065210496137,0.004978230561689236,0.03792809077671593,10,64,8,3e-05
resnet50_robust,step,0.0019607843137254,0.499999999999977,44.3322115107702,0.33373425578607535,8.38658784557286,30.382900037524976,54.394861621143065,37.78665988885628,1.1732238742764423,0.008832065516446915,0.001477321962110013,10,64,8,3e-05
resnet50_robust,step,0.0078431372549019,1.9999999999999845,107.74699362310415,0.3596219343288878,40.50460915168724,54.05683100312274,166.4007751468315,37.78665988885628,2.8514558825793435,0.009517166518201427,0.004931901425731388,10,64,8,3e-05
resnet50_robust,step,0.0313725490196078,7.999999999999989,822.7247982894402,1.190264724201158,578.501514845864,238.8161281234449,2232.298757964918,37.78665988885628,21.77289023981903,0.03149960138583672,0.01823576972598115,10,64,8,3e-05
resnet50_robust,step,0.0627450980392156,15.999999999999979,2405.0124466324964,2.187785961117216,1372.8326737019734,736.3666499013301,5225.02237939031,37.78665988885628,63.64712979941798,0.057898368565844564,0.03792809077671593,10,64,8,3e-05
resnet50_robust,variance,0.0019607843137254,0.499999999999977,37.05362322504601,0.33206824600740953,8.869132081580965,24.96173638642553,50.80940692737873,37.78665988885628,0.9806006493835024,0.008787975623781986,0.001477321962110013,10,64,8,3e-05
resnet50_robust,variance,0.0078431372549019,1.9999999999999845,35.95262985732696,0.31505970088491875,8.646467501130015,24.17310504629793,49.31688975009615,37.78665988885628,0.9514635578555014,0.008337855259279837,0.004931901425731388,10,64,8,3e-05
resnet50_robust,variance,0.0313725490196078,7.999999999999989,31.850587931433388,0.25170298381291906,7.012810832534227,22.31440043085801,43.24831627964135,37.78665988885628,0.8429056186791067,0.0066611599054604235,0.01823576972598115,10,64,8,3e-05
resnet50_robust,variance,0.0627450980392156,15.999999999999979,27.54345947974081,0.206809698236817,5.881474206124882,20.213692397446607,36.89287335018081,37.78665988885628,0.7289201946071898,0.005473087561724596,0.03792809077671593,10,64,8,3e-05
clipag_vitb32,drift,0.0019607843137254,0.499999999999977,1.3457563687739462,0.0028661465712190295,1.484613917938171,0.1160626437639477,4.43426560130532,20.049679475549624,0.0671210914077246,0.00014295223894797247,0.00297941091109291,10,64,8,0.0003
clipag_vitb32,drift,0.0078431372549019,1.9999999999999845,21.965296128458185,0.0470041247846995,24.62266326722958,1.8469668539554684,73.52220608122981,20.049679475549624,1.0955435050841902,0.0023443828537020026,0.00642040148884256,10,64,8,0.0003
clipag_vitb32,drift,0.0313725490196078,7.999999999999989,390.4663014145448,0.7337469558161538,478.94192722379483,27.99894427943669,1459.18507262115,20.049679475549624,19.474939830869335,0.036596443185585616,0.02045526309889186,10,64,8,0.0003
clipag_vitb32,drift,0.0627450980392156,15.999999999999979,1029.9248975415462,1.1606661579840556,992.7213493957145,97.01022821888952,3119.414880984807,20.049679475549624,51.36864650617128,0.05788951186972719,0.040755823355953645,10,64,8,0.0003
clipag_vitb32,even,0.0019607843137254,0.499999999999977,1.3504175194424595,0.0028700545713142363,1.4889027682520368,0.117097828989585,4.452042177459864,20.049679475549624,0.06735357146677978,0.0001431471547869001,0.00297941091109291,10,64,8,0.0003
clipag_vitb32,even,0.0078431372549019,1.9999999999999845,22.037812027638083,0.047072696835585265,24.688644428566093,1.862930957459341,73.79360586202094,20.049679475549624,1.0991603159797625,0.0023478029607899684,0.00642040148884256,10,64,8,0.0003
clipag_vitb32,even,0.0313725490196078,7.999999999999989,391.40319649943,0.7371461878978158,479.64451806937694,28.23953837329742,1462.041379318688,20.049679475549624,19.52166851229428,0.03676598365558701,0.02045526309889186,10,64,8,0.0003
clipag_vitb32,even,0.0627450980392156,15.999999999999979,1032.452588099241,1.1676512904424357,993.6772402555282,97.8334259189757,3123.417873478644,20.049679475549624,51.49471787607908,0.05823790309797093,0.040755823355953645,10,64,8,0.0003
clipag_vitb32,local_forward,0.0,0.0,20.090093060078374,0.1615804301316715,8.637147316163814,11.47725044067911,39.352974590711135,20.049679475549624,1.0020156723491782,0.008059003154076212,0.0,10,64,8,0.0003
clipag_vitb32,neighborhood,0.0019607843137254,0.499999999999977,20.094851915664492,0.16126317444368798,8.641411289382798,11.477266283812224,39.36019757644448,20.049679475549624,1.002253025549359,0.008043179674784665,0.00297941091109291,10,64,8,0.0003
clipag_vitb32,neighborhood,0.0078431372549019,1.9999999999999845,20.19374680542857,0.1609892275483789,8.653660527940852,11.521195375440282,39.43717726454084,20.049679475549624,1.0071855178560154,0.008029516269559502,0.00642040148884256,10,64,8,0.0003
clipag_vitb32,neighborhood,0.0313725490196078,7.999999999999989,21.382036049361012,0.1685843594463294,9.063958767935707,12.3468323972472,40.965083627428925,20.049679475549624,1.0664527617728843,0.00840833189637352,0.02045526309889186,10,64,8,0.0003
clipag_vitb32,neighborhood,0.0627450980392156,15.999999999999979,24.17163843971054,0.3015114619512152,11.460635158307154,14.047717021869577,52.2164765756654,20.049679475549624,1.205587274808438,0.015038218557005129,0.040755823355953645,10,64,8,0.0003
clipag_vitb32,odd,0.0019607843137254,0.499999999999977,20.083625949425503,0.16142227933024608,8.635718466705857,11.47554775392182,39.341419840942464,20.049679475549624,1.0016931180329978,0.0080511152074575,0.00297941091109291,10,64,8,0.0003
clipag_vitb32,odd,0.0078431372549019,1.9999999999999845,20.045332715021704,0.16131275058419886,8.600266880227,11.472427914297686,39.22944921103783,20.049679475549624,0.9997832004978823,0.008045652339775212,0.00642040148884256,10,64,8,0.0003
clipag_vitb32,odd,0.0313725490196078,7.999999999999989,19.453682821754775,0.1664990251657969,8.385305264279138,11.434444789217558,38.178329101505625,20.049679475549624,0.9702740059001113,0.008304323536385742,0.02045526309889186,10,64,8,0.0003
clipag_vitb32,odd,0.0627450980392156,15.999999999999979,18.819103188510734,0.24097871251718134,9.144283068324171,11.221545535500072,41.102103274825375,20.049679475549624,0.9386236429096253,0.012019080544955962,0.040755823355953645,10,64,8,0.0003
clipag_vitb32,smooth,0.0019607843137254,0.499999999999977,20.0841551686463,0.16126108326794236,8.638566886130853,11.472253090170785,39.34683020700626,20.049679475549624,1.0017195134285672,0.008043075375075127,0.00297941091109291,10,64,8,0.0003
clipag_vitb32,smooth,0.0078431372549019,1.9999999999999845,20.045889591637625,0.1609331484734474,8.609050679740715,11.45755248309835,39.24440933598153,20.049679475549624,0.9998109753367069,0.008026719263502626,0.00642040148884256,10,64,8,0.0003
clipag_vitb32,smooth,0.0313725490196078,7.999999999999989,19.44735145390665,0.1672658288796917,8.418540418755947,11.36358193229844,38.243187730478944,20.049679475549624,0.9699582219068635,0.008342568722042198,0.02045526309889186,10,64,8,0.0003
clipag_vitb32,smooth,0.0627450980392156,15.999999999999979,18.82394061843302,0.2840728892302551,9.30429649543818,11.11155021455073,41.60897882199004,20.049679475549624,0.9388649150919655,0.014168450402246032,0.040755823355953645,10,64,8,0.0003
clipag_vitb32,step,0.0019607843137254,0.499999999999977,21.434043468867962,0.16149883216045494,8.833322802766224,12.026486392814723,40.29328006280917,20.049679475549624,1.0690466894997777,0.008054933364765312,0.00297941091109291,10,64,8,0.0003
clipag_vitb32,step,0.0078431372549019,1.9999999999999845,42.08314474265978,0.16892849721746422,26.467333194259265,16.071260914498904,96.54734312680168,20.049679475549624,2.0989435164776444,0.008425496149375893,0.00642040148884256,10,64,8,0.0003
clipag_vitb32,step,0.0313725490196078,7.999999999999989,410.8568793211847,0.7609251967015694,479.39784818558985,45.70898580688053,1483.584947827162,20.049679475549624,20.49194251819439,0.03795198809185502,0.02045526309889186,10,64,8,0.0003
clipag_vitb32,step,0.0627450980392156,15.999999999999979,1051.2716912877515,1.2109217580185594,992.3003558778148,114.43222356558604,3134.6571627130133,20.049679475549624,52.43334151898869,0.06039606565757153,0.040755823355953645,10,64,8,0.0003
clipag_vitb32,variance,0.0019607843137254,0.499999999999977,20.088287100094014,0.1614221849262634,8.637182336958539,11.47745329808535,39.34787362506948,20.049679475549624,1.001925598092053,0.008051110498954165,0.00297941091109291,10,64,8,0.0003
clipag_vitb32,variance,0.0078431372549019,1.9999999999999845,20.1178486142016,0.1613189565044027,8.622956998980095,11.502590202062814,39.3309719331797,20.049679475549624,1.0034000113934542,0.008045961866928072,0.00642040148884256,10,64,8,0.0003
clipag_vitb32,variance,0.0313725490196078,7.999999999999989,20.390577906640107,0.16861203809831465,8.65717408361913,11.906533589279556,39.56577237990796,20.049679475549624,1.017002687325062,0.008409712399838376,0.02045526309889186,10,64,8,0.0003
clipag_vitb32,variance,0.0627450980392156,15.999999999999979,21.34679374620533,0.2538120350543448,10.02727359903272,12.833369059665316,45.99819535369315,20.049679475549624,1.064695012817413,0.012659156739331715,0.040755823355953645,10,64,8,0.0003
dinov2_vitb14_reg,drift,0.0019607843137254,0.499999999999977,3280.3573631147287,47.289660280188606,5006.182340232701,41.92139595359993,16143.32397046471,11928.312782752737,0.27500598138722765,0.003964488619762317,0.001477321962110013,10,64,8,3e-05
dinov2_vitb14_reg,drift,0.0078431372549019,1.9999999999999845,5223.251988719966,31.47699101369127,5569.610399486982,416.9511112180145,17490.2349113147,11928.312782752737,0.437886906878592,0.002638846883626673,0.004931901425731388,10,64,8,3e-05
dinov2_vitb14_reg,drift,0.0313725490196078,7.999999999999989,2206.955844527029,7.480861406615849,1542.3605729215699,756.8325214703154,5445.1597052892175,11928.312782752737,0.18501827414503147,0.0006271516804482608,0.01823576972598115,10,64,8,3e-05
dinov2_vitb14_reg,drift,0.0627450980392156,15.999999999999979,1113.149461033982,3.0371661803953063,516.2537635670604,479.8187373410325,1969.666853253084,11928.312782752737,0.09331994233446793,0.00025461825454365804,0.03792809077671593,10,64,8,3e-05
dinov2_vitb14_reg,even,0.0019607843137254,0.499999999999977,4573.098153366045,65.56461564270606,7330.091062893009,50.10454943523215,23575.119033645096,11928.312782752737,0.3833818107099214,0.005496554025436571,0.001477321962110013,10,64,8,3e-05
dinov2_vitb14_reg,even,0.0078431372549019,1.9999999999999845,6419.841363978076,34.96841056671381,7059.124875523292,484.8741141951202,21855.115735909705,11928.312782752737,0.5382019637563987,0.002931547084955298,0.004931901425731388,10,64,8,3e-05
dinov2_vitb14_reg,even,0.0313725490196078,7.999999999999989,2468.468247975998,7.4905131538059235,1694.2949558608404,866.437677760528,5983.473476158186,11928.312782752737,0.20694194501213786,0.0006279608264998323,0.01823576972598115,10,64,8,3e-05
dinov2_vitb14_reg,even,0.0627450980392156,15.999999999999979,1220.7983146964498,2.9963655382933583,550.7387885500511,542.6416804084007,2140.322730935996,11928.312782752737,0.10234459281295959,0.0002511977672672897,0.03792809077671593,10,64,8,3e-05
dinov2_vitb14_reg,local_forward,0.0,0.0,11535.711223110888,256.23896933743833,17126.606184843793,1160.1296609803596,53561.12963897544,11928.312782752737,0.9670865807434631,0.021481576984461435,0.0,10,64,8,3e-05
dinov2_vitb14_reg,neighborhood,0.0019607843137254,0.499999999999977,11947.602652054364,187.3042294359287,17412.619480851183,1157.9365767831955,54372.91876232557,11928.312782752737,1.0016171498562243,0.015702491445961555,0.001477321962110013,10,64,8,3e-05
dinov2_vitb14_reg,neighborhood,0.0078431372549019,1.9999999999999845,7388.875550695733,92.30622392834206,9059.318052653978,1092.3581977974172,27596.938951793665,11928.312782752737,0.6194401241204356,0.007738414108473792,0.004931901425731388,10,64,8,3e-05
dinov2_vitb14_reg,neighborhood,0.0313725490196078,7.999999999999989,1581.3502369772505,10.062495458946618,1076.3767520906342,736.9852996554457,3760.756918131541,11928.312782752737,0.13257115786431592,0.000843580784827849,0.01823576972598115,10,64,8,3e-05
dinov2_vitb14_reg,neighborhood,0.0627450980392156,15.999999999999979,684.1009463040016,3.7081084684148293,288.5061073028134,450.7878998718276,1246.3692838278316,11928.312782752737,0.05735102346520874,0.00031086613303571474,0.03792809077671593,10,64,8,3e-05
dinov2_vitb14_reg,odd,0.0019607843137254,0.499999999999977,8384.9426032644,125.1919963580569,10867.445606085856,1139.5557082133132,32902.40281321663,11928.312782752737,0.7029445618988354,0.010495364989009444,0.001477321962110013,10,64,8,3e-05
dinov2_vitb14_reg,odd,0.0078431372549019,1.9999999999999845,2493.9666027569665,25.944649250279223,2125.2803045828905,928.0072017994906,6732.404948458274,11928.312782752737,0.2090795779905283,0.0021750476972562994,0.004931901425731388,10,64,8,3e-05
dinov2_vitb14_reg,odd,0.0313725490196078,7.999999999999989,382.5922082859399,2.7221345843659743,147.74415514968538,222.60870089499008,685.6908558239696,11928.312782752737,0.032074293762579205,0.0002282078474922233,0.01823576972598115,10,64,8,3e-05
dinov2_vitb14_reg,odd,0.0627450980392156,15.999999999999979,139.33991956200555,0.8001940153430496,38.64258106038634,75.35129082740971,190.5066823676197,11928.312782752737,0.011681444148872294,6.708358758835179e-05,0.03792809077671593,10,64,8,3e-05
dinov2_vitb14_reg,smooth,0.0019607843137254,0.499999999999977,8113.040024832531,149.24618708404734,10279.65122686935,1139.7605729678305,30346.96671035706,11928.312782752737,0.6801498395115237,0.012511927696919873,0.001477321962110013,10,64,8,3e-05
dinov2_vitb14_reg,smooth,0.0078431372549019,1.9999999999999845,2099.0993325080312,31.14950176395781,1576.713044245286,917.2130945281696,5477.121688654203,11928.312782752737,0.1759762148040869,0.002611392099727396,0.004931901425731388,10,64,8,3e-05
dinov2_vitb14_reg,smooth,0.0313725490196078,7.999999999999989,286.3008337822529,3.312238240695451,91.9542445726352,159.78064714252676,442.0425164808817,11928.312782752737,0.024001787930663425,0.000277678687759148,0.01823576972598115,10,64,8,3e-05
dinov2_vitb14_reg,smooth,0.0627450980392156,15.999999999999979,94.17360619001417,0.9834023716866154,25.932223231728294,49.32263691172515,131.6712473937613,11928.312782752737,0.007894964518886586,8.244270498242856e-05,0.03792809077671593,10,64,8,3e-05
dinov2_vitb14_reg,step,0.0019607843137254,0.499999999999977,12958.040756630446,166.42232519744283,18062.972416875422,1189.6602576485452,56477.52184686172,11928.312782752737,1.0863263726087566,0.013951874689107288,0.001477321962110013,10,64,8,3e-05
dinov2_vitb14_reg,step,0.0078431372549019,1.9999999999999845,8913.807966735043,46.406353845167914,9100.634942146666,1412.8813159946108,27974.34166113497,11928.312782752737,0.7472815417469271,0.003890437372858575,0.004931901425731388,10,64,8,3e-05
dinov2_vitb14_reg,step,0.0313725490196078,7.999999999999989,2851.060456261938,7.535127464363086,1815.1766978077565,1227.2862129386458,6669.164331982156,11928.312782752737,0.23901623877471706,0.0006317010294413305,0.01823576972598115,10,64,8,3e-05
dinov2_vitb14_reg,step,0.0627450980392156,15.999999999999979,1360.1382342584552,3.0193245848504207,573.0800783663468,617.9929712358105,2330.829413303615,11928.312782752737,0.11402603696183188,0.00025312251949128055,0.03792809077671593,10,64,8,3e-05
dinov2_vitb14_reg,variance,0.0019607843137254,0.499999999999977,9677.683393515717,141.42033132406038,13135.613110834624,1147.7388616949456,40334.19787639701,11928.312782752737,0.8113203912215291,0.011855853707034025,0.001477321962110013,10,64,8,3e-05
dinov2_vitb14_reg,variance,0.0078431372549019,1.9999999999999845,3690.555978015075,32.88037030833507,3613.3226015230443,995.9302047765964,10484.106749820285,11928.312782752737,0.3093946348683349,0.0027564979982648606,0.004931901425731388,10,64,8,3e-05
dinov2_vitb14_reg,variance,0.0313725490196078,7.999999999999989,644.104611734909,3.7795658358002315,301.4883225417521,375.43105375167534,1224.0046266929376,11928.312782752737,0.053997964629685605,0.00031685670091290217,0.01823576972598115,10,64,8,3e-05
dinov2_vitb14_reg,variance,0.0627450980392156,15.999999999999979,246.98877322447316,1.1074469922360728,74.48729718902622,138.17423389477796,361.1625600505317,11928.312782752737,0.02070609462736395,9.284188069224183e-05,0.03792809077671593,10,64,8,3e-05
