sigma,noise_signal_ratio,signal_power,de_alpha,mc_alpha_median,mc_alpha_q25,mc_alpha_q75,de_gen_error_normalized,mc_gen_error_normalized,mc_gen_error_normalized_se,de_acc_error_normalized,mc_acc_error_normalized,mc_acc_error_normalized_se,de_r2_gen,mc_r2_gen,mc_r2_gen_se,de_r2_acc,mc_r2_acc,mc_r2_acc_se,mc_r2_acc_median,mc_r2_acc_q25,mc_r2_acc_q75,de_slope_gen,mc_slope_gen,mc_slope_gen_se,de_slope_acc,mc_slope_acc,mc_slope_acc_se,mc_slope_acc_median,mc_slope_acc_q25,mc_slope_acc_q75
0.0,0.0,6778.303260577998,0.0001,9.999999747378752e-05,9.999999747378752e-05,9.999999747378752e-05,0.00026636976356563354,0.00027704401785648506,2.477664142124545e-06,8.225653867916675e-14,1.6775669742922663e-10,2.2212337107012e-11,0.9997336302364344,0.9997229559606363,2.4776643344669604e-06,0.9999999999999177,0.9999999998323584,2.2171766518346703e-11,0.9999999999135287,0.9999999997827701,0.9999999999806696,1.0026688017587637,1.0024682957699895,5.1168259173932514e-05,1.0000002868040074,1.0000006923896323,1.299872981554511e-06,1.0000004395468995,0.9999923938844848,1.0000113501161465
0.01,1.4752954560412044e-08,6778.303260577998,0.0001,9.999999747378752e-05,9.999999747378752e-05,9.999999747378752e-05,0.00026638270114594833,0.0002719863084881486,2.9045137558992575e-06,1.4442176530570782e-10,8.519927462011526e-10,9.856801241671435e-11,0.999733617298854,0.9997280136703973,2.9045139813779297e-06,0.9999999998555745,0.999999999148975,9.860084914147794e-11,0.9999999995598974,0.9999999988420959,0.9999999998589219,1.002668788713939,1.0024282140878606,4.64863082030476e-05,0.9999952350654153,0.9999942910035613,2.8769375061273576e-06,0.9999912529690544,0.9999746963443062,1.0000137379475265
0.03,1.3277659104370838e-07,6778.303260577998,0.0001,9.999999747378752e-05,9.999999747378752e-05,9.999999747378752e-05,0.00026648620178846633,0.0002810572059885918,2.871253884641419e-06,3.136439443741785e-09,7.768632417127676e-09,9.61472692592752e-10,0.9997335137982115,0.9997189427721929,2.871254107537871e-06,0.9999999968630792,0.9999999922316618,9.613262357282896e-10,0.9999999955100873,0.9999999891772526,0.9999999993940509,1.0026686843553574,1.002463230131838,5.348718113304031e-05,0.9999548229940476,0.9999428433848228,6.74331270813696e-06,0.9999356979101157,0.999899848045521,0.9999934077534048
0.1,1.4752954560412047e-06,6778.303260577998,0.0001,9.999999747378752e-05,9.999999747378752e-05,9.999999747378752e-05,0.00026766352159710894,0.00028235757693755834,2.888063290604574e-06,2.668308879899001e-07,4.0101969180462044e-07,2.6784870467312044e-08,0.9997323364784029,0.9997176424011429,2.888063514806559e-06,0.9999997328749818,0.9999995984101483,2.6840653359989016e-08,0.9999996346046525,0.9999994385501869,0.9999998149351202,1.002667497278019,1.002456180773471,5.3929262010965636e-05,0.9994953654670479,0.9994071773184038,2.237896539461873e-05,0.9993959368098675,0.9992514287877683,0.9995701060814555
0.3,1.3277659104370838e-05,6778.303260577998,0.0001,9.999999747378752e-05,9.999999747378752e-05,9.999999747378752e-05,0.0002780135858489119,0.0002858718625705184,2.5568725148875233e-06,2.059196034698651e-05,2.7833199467891937e-05,7.933611794299075e-07,0.9997219864141511,0.9997141281152372,2.55687271337868e-06,0.9999792183580055,0.9999718619848346,8.064662050000053e-07,0.9999732296287897,0.9999669929015196,0.9999775741387147,1.002657061554255,1.0024431447829705,4.893176227618454e-05,0.9954742769975095,0.9947768261938851,7.464779386154832e-05,0.9948526717134554,0.9942876155882292,0.9952867510725827
0.5,3.6882386401030106e-05,6778.303260577998,0.0001,9.999999747378752e-05,9.999999747378752e-05,9.999999747378752e-05,0.000298713714352518,0.000316418279422876,2.625849347099587e-06,0.00015584709055481473,0.00020411353815313904,3.6105467929003913e-06,0.9997012862856475,0.9996835816960136,2.6258495509462763e-06,0.9998401756288023,0.9997898562067253,3.7738316677348104e-06,0.9997943807636156,0.9997674422847537,0.9998145664281787,1.0026361907584003,1.0023736596132904,5.2750798283356615e-05,0.9875283891898999,0.9857672833867065,0.0001248567585034605,0.9858631402564982,0.9849792700215666,0.986565518512079
0.7,7.228947734601901e-05,6778.303260577998,0.0001,9.999999747378752e-05,9.999999747378752e-05,9.999999747378752e-05,0.00032976390710792687,0.0003445029845647584,2.717077135596026e-06,0.0005840861650604396,0.0007970914787823227,1.3652600406861131e-05,0.9996702360928921,0.9996554969886912,2.7170773465246475e-06,0.9993865760176193,0.999155375677008,1.48998259427569e-05,0.9991759948724885,0.9990630875698635,0.9992599415358518,1.0026048861937025,1.0022737509001214,5.8442028399341297e-05,0.9758445841496977,0.9718679518963572,0.00023951571836912928,0.9720954888048808,0.9703001322591192,0.9735164292549031
1.0,0.00014752954560412043,6778.303260577998,0.0001,9.999999747378752e-05,9.999999747378752e-05,0.002574999942225986,0.00039574556671317083,0.0004216012664542848,3.1666160198321926e-06,0.0023136930072484288,0.003045783492281233,4.213865721300649e-05,0.9996042544332868,0.9995783987008167,3.166616265658354e-06,0.9974463539397768,0.9965849993287302,4.9965587169458725e-05,0.9966216285823158,0.9962632708370047,0.9969126703090212,1.0025383704838298,1.0021975232849087,7.818494201881839e-05,0.9519119541166721,0.9449436779815713,0.0003838288566692495,0.9450690846098808,0.9423926940866526,0.9473611663290668
1.5,0.00033194147760927097,6778.303260577998,1.0,1.0,1.0,1.0,0.0005533137072863731,0.0006017773293176369,3.919739499405567e-06,0.008145435840361415,0.009618097441842884,0.0002282111582746297,0.9994466862927136,0.9993982226239659,3.9197398036969705e-06,0.9901571846547236,0.988111063769096,0.0002946581740591313,0.9877800426287804,0.9866442123488733,0.9888101430589957,1.002542289759667,1.0023808299222214,9.891876826997683e-05,0.9097629186898085,0.9031758362037384,0.0015672774233589412,0.9004596716740889,0.896404997015026,0.9043372298380233
2.0,0.0005901181824164817,6778.303260577998,10.0,10.0,10.0,10.0,0.0007388245859029774,0.0007911234373697019,6.1575477365918315e-06,0.004588866899595715,0.006195370260925273,0.000572479188349945,0.999261175414097,0.9992088765012151,6.157548214604714e-06,0.994718888442523,0.9923335194673006,0.0008421549303934113,0.9946362033429352,0.994049171491652,0.9952925304904287,1.0036500374678863,1.0033441749498888,0.00013050133680092985,0.9322898405001226,0.9255092326097867,0.0025554384776493933,0.931759845526843,0.9283831320940126,0.9357940864758951
3.0,0.0013277659104370839,6778.303260577998,10.0,10.0,10.0,10.0,0.001143505756864774,0.001204529082915442,8.367005517515108e-06,0.025030002506996888,0.025814695389530257,0.00025865554543536424,0.9988564942431353,0.9987954708235764,8.367006167050065e-06,0.964669188227532,0.9632937526418911,0.0004364275037443101,0.9635141825814266,0.960302898926409,0.9660791983861957,1.0032407787141966,1.0030924885628558,0.000139180826044431,0.8418189031275981,0.8395339400915637,0.0008124101255652386,0.8396219632796332,0.8338605545682811,0.8444692199429671
5.0,0.003688238640103011,6778.303260577998,10.0,10.0,10.0,100.0,0.0024384855039425233,0.0025688998712553217,1.7996445970940507e-05,0.12793191248216823,0.0806073732152005,0.006236010803676623,0.9975615144960575,0.9974310999293197,1.799644736801368e-05,0.6898139833856098,0.8041775724912138,0.015289275924504419,0.7150690685979784,0.6848496267731667,0.9998925345213265,1.0019333906950323,1.005277552451215,0.0004876471566328232,0.6423483718189936,0.7779583364490147,0.017782319876919007,0.6519803109298702,0.6404580027203447,1.0050421117340105
8.233044840382567,0.009999999223695108,6778.303260577998,100.0,100.0,100.0,100.0,0.0036457823160215373,0.0037977307231715053,3.283597900751067e-05,0.012877042942343167,0.011543313745049242,0.00018965661227948331,0.9963542176839785,0.9962022689820087,3.283598155658366e-05,0.9835969361962201,0.9854712135128527,0.0002670299791575329,0.9852016451301504,0.9837152026647776,0.9874875894123283,1.0098464805799532,1.0096039380798318,0.0003799617924958,0.8866709309113346,0.8929238384010358,0.0008876837319841121,0.8915449143592832,0.8868301205475835,0.899394956297804
10.0,0.014752954560412044,6778.303260577998,100.0,100.0,100.0,100.0,0.00451456617147345,0.004672758905140307,4.1317856665483686e-05,0.03456494946107538,0.032460071771398334,0.0004202462067799294,0.9954854338285265,0.9953272407321111,4.131785987300964e-05,0.9477893482146786,0.9515441621324918,0.0007644933876872109,0.951026310291126,0.9464659549205898,0.9572065491775228,1.0089493890318537,1.008359296461269,0.0004511638626429999,0.8142010345324378,0.8202090714601679,0.0011690292358580202,0.8187996483206557,0.8121008296710832,0.8285927001078548
14.260051964535403,0.029999997671085327,6778.303260577998,100.0,100.0,100.0,100.0,0.007301544789934882,0.007382940854265819,6.630243361630046e-05,0.12603842497071202,0.12077227424230101,0.0008947179232625209,0.9926984552100652,0.9926170585725927,6.630243876339141e-05,0.6966361681529771,0.7153733499157419,0.0032046791722840375,0.7140618854438389,0.691460561981655,0.7366776591721722,1.006082328747956,1.0062082144959685,0.0006563071466085234,0.6450698135676546,0.6527160805608871,0.0012955359131354403,0.6515807377684902,0.642895588119001,0.6608737210272858
20.0,0.059011818241648174,6778.303260577998,100.0,100.0,100.0,100.0,0.012604561448699205,0.012630101850249518,0.00010769738029941006,0.28916296570219063,0.2811559442682024,0.0014572430506870333,0.9873954385513007,0.9873698971692694,0.00010769738866001175,-0.3558234883115633,-0.2801872853021138,0.014073322113464595,-0.2898009256220119,-0.3577479114766244,-0.18406556058540208,1.0006716915795744,1.000900265354312,0.0008006978222735836,0.46232988346514176,0.4699355880382756,0.001376884442929735,0.46823195184802435,0.46184602497598537,0.4788958365254013
26.035173773906333,0.09999999223695111,6778.303260577998,1000.0,100.0,100.0,1000.0,0.019873756356411424,0.020205269199067514,0.00016575962825133734,0.01083276059320276,0.2501050912611907,0.021359504052267792,0.9801262436435886,0.9797947292323873,0.00016575964111933936,0.9911552158158694,-1.1641221847932186,0.19467537925427675,-2.34377664037956,-2.958638148768365,0.9913278094116669,1.0511316244073596,1.0156575751168122,0.0030126947898639874,1.10310890981092,0.6745708826111266,0.03816511181594985,0.35353415979767977,0.334492146675046,1.0988662301485494
30.0,0.1327765910437084,6778.303260577998,1000.0,1000.0,1000.0,1000.0,0.021192833140881193,0.021881532015233317,0.00028699450645070185,0.003464657878409557,0.09660429228335854,0.019957209211927267,0.9788071668591188,0.9781184662860926,0.00028699452873022735,0.9969420402294598,-0.21556921909434493,0.2620314955429175,0.9965326858516995,0.9946112646664979,0.9976953901191901,1.0495746309181293,1.0351415000845976,0.0027671586276087645,1.0567841030260907,0.9175439566333167,0.030118503439672224,1.0525882344502442,1.0355752262014346,1.067517572033569
40.0,0.2360472729665927,6778.303260577998,1000.0,1000.0,1000.0,1000.0,0.025348906803190366,0.024852508448541775,0.00029479486536382815,0.004773876146942863,0.0049744097725842856,0.00029037918153139105,0.9746510931968096,0.9751474896221456,0.0002947948882488991,0.9944071710000887,0.9941263555733946,0.0003719246827470441,0.9949676846738855,0.9915729947827077,0.9970772544101806,1.0446989641287847,1.0395459496422612,0.0015884284808249474,0.9332953297763756,0.9323715351208434,0.0020120869532560303,0.9337608427413409,0.9159197848947624,0.9487105324082519
45.09424376029051,0.2999999767108532,6778.303260577998,1000.0,1000.0,1000.0,1000.0,0.027922649347695484,0.028214488434004648,0.00038298184767449517,0.01717783118360345,0.01664400733733333,0.00047715871586100214,0.9720773506523045,0.9717855093756907,0.00038298187740556575,0.9770066980609772,0.9778320831458689,0.000727973502241021,0.9789776429320777,0.9728067723031695,0.9831599107968135,1.0417022441885033,1.0422722079425795,0.0018465793214646627,0.8703157291354776,0.8723356863328626,0.0018690235264895328,0.8733695785575022,0.8584406916392853,0.8851366157299958
60.0,0.5311063641748336,6778.303260577998,1000.0,1000.0,1000.0,1000.0,0.03722340298121659,0.03707968589517067,0.0005490987319311992,0.09062531022166981,0.09051150557696537,0.0015325855353929374,0.9627765970187834,0.9629203112263152,0.0005490987745580051,0.8128468780353438,0.81238564631437,0.004583663074249214,0.8138631991757623,0.7853623677614165,0.8420707295938236,1.031014822595175,1.0316218520491796,0.0024389770494114317,0.6996915806941751,0.7002308296833256,0.00256226921812895,0.698599280186075,0.6833915114199156,0.7156136540085447
82.33044840382567,0.999999922369511,6778.303260577998,1000.0,1000.0,1000.0,1000.0,0.05609377481718971,0.05675242931871634,0.0008250107711002359,0.24992072344529592,0.25001836422375373,0.002644156638708644,0.9439062251828103,0.9432475662755644,0.0008250108351462306,-0.011276838440274627,-0.016960010362947853,0.021655806307289013,-0.006704349296160594,-0.12685681046587138,0.14833635247538862,1.0099911195125377,1.0120955593986134,0.003360166890454615,0.5005790305706691,0.5006759951298324,0.002647510347973636,0.4991648350009769,0.48507545948886205,0.5200600435972498
100.0,1.4752954560412044,6778.303260577998,1000.0,1000.0,1000.0,1000.0,0.07522179075090048,0.0766255370042335,0.001198248861062521,0.37441918571521965,0.37127161993173347,0.003086288834111474,0.9247782092490995,0.923374457047288,0.0011982489540831739,-1.5260187431408068,-1.4836423872528384,0.054169176062839164,-1.4020415226708174,-1.7810890123081031,-1.1523204119240291,0.9895376911835203,0.9881869948288872,0.00425787451105271,0.3885103925420127,0.39119950227602546,0.0025298275678333256,0.39217976305560825,0.37486125044733015,0.40534384679629565
142.60051964535404,2.999999767108533,6778.303260577998,1000.0,1000.0,1000.0,10000.0,0.13658270473003034,0.1404554574292403,0.001917701967147724,0.5993102049134847,0.40417605489182185,0.024260345054093534,0.8634172952699697,0.8595445316671331,0.001917702116019877,-11.118727948468555,-5.984254903605829,0.5705544275141354,-8.003832811960757,-9.990500782541607,0.9352903266634189,0.9291750815055071,1.0461091867032617,0.01772364922297851,0.22611739255781022,0.6268912979166585,0.05173416731383129,0.24998641063101962,0.2317397074694676,1.26865832938537
180.0,4.779957277573502,6778.303260577998,10000.0,10000.0,10000.0,10000.0,0.15888375431362364,0.1734641275769048,0.00396240250291554,0.021970073149839574,0.1630466118787574,0.027756423673330227,0.8411162456863763,0.826535858956989,0.0039624028105188095,0.9843492159687004,-5.13096011907871,1.268569842557044,0.9805858463357185,0.9614344819572238,0.9906763096547953,1.2411804516864187,1.1778842771032882,0.01826183209739172,1.1323081214785655,0.9469258351421738,0.04023036663521659,1.112618215527093,1.049869827338534,1.1815075619327011
260.3517377390633,9.999999223695108,6778.303260577998,10000.0,10000.0,10000.0,10000.0,0.1969294555865796,0.20154217670895158,0.008039536075353784,0.032690765701589686,0.06209967115847874,0.01635505887284622,0.8030705444134204,0.7984578076452294,0.008039536699466951,0.9468036721579021,-4.966411471962992,2.9636249375757657,0.968512451415539,0.9313141225452157,0.9822963037980698,1.1631878605554244,1.1622665676111397,0.014332138780954537,0.8318891949350066,0.8112062675282635,0.016347428228434345,0.849296725185488,0.7923428941243632,0.8825701066699367
