feature,feature_dim,n,sigma,noise_signal_ratio,retained_signal_fraction,residual_signal_fraction,de_alpha_cv,de_lambda,de_kappa,de_effective_noise_variance,de_df2,de_variance_scale,de_gen_error,de_gen_error_normalized,de_r2_gen,de_slope_gen,de_acc_error,de_acc_error_normalized,de_r2_acc,de_slope_acc,de_acc_numerator,de_acc_denominator,de_mean_feature_norm_sq,de_mean_pixel_gradient_norm_sq
top_pc_5,5,1000,0.0,0.0,0.56451617769074,0.4354838223092599,177.82794100389228,0.17782794100389226,0.17871783894283944,2951.841412687826,4.958795728017869,2.966614806361189,2966.6148063611886,0.4376633343649219,0.5623366656350781,1.0000505002335025,7.675579077178393e-05,1.1323746935046223e-08,0.9999999886786627,1.0001064130956934,83.74018776822905,83.73127766376649,83.39015642679095,83.73127766376649
top_pc_10,10,1000,0.0,0.0,0.8755830670852994,0.12441693291470063,50.118723362727245,0.05011872336272725,0.05062369860088338,843.3357020468293,9.950239498505551,0.8518319202929275,851.8319202929275,0.12567037613190093,0.8743296238680991,1.000166166193845,5.704966243411381e-05,8.41651077577327e-09,0.9999999915819447,0.9999082584566525,187.27731336070337,187.2944960468312,186.87657956857842,187.2944960468312
top_pc_20,20,1000,0.0,0.0,0.9534845312348563,0.04651546876514364,28.183829312644548,0.028183829312644546,0.02875695657390011,315.2959535980872,19.860435297944232,0.3217081735241984,321.70817352419834,0.04746146065715651,0.9525385393428435,1.0002898491678787,3.1382727304346664e-05,4.6298794990282865e-09,0.9999999953707505,1.0000680432178768,288.0198527533754,288.00025628918814,287.2215916107182,288.00025628918814
top_pc_30,30,1000,0.0,0.0,0.9641755087875822,0.03582449121241779,39.81071705534978,0.039810717055349776,0.04103120742120737,242.82926559367934,29.494018249087155,0.25027264937161275,250.27264937161277,0.03692261023893339,0.9630773897610666,1.0008280603179527,4.7990319502170895e-05,7.079990029551831e-09,0.9999999929188184,0.9999158573233754,312.93374383123415,312.9600771298005,311.42665461777557,312.9600771298005
top_pc_50,50,1000,0.0,0.0,0.9861837720605539,0.013816227939446143,19.95262314968883,0.01995262314968883,0.02099342489644887,93.65058289083663,49.1602647000612,0.09853793503544163,98.53793503544162,0.01453725678054704,0.9854627432194529,1.0005484017067672,0.0004042401872191783,5.963737113536995e-08,0.999999940391746,1.0002442076393878,407.10524793115144,407.00585399233097,405.0474047979636,407.00585399233097
top_pc_70,70,1000,0.0,0.0,0.991183766609438,0.008816233390562055,17.78279410038923,0.01778279410038923,0.01910403553565426,59.7591035372634,68.33553177746016,0.06420187640485497,64.20187640485497,0.009471673652940155,0.9905283263470599,1.0006187389011747,0.0005973242427658364,8.812297411356917e-08,0.9999999119293221,1.000296855139948,449.7434112383809,449.60994221606234,446.8380825578803,449.60994221606234
top_pc_100,100,1000,0.0,0.0,0.995170448343696,0.004829551656304055,12.589254117941687,0.012589254117941687,0.013966030867086822,32.73616573905565,97.1906785080308,0.03631294591652419,36.312945916524185,0.005357232410611814,0.9946427675893882,1.0005047598552443,0.0012225943333540735,1.80368786457899e-07,0.9999998194779112,0.999575301534665,499.5287695831897,499.7410088227017,496.12763681553514,499.7410088227017
top_pc_150,150,1000,0.0,0.0,0.9985813530506669,0.0014186469493331585,5.011872336272725,0.005011872336272725,0.005885515959016155,9.616019242273978,146.9033349951849,0.011291176399185395,11.291176399185394,0.00166578212350779,0.9983342178764922,1.0002509498933263,0.00048304037699442587,7.126272732643068e-08,0.9999999286992102,0.9997330492042971,573.014541453987,573.1675489872603,570.2202770315171,573.1675489872603
top_pc_200,200,1000,0.0,0.0,0.9994066868813765,0.0005933131186234951,3.5481338923357533,0.0035481338923357532,0.0044223353095355685,4.0216562465093375,195.39762884614518,0.005013232810058917,5.013232810058917,0.0007395999584756598,0.9992604000415244,1.0002461831526102,0.00030885804504045755,4.556568704099566e-08,0.9999999544537598,1.0002134612073446,601.0909775304,600.9626953078905,598.3768550656268,600.9626953078905
top_pc_300,300,1000,0.0,0.0,0.9997814542592695,0.00021854574073051805,2.5118864315095824,0.0025118864315095825,0.0035633700049523304,1.4813693069791043,290.28366178039556,0.002101523786352482,2.101523786352482,0.00031003684927683237,0.9996899631507231,1.0002360791741653,1.616938980824188e-06,2.3854627311058203e-10,0.9999999997614611,1.000015444943286,622.7586867342579,622.7490684102149,619.9196721670595,622.7490684102149
top_pc_500,500,1000,0.0,0.0,0.9999204621686296,7.95378313704058e-05,2.2387211385683425,0.0022387211385683425,0.004307274883691364,0.5391315417173246,461.66090371247714,0.001036216017982822,1.036216017982822,0.0001528724782807168,0.9998471275217193,1.0003311828790158,0.0002776205234028194,4.0957229667996034e-08,0.9999999590261875,0.9997976210740517,636.1594410059308,636.288212330936,631.8170079206817,636.288212330936
top_pc_700,700,1000,0.0,0.0,0.9999594019149393,4.059808506073792e-05,1.9952623149688788,0.001995262314968879,0.005619846228757473,0.2751861323404228,596.3127157779496,0.0007718684468376883,0.7718684468376882,0.00011387340122812233,0.9998861265987719,1.0004589209293973,0.0006813295563378901,1.0051623985318589e-07,0.9999998994199939,0.9996829570378432,641.330915615172,641.5343095529979,634.8525631375056,641.5343095529979
top_pc_1000,1000,1000,0.0,0.0,0.9999801851928315,1.9814807168457426e-05,1.2589254117941688,0.0012589254117941688,0.007836090386976287,0.13431077203767927,715.5939064374656,0.0007530399351420535,0.7530399351420535,0.00011109563945326347,0.9998889043605468,1.0006541450232755,0.047041378241968516,6.939993156629173e-06,0.9999930232965927,0.9973656133243904,643.9993586588153,645.7003831446074,633.8082594921462,645.7003831446074
top_pc_1500,1500,1000,0.0,0.0,0.9999915571772584,8.442822741638577e-06,0.0001,1.0000000000000001e-07,0.012589381809142746,0.057228012918130844,721.4784806381189,0.0009464034152937321,0.9464034152937318,0.00013962246581647193,0.9998603775341836,1.0010624731348556,0.3356151712216543,4.9513153708179734e-05,0.9999497826176282,0.9929634416290221,641.3870298775602,645.9321692904649,624.9949855844177,645.9321692904649
top_pc_2000,2000,1000,0.0,0.0,0.9999954391229595,4.560877040484501e-06,0.0001,1.0000000000000001e-07,0.01904766640696259,0.03091500771461142,617.3836626452862,0.00118044219793875,1.1804421979387498,0.00017415010107383296,0.9998258498989262,1.001619362272549,0.044086668744343686,6.504086207052403e-06,0.9999934626115654,0.9974496889979745,634.6559690730105,636.2786775848093,612.567097211738,636.2786775848093
top_pc_3000,3000,1000,0.0,0.0,0.9999983955359198,1.6044640801641037e-06,0.0001,1.0000000000000001e-07,0.02545222644574826,0.010875544106056623,533.9912298574811,0.0014779630621963907,1.4779630621963906,0.00021804321898550788,0.9997819567810144,1.0021528361544028,0.0031264995826909767,4.6125106276587196e-07,0.9999995381217768,0.9993208453322211,628.3903776866077,628.8174419875144,601.7574147012657,628.8174419875144
top_pc_5000,5000,1000,0.0,0.0,0.9999996664803754,3.335196245888708e-07,0.0001,1.0000000000000001e-07,0.02998141317337756,0.002260697158817493,484.9358073056165,0.001709033813512452,1.7090338135124519,0.00025213298192956914,0.9997478670180704,1.002522019142217,9.841962664265498e-05,1.4519802797118075e-08,0.9999999854766973,0.9998795018556279,624.1100065896136,624.185219750338,594.8251486942223,624.185219750338
top_pc_7000,7000,1000,0.0,0.0,0.9999999103213496,8.967865041704026e-08,0.0001,1.0000000000000001e-07,0.03132829183552439,0.0006078690885260585,471.7348932527502,0.0017802214235327414,1.780221423532741,0.0002626352576885057,0.9997373647423115,1.0026306780547527,6.455072304798484e-06,9.523138839686628e-10,0.9999999990476274,0.9999691404166592,622.860690673562,622.8799124881327,592.8615768954517,622.8799124881327
top_pc_10000,10000,1000,0.0,0.0,1.0,0.0,0.0001,1.0000000000000001e-07,0.03180286218804824,0.0,467.2203109502513,0.0018055350368963244,1.8055350368963243,0.00026636976356563354,0.9997336302364344,1.0026688486488013,5.575597651961855e-10,8.225653880653333e-14,0.9999999999999177,1.0000002868040077,622.4269883222023,622.4268098076988,592.1796354318212,622.4268098076988
top_pc_5,5,1000,8.233045159950235,0.010000000000000002,0.56451617769074,0.4354838223092599,177.82794100389228,0.17782794100389226,0.17871783894283944,3019.624445293606,4.958795728017869,3.0347356362471967,2966.9526036414163,0.4377131694441802,0.5622868305558197,0.9999618732322276,1.1214725869582002e-06,1.654503411614207e-10,0.9999999998345539,1.00001286275014,83.74018776822905,83.73911065297177,83.39015642679095,83.73911065297177
top_pc_10,10,1000,8.233045159950235,0.010000000000000002,0.8755830670852994,0.12441693291470063,56.23413251903491,0.05623413251903491,0.05680055026589029,911.1187346526093,9.944203827023145,0.9202958645993627,852.5128319935828,0.12577083072569514,0.8742291692743048,1.0002460879483754,6.420954298724506e-07,9.472804700356502e-11,0.9999999999052701,0.999990267166548,187.22843592066477,187.230258201585,186.7791394280863,187.230258201585
top_pc_20,20,1000,8.233045159950235,0.010000000000000002,0.9534845312348563,0.04651546876514364,31.622776601683793,0.03162277660168379,0.032265556560727424,383.0789862038672,19.843553338925332,0.39086398233054187,323.0809497247618,0.047663985706241786,0.9523360142937582,1.0002332508508618,0.00020629715162681213,3.043492503892793e-08,0.999999969554453,0.9998255439165895,287.92251353524347,287.97275213370966,287.02788012083306,287.97275213370966
top_pc_30,30,1000,8.233045159950235,0.010000000000000002,0.9641755087875822,0.03582449121241779,50.118723362727245,0.05011872336272725,0.05165177670909419,310.61229819945936,29.36611709912938,0.3201102419720826,252.3272093663026,0.03722571854136639,0.9627742814586336,1.0010203989046966,0.00025074609585030365,3.699245758280252e-08,0.9999999629933085,0.9998076657659625,312.54453223760987,312.6046568148349,310.6559443040361,312.6046568148349
top_pc_50,50,1000,8.233045159950235,0.010000000000000002,0.9861837720605539,0.013816227939446143,31.622776601683793,0.03162277660168379,0.03326386207321154,161.43361549661662,48.683719048562004,0.1698076141618014,102.02458155602139,0.015051640157410362,0.9849483598425897,1.0007692939634918,0.0004618837542417604,6.814150038521215e-08,0.9999999318229105,0.9997389607301856,405.9098562181409,406.0158422971472,402.68916931205626,406.0158422971472
top_pc_70,70,1000,8.233045159950235,0.010000000000000002,0.991183766609438,0.008816233390562055,35.481338923357605,0.03548133892335761,0.03808461073286526,127.5421361430434,66.76667485838406,0.13689647996920906,69.11344736342906,0.010196275484660984,0.989803724515339,1.001145172960878,0.00024082988863833538,3.5529524038704544e-08,0.9999999644570781,0.9998115072308053,446.8988740408689,446.98312712828465,441.27400208650414,446.98312712828465
top_pc_100,100,1000,8.233045159950235,0.010000000000000002,0.995170448343696,0.004829551656304055,39.81071705534978,0.039810717055349776,0.0440246620709393,100.51919834483564,91.70413679266228,0.11115282253979353,43.36978993401354,0.0063983254019111735,0.9936016745980888,1.0016456083837721,0.0004654173200507126,6.866280574336912e-08,0.9999999313011959,0.9997379641136345,492.45875050325355,492.5878261909024,482.454118300321,492.5878261909024
top_pc_150,150,1000,8.233045159950235,0.010000000000000002,0.9985813530506669,0.0014186469493331585,39.81071705534978,0.039810717055349776,0.046232499016507375,77.39905184805397,128.98972764492453,0.08985113106210714,22.06809845632714,0.003255696537608934,0.9967443034623911,1.0019650374180638,0.008282214731870442,1.2218713759885985e-06,0.999998775422867,0.9988946170907832,555.3747307472604,555.9893118302648,536.72537568091,555.9893118302648
top_pc_200,200,1000,8.233045159950235,0.010000000000000002,0.9994066868813765,0.0005933131186234951,50.118723362727245,0.05011872336272725,0.060659891467698214,71.80468885228933,152.41055929593696,0.08673665087074571,18.953618264965712,0.002796218690184349,0.9972037813098157,1.0029334398858167,0.1108863858043817,1.6359018111403623e-05,0.9999835078423892,0.9959553716967559,571.126261273572,573.4456357221858,542.8970556756449,573.4456357221858
top_pc_300,300,1000,8.233045159950235,0.010000000000000002,0.9997814542592695,0.00021854574073051805,70.79457843841388,0.07079457843841389,0.09075015607869347,69.2644019127591,168.38091473955814,0.08794918674569406,20.166154139914056,0.002975103556844173,0.9970248964431558,1.0049395934274157,1.0588743621652967,0.00015621525350209908,0.9998398053504274,0.987501389937193,570.1441346527005,577.360336362628,527.4354442705718,577.360336362628
top_pc_500,500,1000,8.233045159950235,0.010000000000000002,0.9999204621686296,7.95378313704058e-05,79.43282347242821,0.07943282347242821,0.11026342812097034,68.32216414749732,179.99520217532745,0.09018517683001011,22.402144224230113,0.0033049781579586397,0.9966950218420414,1.0060867684145698,17.58332611375688,0.002594060111771617,0.9971200476754101,0.9490680835647075,566.7340896056254,597.1479806558951,515.6735190998667,597.1479806558951
top_pc_700,700,1000,8.233045159950235,0.010000000000000002,0.9999594019149393,4.059808506073792e-05,89.12509381337459,0.08912509381337459,0.12825964523245284,68.05821873812042,173.49152603655833,0.09104467168933282,23.26163908355283,0.0034317790440035975,0.9965682209559964,1.0073427770038021,26.496247896283336,0.003908979412352812,0.9955522429441357,0.9374781685140877,560.3426139962467,597.7127071496452,504.27685840102436,597.7127071496452
top_pc_1000,1000,1000,8.233045159950235,0.010000000000000002,0.9999801851928315,1.9814807168457426e-05,89.12509381337459,0.08912509381337459,0.13438977808165462,67.91734337781767,173.3236623496897,0.09158357224054922,23.800539634769237,0.003511282797450364,0.9964887172025496,1.0077282139896715,51.65905660753212,0.007621237147646749,0.9908510956636729,0.9127003027058699,558.6133406004328,612.0446535892665,500.6280620906534,612.0446535892665
top_pc_1500,1500,1000,8.233045159950235,0.010000000000000002,0.9999915571772584,8.442822741638577e-06,89.12509381337459,0.08912509381337459,0.1403410938557134,67.84026061869812,170.95870261382868,0.09189662630364934,24.113593697869337,0.0035574675211290457,0.9964425324788709,1.0081334622997844,79.4029110920575,0.011714275393055616,0.9852696809196041,0.89176749382438,556.5867539725936,624.1388678405953,497.11851521088096,624.1388678405953
top_pc_2000,2000,1000,8.233045159950235,0.010000000000000002,0.9999954391229595,4.560877040484501e-06,79.43282347242821,0.07943282347242821,0.1320523800447933,67.8139476134946,179.15351723316067,0.09198566600786662,24.202633402086615,0.0035706035082329456,0.9964293964917671,1.0074873861345979,141.21857126862355,0.02083391165012313,0.9715443885735872,0.8556604293683706,560.3546711589157,654.8797302366279,502.1038256124843,654.8797302366279
top_pc_3000,3000,1000,8.233045159950235,0.010000000000000002,0.9999983955359198,1.6044640801641037e-06,79.43282347242821,0.07943282347242821,0.13577532023390257,67.79390814988605,176.29590717169023,0.09203326536565193,24.25023275987194,0.0035776258198580626,0.9964223741801419,1.0077647295604335,163.49369282791574,0.024120150212042054,0.966194929948587,0.8446933671344264,558.8702628756387,661.6250163909465,499.8442985520119,661.6250163909465
top_pc_5000,5000,1000,8.233045159950235,0.010000000000000002,0.9999996664803754,3.335196245888708e-07,79.43282347242821,0.07943282347242821,0.13857471853781986,67.78529330293881,173.97967989996334,0.09205269343717865,24.26966083139865,0.0035804920344223623,0.9964195079655777,1.0079751604450244,179.46280243142292,0.02647606569554986,0.962233521451034,0.8372853242772802,557.7224701608015,666.1080207541091,498.1726324762469,666.1080207541091
top_pc_7000,7000,1000,8.233045159950235,0.010000000000000002,0.9999999103213496,8.967865041704026e-08,79.43282347242821,0.07943282347242821,0.13943357901742556,67.78364047486852,173.2500381553422,0.09205687192699691,24.273839321216926,0.0035811084851265643,0.9964188915148734,1.0080398870024299,184.20872202890192,0.02717622905723963,0.9610360971088976,0.8351478569831753,557.365918297919,667.3859169217118,497.6645541288589,667.3859169217118
top_pc_10000,10000,1000,8.233045159950235,0.010000000000000002,1.0,0.0,79.43282347242821,0.07943282347242821,0.13973891756842338,67.78303260578,172.9887668507723,0.09205818411800049,24.275151512220482,0.003581302072069065,0.9964186979279309,1.0080629127357639,185.87502586187438,0.02742205810455646,0.9606135023483722,0.8344039308903848,557.2396167274503,667.8295680280713,497.48446828043603,667.8295680280713
top_pc_5,5,1000,26.03517478446803,0.1,0.56451617769074,0.4354838223092599,223.87211385683423,0.22387211385683423,0.22499122742068348,3629.671738745626,4.948228216012974,3.6478209006143345,2969.9905745565347,0.43816135991284616,0.5618386400871538,1.0001763289093633,0.00043819139308012633,6.464617710874756e-08,0.9999999353866837,1.0002542561250172,83.64966481208731,83.62840177870967,83.21004073224648,83.62840177870967
top_pc_10,10,1000,26.03517478446803,0.1,0.8755830670852994,0.12441693291470063,89.12509381337459,0.08912509381337459,0.09002132813211006,1521.1660281046293,9.911874800695749,1.5364590657726875,858.6287397148876,0.12667310781277596,0.873326892187224,1.0002599307716593,0.0003170995356715577,4.678155040890249e-08,0.9999999531982062,0.9997837095693081,186.96617885169078,187.00662659549937,186.2569272437632,187.00662659549937
top_pc_20,20,1000,26.03517478446803,0.1,0.9534845312348563,0.04651546876514364,89.12509381337459,0.08912509381337459,0.09092367416133743,993.1262796558871,19.565906919021074,1.0131748879967388,335.34456193893897,0.049473230843664485,0.9505267691563355,1.0009304754628883,0.00046035751881541305,6.791633556627821e-08,0.9999999321190496,1.0002606076276057,286.3114348686876,286.23683936504733,283.8376810120313,286.23683936504733
top_pc_30,30,1000,26.03517478446803,0.1,0.9641755087875822,0.03582449121241779,141.25375446227554,0.14125375446227553,0.145491187169206,920.6595916514792,28.287285497218534,0.9482264815565553,270.39615549875526,0.039891421953832454,0.9601085780461676,1.0026905497534742,0.008429160192149593,1.24355017297217e-06,0.9999987536717013,0.9988848541920573,309.18037517826,309.5255412880786,304.065723770562,309.5255412880786
top_pc_50,50,1000,26.03517478446803,0.1,0.9861837720605539,0.013816227939446143,158.48931924611142,0.15848931924611143,0.16629088869832917,771.4809089486365,44.10339315450667,0.8095461926455049,131.71586658770502,0.019431981946537072,0.9805680180534629,1.0041602597882338,0.011520610712995486,1.699630463570186e-06,0.9999983047924975,1.0013036987625867,393.8197571873839,393.3070033338209,379.618439818915,393.3070033338209
top_pc_70,70,1000,26.03517478446803,0.1,0.991183766609438,0.008816233390562055,199.52623149688827,0.19952623149688828,0.21272444595060616,737.5894295950633,55.36199636971354,0.7864021578374623,108.57183177966229,0.01601755300786058,0.9839824469921394,1.0062834760742956,0.00038236415120121,5.641000948201971e-08,0.9999999436167766,1.0002375079145671,424.0306870001762,423.9300002698897,399.22895435732113,423.9300002698897
top_pc_100,100,1000,26.03517478446803,0.1,0.995170448343696,0.004829551656304055,251.18864315095823,0.25118864315095824,0.27296754419635894,710.5664917968555,65.13694700854482,0.7720143770182228,94.18405096042295,0.01389493024134652,0.9861050697586535,1.0093765080885582,0.009769708308040978,1.4413206273700859e-06,0.9999985552123751,0.9987994498646995,450.4854144327803,451.0268948323955,409.5969429166658,451.0268948323955
top_pc_150,150,1000,26.03517478446803,0.1,0.9985813530506669,0.0014186469493331585,281.8382931264455,0.2818382931264455,0.3139740911349536,687.4463453000739,74.33098921867271,0.763809924863273,85.97959880547319,0.012684531142996036,0.9873154688570039,1.0114066007639475,0.9548665928680518,0.00014087103455837834,0.9998557245037997,0.9881310895799834,480.92376730404055,486.7003704017275,418.53380320776006,486.7003704017275
top_pc_200,200,1000,26.03517478446803,0.1,0.9994066868813765,0.0005933131186234951,316.2277660168379,0.3162277660168379,0.3577279965772059,681.8519823043092,75.91503193588079,0.7657102203603207,87.87989430252085,0.012964880874189033,0.987035119125811,1.0136305252679674,5.3127402164805195,0.0007837861500501075,0.9991704135643067,0.9720038190095487,482.5793739480007,496.4788867185099,410.65511174345033,496.4788867185099
top_pc_300,300,1000,26.03517478446803,0.1,0.9997814542592695,0.00021854574073051805,354.81338923357606,0.3548133892335761,0.4091002908127949,679.311695364779,75.34282715453044,0.7693764232715796,91.54609721377975,0.013505754123779561,0.9864942458762205,1.0162598279453003,22.806841021982418,0.00336468289263848,0.9962081795679087,0.9419941132932313,477.5501159107923,506.9565819697821,399.09079003813684,506.9565819697821
top_pc_500,500,1000,26.03517478446803,0.1,0.9999204621686296,7.95378313704058e-05,354.81338923357606,0.3548133892335761,0.42045738161414337,678.3694575995172,77.26846265179203,0.7719149373537769,94.0846112959771,0.013880259952835797,0.9861197400471642,1.016561805072583,95.1201337889281,0.014033030115683706,0.9819420483512598,0.8815389088532285,477.33469980454737,541.4788785959544,396.70631574137957,541.4788785959544
top_pc_700,700,1000,26.03517478446803,0.1,0.9999594019149393,4.059808506073792e-05,354.81338923357606,0.3548133892335761,0.42704204824894926,678.1055121901403,77.4801333014968,0.772742835287392,94.91250922959205,0.014002399358788602,0.9859976006412114,1.0168449849240215,153.5352430981657,0.022650984648490552,0.968612059921305,0.8494975593271307,476.65021788720395,561.0966301830798,395.24112631423264,561.0966301830798
top_pc_1000,1000,1000,26.03517478446803,0.1,0.9999801851928315,1.9814807168457426e-05,354.81338923357606,0.3548133892335761,0.43308512790329,677.9646368298376,77.28448534336975,0.7732029890908781,95.37266303307818,0.014070285640324918,0.9859297143596751,1.0171530394513402,213.8143327396704,0.031543931352731786,0.9533602652407949,0.822393887062602,475.8158482134001,578.5741549136542,393.88794328862036,578.5741549136542
top_pc_1500,1500,1000,26.03517478446803,0.1,0.9999915571772584,8.442822741638577e-06,354.81338923357606,0.3548133892335761,0.43870892676057655,677.887554070718,76.86784343689153,0.7734428495696395,95.61252351183951,0.014105672147764965,0.9858943278522351,1.0174692005338812,273.3286225384185,0.040324047483693025,0.9368661333910673,0.7991915154091017,474.92879344783097,594.2615559484732,392.63639083501187,594.2615559484732
top_pc_2000,2000,1000,26.03517478446803,0.1,0.9999954391229595,4.560877040484501e-06,354.81338923357606,0.3548133892335761,0.4418940419497966,677.8612410655145,76.56075285154242,0.7735207638303772,95.69043777257723,0.01411716680324768,0.9858828331967523,1.0176571987859089,307.8325011868838,0.04541438902228083,0.9266565081817074,0.7868934796345245,474.3918107912623,602.8666179971339,391.9326977900318,602.8666179971339
top_pc_3000,3000,1000,26.03517478446803,0.1,0.9999983955359198,1.6044640801641037e-06,354.81338923357606,0.3548133892335761,0.44526507959070877,677.8412016019059,76.19537816861171,0.7735699867330986,95.73966067529884,0.014124428635719515,0.9858755713642805,1.0178612157222249,344.59015606559194,0.050837229144009725,0.9152564511073892,0.7745288729260225,473.8093798258899,611.7388213507501,391.192688919002,611.7388213507501
top_pc_5000,5000,1000,26.03517478446803,0.1,0.9999996664803754,3.335196245888708e-07,354.81338923357606,0.3548133892335761,0.4477808049076469,677.8325867549587,75.90238158212217,0.7735899349738895,95.75960891608969,0.014127371590618991,0.9858726284093811,1.018015978540134,372.0567086751682,0.05488935716981218,0.9063832450358442,0.7657152220697807,473.3628574925033,618.1970056870113,390.64374720350145,618.1970056870113
top_pc_7000,7000,1000,26.03517478446803,0.1,0.9999999103213496,8.967865041704026e-08,354.81338923357606,0.3548133892335761,0.44855031740394347,677.8309339268884,75.81004005637118,0.7735937833920256,95.76345733422562,0.01412793934599788,0.9858720606540021,1.0180636487372938,380.4481286884903,0.056127339551350915,0.90361147951208,0.7630879075451172,473.22448629045243,620.1441296754833,390.4764147393129,620.1441296754833
top_pc_10000,10000,1000,26.03517478446803,0.1,1.0,0.0,354.81338923357606,0.3548133892335761,0.448823655511794,677.8303260577999,75.776950899844,0.7735949106780108,95.7645846202109,0.014128105653987054,0.985871894346013,1.018080616690243,383.4255028287113,0.05656659020535117,0.9026211502016597,0.7621626812181251,473.1754278283113,620.8325853373711,390.41704243296306,620.8325853373711
top_pc_5,5,1000,82.33045159950234,0.9999999999999999,0.56451617769074,0.4354838223092599,562.341325190349,0.5623413251903491,0.565130464910896,9730.144673265822,4.871795904146854,9.778396421125386,3000.0931605473893,0.4426023807455859,0.5573976192544141,0.9996426387820847,0.00022048388502815064,3.25278873712342e-08,0.9999999674603763,0.9998196451071603,82.9907416260219,83.005712112335,81.9053352215081,83.005712112335
top_pc_10,10,1000,82.33045159950234,0.9999999999999999,0.8755830670852994,0.12441693291470063,446.6835921509635,0.4466835921509635,0.45109707445826414,7621.6389626248265,9.57429253533175,7.696868024140481,918.5647635624838,0.13551544217632955,0.8644845578236704,1.0013440093119073,0.005693760469695895,8.399978948729387e-07,0.9999991584602461,0.9990834860094505,184.18095897865896,184.349918257899,180.7737201963226,184.349918257899
top_pc_20,20,1000,82.33045159950234,0.9999999999999999,0.9534845312348563,0.04651546876514364,630.9573444801943,0.6309573444801942,0.6429074997843909,7093.599214176084,17.316702898331748,7.228302828801738,449.99956822373974,0.06638823182209871,0.9336117681779013,1.006480356079673,0.026587037455416046,3.92237355475726e-06,0.9999960931169202,1.0019804983097083,272.4941958821849,271.95558829924255,257.6658697492357,271.95558829924255
top_pc_30,30,1000,82.33045159950234,0.9999999999999999,0.9641755087875822,0.03582449121241779,1000.0,1.0,1.0257063807661246,7021.132526171677,21.239951482098203,7.201137995557707,422.8347349797101,0.06238061631719532,0.9376193836828047,1.0179399064662789,0.01776373988658055,2.620676473697018e-06,0.9999973708179118,0.9983811496444399,282.80294537439966,283.2615033598302,256.4273195112905,283.2615033598302
top_pc_50,50,1000,82.33045159950234,0.9999999999999999,0.9861837720605539,0.013816227939446143,1122.0184543019652,1.1220184543019651,1.1634783184396755,6871.953843468834,26.6428632532093,7.121825216651206,343.5219560732088,0.05067963808451911,0.9493203619154809,1.0223862573790636,0.675781041433195,9.969766997051853e-05,0.999898281172197,0.9900151279442089,333.26699177343977,336.62818109201726,281.58957168837105,336.62818109201726
top_pc_70,70,1000,82.33045159950234,0.9999999999999999,0.991183766609438,0.008816233390562055,1258.9254117941687,1.2589254117941686,1.3144709794576346,6838.062364115261,28.23429197788122,7.123879041362039,345.5757807840417,0.0509826379108588,0.9490173620891412,1.0270309299172407,7.227791509379645,0.0010663127971000988,0.9988604816036936,0.967345554711493,342.93720563797854,354.51365230107274,278.5166153767973,354.51365230107274
top_pc_100,100,1000,82.33045159950234,0.9999999999999999,0.995170448343696,0.004829551656304055,1412.5375446227554,1.4125375446227553,1.4841836803471518,6811.039426317053,28.413252884998087,7.126858537222894,348.5552766448966,0.05142220158134009,0.9485777984186599,1.0333698343804825,18.15757112916712,0.0026787782179605213,0.9970208155673694,0.9482430853125834,348.3093102747536,367.3206962114944,271.95630996039006,367.3206962114944
top_pc_150,150,1000,82.33045159950234,0.9999999999999999,0.9985813530506669,0.0014186469493331585,1412.5375446227554,1.4125375446227553,1.497352983915904,6787.919279820271,29.742618659657538,7.13012295185159,351.8196912735926,0.051903799188175045,0.948096200811825,1.0327161860533653,71.32475527632037,0.010522508736240636,0.9869344676289046,0.8974207197517908,360.33015097396867,401.5175302322293,273.42001991215767,401.5175302322293
top_pc_200,200,1000,82.33045159950234,0.9999999999999999,0.9994066868813765,0.0005933131186234951,1412.5375446227554,1.4125375446227553,1.5060861002190185,6782.3249168245065,30.265094685089167,7.133513663548254,355.21040297025763,0.05240402934405862,0.9475959706559414,1.0324399818637353,140.306851218986,0.020699406005481934,0.9717589151810847,0.8561271185890755,363.09922971628,424.11836026719834,273.2688539898135,424.11836026719834
top_pc_300,300,1000,82.33045159950234,0.9999999999999999,0.9997814542592695,0.00021854574073051805,1584.893192461114,1.584893192461114,1.6948125159441403,6779.784629884976,28.267751153102562,7.13653810176912,358.23484119112254,0.052850223340490554,0.9471497766595094,1.0409492209187245,153.144518750037,0.02259334126295466,0.9687060573936943,0.8496891844777806,353.8735330043573,416.47409366737804,262.4064313218203,416.47409366737804
top_pc_500,500,1000,82.33045159950234,0.9999999999999999,0.9999204621686296,7.95378313704058e-05,1584.893192461114,1.584893192461114,1.706798688342733,6778.8423921197145,28.366136072229246,7.138330833063712,360.0275724857149,0.05311470417377206,0.9468852958262279,1.0412013030924363,269.42770617876823,0.03974854706571415,0.9379905401367575,0.8006296233997785,353.7605349898295,441.8529175670861,261.7745390566078,441.8529175670861
top_pc_700,700,1000,82.33045159950234,0.9999999999999999,0.9999594019149393,4.059808506073792e-05,1584.893192461114,1.584893192461114,1.7134147197158123,6778.578446710338,28.357137031791527,7.13888317301123,360.57991243323215,0.053196190635248275,0.9468038093647517,1.0414193663742042,341.042170363618,0.050313796425587594,0.9163804630257582,0.7756926295780997,353.55555721139143,455.7933693448793,261.41998950946027,455.7933693448793
top_pc_1000,1000,1000,82.33045159950234,0.9999999999999999,0.9999801851928315,1.9814807168457426e-05,1584.893192461114,1.584893192461114,1.7193495346167573,6778.437571350035,28.32303566972484,7.139193809225143,360.89054864714547,0.05324201865473509,0.9467579813452649,1.0416478858776133,408.1573753667997,0.06021527212283438,0.8942551458055896,0.7546119967829837,353.3179803511556,468.21145417432996,261.1013636765906,468.21145417432996
top_pc_1500,1500,1000,82.33045159950234,0.9999999999999999,0.9999915571772584,8.442822741638577e-06,1584.893192461114,1.584893192461114,1.7247912819090925,6778.360488590915,28.276162308204988,7.139365764991274,361.0625044132761,0.05326738721077635,0.9467326127892236,1.0418773404051682,471.2542539328304,0.06952392594671926,0.8717687430029686,0.7363260992310402,353.0709712277986,479.5035400707887,260.8097145059492,479.5035400707887
top_pc_2000,2000,1000,82.33045159950234,0.9999999999999999,0.9999954391229595,4.560877040484501e-06,1584.893192461114,1.584893192461114,1.7278486397668726,6778.334175585712,28.24500917353952,7.139427292503991,361.1240319259938,0.05327646433676975,0.9467235356632302,1.042012429280647,507.12693785224286,0.07481620670495041,0.8582395927775497,0.7264744861901354,352.9227475731948,485.801985179183,260.64618822758115,485.801985179183
top_pc_3000,3000,1000,82.33045159950234,0.9999999999999999,0.9999983955359198,1.6044640801641037e-06,1584.893192461114,1.584893192461114,1.731070344430856,6778.314136122103,28.209362693607037,7.139471486236697,361.16822565869955,0.053282984218074377,0.9467170157819256,1.0421584023964596,545.1172117150101,0.08042089454530055,0.8433102800293671,0.7164142201285464,352.7624044186981,492.40005922188686,260.474179371898,492.40005922188686
top_pc_5000,5000,1000,82.33045159950234,0.9999999999999999,0.9999996664803754,3.335196245888708e-07,1584.893192461114,1.584893192461114,1.7334674141580373,6778.305521275156,28.181368035011346,7.139493560437366,361.1902998593681,0.05328624081486858,0.9467137591851315,1.0422689062857875,573.4641020165262,0.08460289839077308,0.8317603532777358,0.7091342261613218,352.6396639507965,497.28196854874983,260.34641272193636,497.28196854874983
top_pc_7000,7000,1000,82.33045159950234,0.9999999999999999,0.9999999103213496,8.967865041704026e-08,1584.893192461114,1.584893192461114,1.7341996514044693,6778.303868447086,28.172611667922883,7.139498796320219,361.19553574222203,0.05328701326228686,0.9467129867377131,1.0423029258868914,582.130853074219,0.08588150023617852,0.8281581545106228,0.7069445440941621,352.60163926953487,498.7684567554563,260.3074212127058,498.7684567554563
top_pc_10000,10000,1000,82.33045159950234,0.9999999999999999,1.0,0.0,1584.893192461114,1.584893192461114,1.734459644213601,6778.303260577997,28.16948050164139,7.139500492732467,361.19723215446965,0.053287263533214904,0.9467127364667851,1.04231503356053,585.2080851223877,0.0863354828819633,0.826871100435707,0.706170997207622,352.5881539155781,499.29571634887367,260.29358092448166,499.29571634887367
top_pc_5,5,1000,260.3517478446803,10.0,0.56451617769074,0.4354838223092599,3981.0717055349774,3.981071705534977,3.999397719242406,70734.8740184678,4.205926227005382,71.0598269640081,3276.794358228113,0.48342398270753895,0.516576017292461,0.9950968783762836,0.030780967004161414,4.541102075379358e-06,0.9999954394818321,0.9978690138256245,76.91523050753085,77.07948582615435,70.39410971466263,77.07948582615435
top_pc_10,10,1000,260.3517478446803,10.0,0.8755830670852994,0.12441693291470063,3981.0717055349774,3.981071705534977,4.014941313998809,68626.36830782681,7.190728291386485,69.21032405700394,1427.2914512239654,0.21056765924371723,0.7894323407562828,1.0124354281803225,0.00017747427702764944,2.618269944630891e-08,0.9999999738257718,1.0001618106901484,161.61707564468975,161.59092850502662,140.12657125709885,161.59092850502662
top_pc_20,20,1000,260.3517478446803,10.0,0.9534845312348563,0.04651546876514364,5011.872336272725,5.011872336272725,5.079000156462255,68098.32855937807,9.328678757140652,68.99609890769443,1213.06630191444,0.1789631203091081,0.8210368796908919,1.0292012088989295,1.1926997629585694,0.00017595845407141988,0.9998192788370182,0.9867350667520933,206.99244048029706,209.7750930871718,156.957414238522,209.7750930871718
top_pc_30,30,1000,260.3517478446803,10.0,0.9641755087875822,0.03582449121241779,5623.413251903491,5.623413251903491,5.714397618770257,68025.86187137367,9.793463612528774,69.02984989600797,1246.8172902279912,0.18394238827869627,0.8160576117213038,1.0374507749735826,36.736731894660586,0.005419753363399674,0.9936846093308532,0.9263810257922614,209.42035828088282,226.06287526429196,152.0308093943618,226.06287526429196
top_pc_50,50,1000,260.3517478446803,10.0,0.9861837720605539,0.013816227939446143,6309.573444801943,6.309573444801943,6.431155353054723,67876.68318867082,9.800641966785681,69.02617568383621,1243.143078056231,0.18340033342654335,0.8165996665734566,1.054554048244992,65.85123765130164,0.009715003168165478,0.9880443321858812,0.9014352843652178,221.07258793595386,245.2451016399154,147.52566907214475,245.2451016399154
top_pc_70,70,1000,260.3517478446803,10.0,0.991183766609438,0.008816233390562055,6309.573444801943,6.309573444801943,6.44606462720152,67842.79170931724,10.050525509420758,69.03768100469398,1254.6483989140042,0.18509770818472027,0.8149022918152797,1.0517982957252061,163.05638191052464,0.02405563393111162,0.9663019368621075,0.8449012123480276,225.58678418869823,266.99782281265755,147.86117169428474,266.99782281265755
top_pc_100,100,1000,260.3517478446803,10.0,0.995170448343696,0.004829551656304055,6309.573444801943,6.309573444801943,6.460563977304698,67815.76877151904,10.201254323123223,69.04523149692749,1262.198891147514,0.1862116288730174,0.8137883711269827,1.0502229965778984,287.5332513127929,0.0424196499122517,0.9327205148599649,0.7940396885022464,229.2696000156297,288.7382121265102,147.98958159091356,288.7382121265102
top_pc_150,150,1000,260.3517478446803,10.0,0.9985813530506669,0.0014186469493331585,6309.573444801943,6.309573444801943,6.475493613605366,67792.64862502225,10.290180987677198,69.05041673165833,1267.3841258783484,0.1869766041967081,0.8130233958032919,1.0493795054070711,435.9362546169206,0.06431347755599645,0.8845590427398812,0.7463989795840789,232.4819233193069,311.4713841769377,147.97457085384812,311.4713841769377
top_pc_200,200,1000,260.3517478446803,10.0,0.9994066868813765,0.0005933131186234951,7079.457843841388,7.079457843841388,7.262438109333885,67787.05426202649,9.45718160909524,69.05262849477832,1269.5958889983378,0.1873029046047841,0.812697095395216,1.0747523989200054,346.3239327321906,0.05109301242781205,0.9147053437557716,0.7739623650189817,223.58964539019942,288.8895578077828,139.24731086426613,288.8895578077828
top_pc_300,300,1000,260.3517478446803,10.0,0.9997814542592695,0.00021854574073051805,7079.457843841388,7.079457843841388,7.274022568503285,67784.51397508696,9.47107619029509,69.05439805072513,1271.3654449451456,0.1875639663895377,0.8124360336104623,1.0747324616956415,464.38953384416925,0.0685111769113396,0.8742956580316301,0.7382536019133413,223.79881571163995,303.1462564241037,139.13251111540535,303.1462564241037
top_pc_500,500,1000,260.3517478446803,10.0,0.9999204621686296,7.95378313704058e-05,7079.457843841388,7.079457843841388,7.286111848155777,67783.5717373217,9.472969083423115,69.05543450865463,1272.4019028746466,0.1877168745569148,0.8122831254430852,1.07490139725864,595.318440412039,0.08782705900374176,0.8226126123455058,0.7036436958596262,223.78639665858054,318.03936846927274,139.00828892936093,318.03936846927274
top_pc_700,700,1000,260.3517478446803,10.0,0.9999594019149393,4.059808506073792e-05,7079.457843841388,7.079457843841388,7.292698397199007,67783.30779191232,9.470383912849274,69.05575358565514,1272.7209798751692,0.1877639478418146,0.8122360521581854,1.0750493019462948,668.1755138059946,0.09857562993559808,0.7905500511382246,0.6860324380838076,223.74581338578128,326.14465579898405,138.94026375094427,326.14465579898405
top_pc_1000,1000,1000,260.3517478446803,10.0,0.9999801851928315,1.9814807168457426e-05,7079.457843841388,7.079457843841388,7.298571683637315,67783.16691655201,9.466609070978851,69.05593712922196,1272.9045234419843,0.18779102594082542,0.8122089740591746,1.075204049729111,733.5336076733972,0.10821787982540744,0.75966971819446,0.6710351389199639,223.69679422476918,333.36077539070584,138.87956166605542,333.36077539070584
top_pc_1500,1500,1000,260.3517478446803,10.0,0.9999915571772584,8.442822741638577e-06,7079.457843841388,7.079457843841388,7.3039360487833385,67783.0898337929,9.46228021045047,69.0560437378164,1273.0111320364292,0.18780675385832135,0.8121932461416786,1.0753591677595988,793.2947439856891,0.11703441311034576,0.7296056117339007,0.6578970723446732,223.64501706495878,339.93921916678,138.8241391419699,339.93921916678
top_pc_2000,2000,1000,260.3517478446803,10.0,0.9999954391229595,4.560877040484501e-06,7079.457843841388,7.079457843841388,7.306943453333199,67783.06352078769,9.4595797016302,69.05608449461742,1273.0518888374495,0.18781276669065616,0.8121872333093438,1.0754504239406182,826.7573375567472,0.12197113433461933,0.7119815906994625,0.6507563395928004,223.6136979533453,343.6212363190618,138.79308279069926,343.6212363190618
top_pc_3000,3000,1000,260.3517478446803,10.0,0.9999983955359198,1.6044640801641037e-06,7079.457843841388,7.079457843841388,7.310108718090865,67783.04348132409,9.456575887843597,69.05611613766726,1273.0835318872794,0.18781743497541908,0.8121825650245809,1.0755490128060479,861.9010663485873,0.12715587267411393,0.6928434659148592,0.6434107788026762,223.57970374305765,347.4913866987391,138.76041069572884,347.4913866987391
top_pc_5000,5000,1000,260.3517478446803,10.0,0.9999996664803754,3.335196245888708e-07,7079.457843841388,7.079457843841388,7.312461800138503,67783.03486647714,9.454257545450474,69.0561337137743,1273.1011079943123,0.18782002797050315,0.8121799720294969,1.075623650122376,887.9647352570863,0.13100103390496104,0.6782248002200426,0.6380593503004104,223.553583657614,350.36487366318005,138.7361321582682,350.36487366318005
top_pc_7000,7000,1000,260.3517478446803,10.0,0.9999999103213496,8.967865041704026e-08,7079.457843841388,7.079457843841388,7.313180321690949,67783.03321364908,9.453537638945603,69.05613824328462,1273.1056375046337,0.18782069620710268,0.8121793037928973,1.0756466305652983,895.9108979462676,0.13217332767579237,0.6736947122867214,0.6364435013979363,223.54547595478414,351.2416663282297,138.72872041647648,351.2416663282297
top_pc_10000,10000,1000,260.3517478446803,10.0,1.0,0.0,7079.457843841388,7.079457843841388,7.313435414424773,67783.03260577998,9.453280756585118,69.05613976068908,1273.1071549090914,0.18782092006909282,0.8121790799309072,1.0756548097318157,898.7302373221073,0.1325892635328138,0.6720791179930972,0.6358719132876265,223.5426006147254,351.5528771493473,138.72608927152572,351.5528771493473
