profile_id,profile_type,profile_label,requested_center,signal_rank_centroid,bandwidth,alpha,d,n,n_folds,n_cv_train,sigma,n_trials,teacher_seed,mc_seed,lambda_min,lambda_max,n_lambda,theory_lambda_cv,theory_lambda_full,theory_kappa_final,theory_r2_gen,theory_r2_acc,theory_r2_acc_delta,theory_acc_alignment,theory_r2_peer,theory_r2_peer_delta,theory_peer_gain,theory_peer_gain_delta,mc_lambda_mean,mc_lambda_log_mean,mc_lambda_median,mc_lambda_q25,mc_lambda_q75,mc_lambda_mode,mc_lambda_at_lower_boundary_fraction,mc_lambda_at_upper_boundary_fraction,mc_elapsed_seconds,mc_gen_error,mc_gen_error_std,mc_gen_error_se,mc_gen_error_median,mc_gen_error_n_finite,mc_r2_gen,mc_r2_gen_std,mc_r2_gen_se,mc_r2_gen_median,mc_r2_gen_n_finite,mc_acc_error,mc_acc_error_std,mc_acc_error_se,mc_acc_error_median,mc_acc_error_n_finite,mc_acc_alignment,mc_acc_alignment_std,mc_acc_alignment_se,mc_acc_alignment_median,mc_acc_alignment_n_finite,mc_r2_acc,mc_r2_acc_std,mc_r2_acc_se,mc_r2_acc_median,mc_r2_acc_n_finite,mc_peer_error,mc_peer_error_std,mc_peer_error_se,mc_peer_error_median,mc_peer_error_n_finite,mc_peer_gain,mc_peer_gain_std,mc_peer_gain_se,mc_peer_gain_median,mc_peer_gain_n_finite,mc_r2_peer,mc_r2_peer_std,mc_r2_peer_se,mc_r2_peer_median,mc_r2_peer_n_finite,mc_peer_true_variance,mc_peer_true_variance_std,mc_peer_true_variance_se,mc_peer_true_variance_median,mc_peer_true_variance_n_finite,mc_lambda_cv_a,mc_lambda_cv_a_std,mc_lambda_cv_a_se,mc_lambda_cv_a_median,mc_lambda_cv_a_n_finite,mc_lambda_cv_b,mc_lambda_cv_b_std,mc_lambda_cv_b_se,mc_lambda_cv_b_median,mc_lambda_cv_b_n_finite,mc_lambda_cv_mean,mc_lambda_cv_mean_std,mc_lambda_cv_mean_se,mc_lambda_cv_mean_median,mc_lambda_cv_mean_n_finite
localized_0.050,localized,localized 0.05,0.05,0.10092245995877788,0.1,1.0,128,256,5,204.8,0.1,200,20260814,20260815,0.0001,10.0,61,0.026101572156825358,0.021544346900318822,0.0470197782865219,0.9918353149535744,0.9999895038549561,0.9999369707180358,1.003250305722683,0.99866215560418,0.9985595368675868,0.9634234447245237,0.9634242432355569,0.02440399756630647,0.02379350012677537,0.026101572156825358,0.021544346900318822,0.026101572156825358,0.026101572156825358,0.0,0.0,3.6046077279606834,0.00825948528870477,0.0009559325881697023,6.759464154520038e-05,0.0082838332987795,200,0.9917405147112952,0.0009559325881696945,6.759464154519982e-05,0.9917161667012205,200,0.00017551115851609502,0.00017457655143950446,1.2344426335903573e-05,0.00011207855050739203,200,1.0006594416082115,0.008929010367926284,0.0006313763780445665,1.0007456663823504,200,0.9998255628331022,0.0001714063701010654,1.2120260663703442e-05,0.9998889320928199,200,0.0013502338157198577,0.0006898136334496233,4.8777189796716006e-05,0.001228494280202197,200,0.9654607391871997,0.008814977865693026,0.0006233130624840857,0.9663993179794743,200,0.9986495825667268,0.0006688717484334269,4.729637490613786e-05,0.9987472804027979,200,1.0014943943749386,0.01789390910974462,0.0012652904473436158,1.001496517271025,200,0.02400928867606603,0.005327950490047018,0.00037674299213384356,0.026101572156825358,200,0.02479870645654692,0.005625538529033806,0.00039778564417059995,0.026101572156825358,200,0.024403997566306478,0.003703269613222788,0.00026186070560719164,0.02382295952857209,200
localized_0.200,localized,localized 0.20,0.2,0.20552041484147038,0.1,1.0,128,256,5,204.8,0.1,200,20260814,20261815,0.0001,10.0,61,0.01,0.008254041852680182,0.019068562872533775,0.9907519524069989,0.9999801888142845,0.9999362985903225,1.0044708755751526,0.9993618421466698,0.9992726842132648,0.9747382135760313,0.9747384862703989,0.009680291037795061,0.009243433759834786,0.01,0.008254041852680182,0.012115276586285877,0.012115276586285877,0.0,0.0,3.5206750279758126,0.009447997633897589,0.0011268852962445265,7.968282345939162e-05,0.009437745128699243,200,0.9905520023661023,0.0011268852962445244,7.968282345939147e-05,0.9905622548713008,200,0.0001692314698328778,0.00016504622431555942,1.1670530442276812e-05,0.00012049252386399855,200,1.0032629086112224,0.007924294788770755,0.0005603322581261022,1.003239096995721,200,0.9998333004008879,0.00016166056713028877,1.1431128326829028e-05,0.9998804556952314,200,0.0007390592100353748,0.00041928988156822173,2.96482718539794e-05,0.0006192600213858666,200,0.9758016432607544,0.008017024923602097,0.0005668892688420606,0.9770297216976995,200,0.9992628756388933,0.0004096931085295958,2.8969677524667334e-05,0.999365763659136,200,1.0066950486922772,0.01589336263246726,0.0011238304493274478,1.0066812974285773,200,0.009905779210889072,0.002851158611520308,0.0002016073588444431,0.01,200,0.009454802864701052,0.0028598423319484453,0.0002022213906045095,0.009127020926340091,200,0.009680291037795061,0.0019396792022217454,0.00013715603172175086,0.01,200
localized_0.350,localized,localized 0.35,0.35,0.35008703906114913,0.1,1.0,128,256,5,204.8,0.1,200,20260814,20262815,0.0001,10.0,61,0.003831186849557285,0.0031622776601683794,0.007511974938571841,0.9903406826864213,0.9999965404785062,0.9999561813569813,1.0018634448641914,0.9997650402687953,0.999683108498462,0.9846716037627972,0.9846716815268923,0.004163124188120514,0.0037332178468823486,0.003831186849557285,0.0031622776601683794,0.005623413251903491,0.004641588833612777,0.0025,0.0,3.463041429989971,0.00980432123712788,0.0011586583188010237,8.192951543024084e-05,0.009677771363673558,200,0.990195678762872,0.0011586583188010313,8.192951543024138e-05,0.9903222286363265,200,0.00015226427367863107,0.00014235299862029631,1.0065877064665077e-05,0.00011204390979035615,200,1.0028619142680517,0.007924030744012883,0.0005603135873422192,1.0031545112077205,200,0.9998496871062613,0.00013961764186557884,9.87245813364256e-06,0.9998871531429208,200,0.0004015974122555019,0.0002777328474626399,1.9638677979908167e-05,0.00035760606905639423,200,0.9838969752423261,0.007865331563393573,0.0005561629284756185,0.9831076430081707,200,0.9995993594352123,0.00027306732464484203,1.9308775697683626e-05,0.9996418943053739,200,1.0058760928097816,0.015879655931589316,0.0011228612392135988,1.0064412346555833,200,0.004076580174075224,0.0015448357268247265,0.0001092363818257013,0.003831186849557285,200,0.004249668202165804,0.0017733861622101674,0.00012539733809611962,0.003831186849557285,200,0.004163124188120514,0.0011183783260187532,7.908128982599198e-05,0.004236387841585031,200
localized_0.500,localized,localized 0.50,0.5,0.5,0.1,1.0,128,256,5,204.8,0.1,200,20260814,20263815,0.0001,10.0,61,0.002154434690031882,0.0017782794100389228,0.004259942710311218,0.9901761081941935,0.9999949919501068,0.999955910436828,1.0022428865468194,0.9998567897758794,0.9997773738170975,0.9880329525729797,0.9880329855246808,0.002312357903426446,0.0018845529025697922,0.002154434690031882,0.001467799267622069,0.0031622776601683794,0.0026101572156825357,0.025,0.0,3.4544108730042353,0.010062399692727821,0.0012944163967544327,9.152906118241159e-05,0.010013261050948708,200,0.9899376003072722,0.001294416396754435,9.152906118241174e-05,0.9899867389490513,200,0.0001288747083408948,0.0001266312902555989,8.954184405013596e-06,8.20087324521443e-05,200,1.0028460087692141,0.007644075049433878,0.0005405177303353588,1.002155380363174,200,0.9998737136165093,0.00012170232261508076,8.605653760727652e-06,0.9999180313087195,200,0.00028215461641207694,0.0002446630408520591,1.730028952922123e-05,0.00020993452528829677,200,0.9873338829780332,0.007623969856266432,0.0005390960784927822,0.9880576942022885,200,0.9997191876115976,0.00024030257197933913,1.6991957818315913e-05,0.9997866078164799,200,1.0058208922467688,0.015351895111292252,0.001085542913725936,1.0043634303083553,200,0.0023640352946154896,0.0011196100146035417,7.916838336105338e-05,0.0026101572156825357,200,0.0022606805122374033,0.0012154311167209865,8.594395846985477e-05,0.002154434690031882,200,0.002312357903426446,0.000829293326351637,5.8639893465599105e-05,0.002194218312860729,200
localized_0.650,localized,localized 0.65,0.65,0.649912960938851,0.1,1.0,128,256,5,204.8,0.1,200,20260814,20264815,0.0001,10.0,61,0.0012115276586285877,0.001,0.0024073267103292945,0.9901117320843988,0.9999988463562792,0.9999599885449779,1.0010752329636272,0.9999247995927745,0.9998461341771371,0.9913281831646719,0.991328197884715,0.001399298435320615,0.0010943762681088094,0.001467799267622069,0.0008254041852680181,0.0017782794100389228,0.0017782794100389228,0.0475,0.0,3.4503823070554063,0.010041569198601783,0.0012616374184311367,8.921123739713465e-05,0.009897732492775787,200,0.9899584308013982,0.0012616374184311358,8.921123739713458e-05,0.9901022675072242,200,0.00011479738521730809,0.00011208281029047223,7.925451521083825e-06,7.861174265170643e-05,200,1.0018917053792231,0.007545765056768366,0.0005335661640881405,1.0015674120368214,200,0.9998867225443243,0.00010865317019038707,7.682939343903873e-06,0.999922110728585,200,0.0002005553615594994,0.00019191809470305973,1.3570658619693555e-05,0.00013934020204365107,200,0.9906562424042136,0.007669235108553525,0.0005422968151772145,0.9911244037629376,200,0.9998002788425189,0.00018910404737539882,1.3371675424896664e-05,0.9998583817519392,200,1.0038982081436634,0.015131711893382674,0.0010699736090772022,1.0032290276092322,200,0.0013843520198204152,0.0007991452582056718,5.6508103123030496e-05,0.0012115276586285877,200,0.0014142448508208149,0.0008144325790877596,5.75890799492204e-05,0.001467799267622069,200,0.001399298435320615,0.0005600182241116457,3.9599268385739236e-05,0.0013891397050194614,200
localized_0.800,localized,localized 0.80,0.8,0.7944795851585297,0.1,1.0,128,256,5,204.8,0.1,200,20260814,20265815,0.0001,10.0,61,0.0008254041852680181,0.0006812920690579609,0.0016434576060274978,0.9900761364494758,0.9999991594622191,0.9999604989752213,1.0009176497846712,0.9999485215137327,0.999870363505454,0.9928251490421557,0.9928251562961528,0.0009285609266145725,0.0006531305526474725,0.0008254041852680181,0.0003831186849557285,0.0012115276586285877,0.0001,0.135,0.0,3.4603056920459494,0.009902467586580959,0.001190687940405687,8.41943516937905e-05,0.009856252779237266,200,0.9900975324134191,0.0011906879404056851,8.419435169379037e-05,0.9901437472207628,200,0.00010284204019424957,0.00011061604874641836,7.821735817665411e-06,7.429736350175235e-05,200,1.0015441991736693,0.007244908742068274,0.0005122924100594175,1.0017343390104354,200,0.9998986274840251,0.00010647265786213564,7.528753838527128e-06,0.9999254788199563,200,0.00015839404475148392,0.0001627252255347111,1.1506411044570454e-05,0.00011637673008148372,200,0.9923983647103033,0.0072702718811299355,0.0005140858548216854,0.9924667917060308,200,0.9998421356888773,0.00016054516423053447,1.1352257431411887e-05,0.9998833060294474,200,1.0031912403875325,0.014531708507442915,0.0010275469627839128,1.0035596426000388,200,0.0009240509677352743,0.0006262225335837425,4.4280620002888476e-05,0.0008254041852680181,200,0.0009330708854938708,0.0006784435236665933,4.7973201623674404e-05,0.0008254041852680181,200,0.0009285609266145723,0.0004687753952881267,3.3147426086163876e-05,0.0008525267645620708,200
localized_0.950,localized,localized 0.95,0.95,0.8990775400412221,0.1,1.0,128,256,5,204.8,0.1,200,20260814,20266815,0.0001,10.0,61,0.0006812920690579609,0.0005623413251903491,0.0013575632095050025,0.9900590839414137,0.9999987712745595,0.9999603626710364,1.0011097089748637,0.9999557125176506,0.9998780863817066,0.9933451159026278,0.9933451187313665,0.0007903575768970915,0.0005537749841508896,0.0007533481271629895,0.00031622776601683794,0.0012115276586285877,0.0001,0.175,0.0,3.433771427953616,0.010094656661483365,0.0012295199111178297,8.694018667552986e-05,0.010019443681461293,200,0.9899053433385165,0.0012295199111178332,8.69401866755301e-05,0.9899805563185387,200,0.00011093164389611016,0.00010760924962196389,7.609123012608659e-06,6.982113794600453e-05,200,1.001949180254167,0.007203792587663091,0.0005093850588997957,1.002199231827127,200,0.9998904855593962,0.00010514852799236812,7.435123717518701e-06,0.9999287669335641,200,0.00016244278052651647,0.00015133044240446707,1.0700678202415893e-05,0.00011460805774739474,200,0.9926339188879314,0.0072401879810307075,0.0005119586018452151,0.9923313446636841,200,0.99983788000217,0.00015006895151001385,1.0611477325828596e-05,0.9998846062657777,200,1.0040092921522301,0.014436443072906263,0.0010208106793065579,1.0044084041230135,200,0.0007720518691739192,0.0005584620760858261,3.948923210358053e-05,0.0006812920690579609,200,0.0008086632846202638,0.000535506062557867,3.786599682011753e-05,0.0008254041852680181,200,0.0007903575768970915,0.00038262074817916225,2.7055372566015596e-05,0.0007838996338110345,200
random,random,i.i.d. random,nan,0.21085841170090208,0.1,1.0,128,256,5,204.8,0.1,200,20260814,20267815,0.0001,10.0,61,0.005623413251903491,0.004641588833612777,0.010932082597806602,0.9904329364941724,0.9999723777003033,0.9998963964776926,1.0052834603644896,0.9992656653391144,0.9991057956859141,0.9729013900562117,0.9729029380938601,0.005559722315380989,0.005128613839913642,0.005623413251903491,0.003831186849557285,0.006812920690579608,0.006812920690579608,0.0025,0.0,3.5158606990007684,0.009806765982496747,0.0013238709234686366,9.361181074003698e-05,0.009738742112795238,200,0.9901932340175033,0.0013238709234686384,9.36118107400371e-05,0.9902612578872048,200,0.00027638913344547357,0.0003400561512806831,2.404560105547695e-05,0.00014682760778813483,200,1.0043764509990323,0.012436182257279075,0.000879370880619386,1.0037813157402875,200,0.9997328940423398,0.00031793093158094613,2.248111176698433e-05,0.9998515693905539,200,0.0009825753049393002,0.0008177685563993315,5.782496916711009e-05,0.0008233280929986651,200,0.9735897608367117,0.012637761276489363,0.0008936246697622387,0.9740934148104,200,0.9990307708246682,0.0007808760749233463,5.521627678446327e-05,0.9991756763247749,200,1.0090292911315106,0.02504071959949796,0.0017706462634595897,1.008003071859137,200,0.0054769607545383505,0.0018713106056438835,0.00013232164189570951,0.005623413251903491,200,0.005642483876223629,0.0021701773695798473,0.00015345471344074943,0.005623413251903491,200,0.005559722315380989,0.0015190422791790442,0.00010741250965165708,0.005322053770068447,200
localized_0.050,localized,localized 0.05,0.05,0.10092245995877788,0.1,1.0,128,256,5,204.8,0.3,200,20260814,20260825,0.0001,10.0,61,0.12115276586285877,0.1,0.18499545523133143,0.955058986228845,0.9996858022819578,0.999284254215064,0.9825831021624557,0.984345658153816,0.9836473301488825,0.874882687664001,0.8748992653381946,0.1192966466305135,0.11703973595386181,0.12115276586285877,0.1,0.12115276586285877,0.12115276586285877,0.0,0.0,3.568919223966077,0.04585572333918849,0.005332196426779099,0.0003770432251994179,0.04601132334462096,200,0.9541442766608115,0.005332196426779101,0.000377043225199418,0.9539886766553791,200,0.0021360640795725005,0.002403493155728931,0.00016995263089513818,0.0012941016125531594,200,0.9792372746826029,0.02966820331131913,0.002097858774705494,0.9805812315258591,200,0.9975341279805089,0.003083206257656684,0.00021801560525858387,0.9986630597449875,200,0.01545409389234896,0.006807003921822192,0.00048132786326838953,0.014589994986983249,200,0.8778874607238866,0.026204702152808408,0.0018529522591224546,0.8773851111565778,200,0.9839006463952111,0.006488248312663537,0.0004587884379906562,0.984646611827265,200,0.9606106134447785,0.057612873190234934,0.004073845331645576,0.961926362832217,200,0.11789505637105374,0.02200569023769063,0.0015560372791761652,0.12115276586285877,200,0.12069823688997325,0.02356158729587252,0.0016660558152430268,0.12115276586285877,200,0.1192966466305135,0.01621038506137605,0.0011462473202544113,0.12115276586285877,200
localized_0.200,localized,localized 0.20,0.2,0.20552041484147038,0.1,1.0,128,256,5,204.8,0.3,200,20260814,20261825,0.0001,10.0,61,0.056234132519034905,0.056234132519034905,0.09421074454879379,0.9399605017693156,0.9999784211289117,0.999653259653923,0.9953761727438004,0.987619470995103,0.9869681720833323,0.8887321744397918,0.8887400531293086,0.05839702899943905,0.05715883037089145,0.056234132519034905,0.046415888336127774,0.06812920690579607,0.056234132519034905,0.0,0.0,3.535485539934598,0.06091240262908956,0.007380940412178278,0.0005219113016985092,0.06041823225901647,200,0.9390875973709104,0.007380940412178281,0.0005219113016985094,0.9395817677409835,200,0.0014698077670689874,0.0016044410874561752,0.000113451117295458,0.0010265662228008243,200,0.9998087948935879,0.02699202316420629,0.0019086242617354639,0.9960838199050235,200,0.9985278375022634,0.0015848024209622984,0.00011206245387032987,0.9989832603643414,200,0.014282607610237063,0.0068754440845186626,0.00048616731358320803,0.013317282568893873,200,0.8856475535997845,0.02555915040384402,0.001807304857192499,0.8857273381339483,200,0.9857299314668768,0.0062284841941826164,0.0004404203410219757,0.9863663330285632,200,1.0010873975542445,0.054314160990788916,0.003840591155104469,0.9926437721277668,200,0.05706766533015773,0.011276585415736744,0.0007973750016096775,0.056234132519034905,200,0.05972639266872037,0.012832294941959022,0.0009073802771645058,0.056234132519034905,200,0.05839702899943904,0.008234022722284072,0.0005822333303371184,0.05727254762096193,200
localized_0.350,localized,localized 0.35,0.35,0.35008703906114913,0.1,1.0,128,256,5,204.8,0.3,200,20260814,20262825,0.0001,10.0,61,0.03162277660168379,0.026101572156825358,0.05606942028229875,0.9281350171081652,0.9998216774845557,0.9995432583578409,1.0135344813896137,0.9893810264763963,0.9887682306841226,0.8969515962103064,0.896955210136134,0.031332747853713934,0.030432198871077204,0.03162277660168379,0.026101572156825358,0.03831186849557285,0.03162277660168379,0.0,0.0,3.492540995008312,0.0732367222387612,0.009473580251578755,0.0006698832838006296,0.07245876055308756,200,0.9267632777612388,0.009473580251578748,0.0006698832838006292,0.9275412394469125,200,0.0016491798255836576,0.0015970163230964154,0.00011292610717270816,0.001200297856790016,200,1.0136950352872913,0.028810730708644386,0.002037226305502195,1.0121459319210309,200,0.9984462473264901,0.0014650504736240066,0.00010359471246800983,0.9988063381263013,200,0.0120458443314796,0.006264832551014675,0.00044299055798206944,0.01127861213511246,200,0.897741362515182,0.0260062789077351,0.0018389216169088169,0.8972229152374561,200,0.9883356372202861,0.005497718927434409,0.00038874743346465035,0.9889492975144331,200,1.0290392504001662,0.05830952146670629,0.004123105803685058,1.024736947313691,200,0.031233074568855806,0.007467711699522728,0.0005280469582678638,0.03162277660168379,200,0.03143242113857206,0.007517520785709231,0.000531568992528582,0.03162277660168379,200,0.03133274785371394,0.005509697826069083,0.00038959446951022274,0.03162277660168379,200
localized_0.500,localized,localized 0.50,0.5,0.5,0.1,1.0,128,256,5,204.8,0.3,200,20260814,20263825,0.0001,10.0,61,0.01778279410038923,0.01467799267622069,0.032912959468032243,0.9216797114009849,0.9998690588820817,0.9995907923675518,1.0115754073921683,0.99274657962619,0.992127524559101,0.9148329854121324,0.9148347027364374,0.018897004226081014,0.018188281479339173,0.01778279410038923,0.01467799267622069,0.021544346900318822,0.021544346900318822,0.0,0.0,3.4172722019720823,0.07977218174022103,0.009930924836298337,0.0007022224295200458,0.0795918352759181,200,0.9202278182597788,0.009930924836298337,0.0007022224295200458,0.9204081647240819,200,0.0017422815801910099,0.0018181083687863699,0.00012855967565008545,0.0012900204233364178,200,1.0174346996857593,0.028086314339528174,0.001986002332801734,1.0173965311313293,200,0.998400766075834,0.001526391831318573,0.00010793220146731157,0.9987700885513622,200,0.009592448906777105,0.005806330264111581,0.00041056955035619763,0.008444009218296876,200,0.911631221683255,0.02889268248297738,0.002043021171038308,0.9132694259480139,200,0.9907949376454158,0.005160532735139309,0.00036490476915521666,0.9912776399848757,200,1.0366116809517099,0.05712250810793334,0.004039171284150321,1.0352057445599878,200,0.019256444297483438,0.005037779848179328,0.00035622482927725384,0.01778279410038923,200,0.01853756415467859,0.005196579655718261,0.00036745367135344366,0.01778279410038923,200,0.018897004226081014,0.0037618762135587258,0.0002660048180591748,0.019385997435954823,200
localized_0.650,localized,localized 0.65,0.65,0.649912960938851,0.1,1.0,128,256,5,204.8,0.3,200,20260814,20264825,0.0001,10.0,61,0.012115276586285877,0.01,0.02290377220847501,0.917697721163703,0.9997689752224475,0.999492393062138,1.0154340896880365,0.9941290355290874,0.9935077879714295,0.9233777808275393,0.9233787622703411,0.012017601181405562,0.011371907889797613,0.012115276586285877,0.01,0.01467799267622069,0.012115276586285877,0.0,0.0,3.4181863659759983,0.08393470870954818,0.009949125332705741,0.0007035093989631095,0.08308018885315732,200,0.9160652912904519,0.009949125332705738,0.0007035093989631092,0.9169198111468426,200,0.0013907405843900697,0.0015578135833683759,0.00011015405486242937,0.0007699667920745504,200,1.0133469941245397,0.025276105038169135,0.0017872905274472853,1.0148281609837153,200,0.9987105723578672,0.0013744378627455554,9.718743330669275e-05,0.9992372414620911,200,0.006993283941180417,0.004632014430977209,0.00032753288146979316,0.006268591591072108,200,0.9257746056678348,0.026069604673810746,0.001843399424770409,0.9256970523037416,200,0.9932110123263084,0.004169495063229534,0.0002948278233333436,0.9939489551557077,200,1.0280847288334691,0.051396008971558896,0.003634246646971393,1.0317688034381272,200,0.012130439593133419,0.0037701250903438167,0.0002665881017303658,0.012115276586285877,200,0.011904762769677701,0.0038593227765308068,0.0002728953306072628,0.012115276586285877,200,0.012017601181405562,0.002791965927079647,0.00019742180398798042,0.012115276586285877,200
localized_0.800,localized,localized 0.80,0.8,0.7944795851585297,0.1,1.0,128,256,5,204.8,0.3,200,20260814,20265825,0.0001,10.0,61,0.008254041852680182,0.006812920690579608,0.015856967285466164,0.915568652016761,0.9998464112893608,0.9995626794386581,1.0125486072813539,0.9957632916468399,0.9951333564048448,0.9349099980553066,0.9349105123955539,0.008590917712867342,0.007981478228487599,0.008254041852680182,0.006812920690579608,0.01,0.008254041852680182,0.0025,0.0,3.370001558912918,0.08637697357718173,0.010618970403122954,0.0007508745981267487,0.08555725868943645,200,0.9136230264228183,0.010618970403122954,0.0007508745981267487,0.9144427413105636,200,0.0013424104870580938,0.0012114219335933696,8.566046641219911e-05,0.0010066791945465136,200,1.0145018062309967,0.02419403964230969,0.0017107769495373333,1.014748610164585,200,0.9987431124713896,0.0010960242052397125,7.75006147869597e-05,0.9990198574677678,200,0.005729406220512072,0.003659305112802492,0.0002587519459693246,0.005378534991949364,200,0.9334706954365231,0.02472628946215433,0.0017484126952270797,0.9319299052218766,200,0.9944486477162505,0.003318585662035896,0.00023465944255740301,0.9946085582458719,200,1.0303460229490518,0.04902430031094233,0.003466541519279309,1.0308622077066416,200,0.008552426157719274,0.0030283141042254528,0.00021413414386606828,0.008254041852680182,200,0.008629409268015408,0.002824326056902041,0.0001997100107117296,0.008254041852680182,200,0.008590917712867342,0.0020626860771244984,0.00014585393125938107,0.008406460345289805,200
localized_0.950,localized,localized 0.95,0.95,0.8990775400412221,0.1,1.0,128,256,5,204.8,0.3,200,20260814,20266825,0.0001,10.0,61,0.006812920690579608,0.005623413251903491,0.013172394791310216,0.914412262659597,0.9998191294331131,0.9995345465210321,1.0136321490644478,0.9962786837264452,0.9956481655667445,0.9389974076488979,0.9389976139027872,0.007128474613108148,0.00661644946804563,0.006812920690579608,0.005623413251903491,0.008254041852680182,0.006812920690579608,0.0,0.0,3.4339439989998937,0.08708013361065287,0.011601423576533307,0.000820344528238419,0.08644007773502996,200,0.912919866389347,0.011601423576533307,0.000820344528238419,0.9135599222649701,200,0.0013959692151495706,0.0015296561887193306,0.00010816302639274079,0.0009067169669974655,200,1.015309742996987,0.02380552443376257,0.001683304775681556,1.0148534620363698,200,0.99870346785057,0.0013497748029702946,9.544349162550314e-05,0.9990924816119172,200,0.005020268334175567,0.0035606670647892412,0.00025177718270600724,0.004199544621976676,200,0.9392425750441792,0.02395704113329241,0.0016940186242516114,0.9390282394680443,200,0.9951318623964118,0.003243876274009667,0.00022937669106823868,0.9957867104039886,200,1.0320154552091234,0.048429292778111435,0.0034244681331471287,1.0301311314673984,200,0.0072899771305524165,0.0026266671030184376,0.0001857334120463961,0.006812920690579608,200,0.006966972095663879,0.002628435283280483,0.00018585844127176135,0.006812920690579608,200,0.007128474613108148,0.0018259420943109068,0.00012911360369412088,0.006812920690579608,200
random,random,i.i.d. random,nan,0.21085841170090208,0.1,1.0,128,256,5,204.8,0.3,200,20260814,20267825,0.0001,10.0,61,0.046415888336127774,0.03831186849557285,0.07936114687525342,0.9335622935209575,0.9996281691350443,0.9992495163407428,1.0196620582267937,0.9762992055141274,0.9753556251863384,0.8460493764680618,0.8461051818226982,0.04974148686239018,0.04809316217618986,0.046415888336127774,0.03831186849557285,0.056234132519034905,0.046415888336127774,0.0,0.0,3.4682039389153942,0.0683681102704774,0.008171372850242496,0.0005778033154010115,0.06748116574945978,200,0.9316318897295227,0.00817137285024249,0.0005778033154010112,0.9325188342505403,200,0.003703476931982318,0.003408127296947383,0.00024099099228184727,0.0028777246270023237,200,1.0289480789013274,0.03682504004914677,0.0026039235536217875,1.0276073099537633,200,0.9967224895663235,0.0028483863063707704,0.00020141132726736745,0.9974359502901085,200,0.02978881915624794,0.012892535771590526,0.0009116399470781799,0.02931234867205004,200,0.8389736906953127,0.03325303064253374,0.0023513443462339664,0.8375043648192744,200,0.9717743484232456,0.010636790205071333,0.0007521346484064587,0.9717812883028143,200,1.0615996347346377,0.07564586981816548,0.00534897075171796,1.0573310885739748,200,0.04965476625807437,0.012227956485946996,0.0008646470951267146,0.046415888336127774,200,0.04982820746670599,0.01329865053490802,0.0009403565973863568,0.046415888336127774,200,0.04974148686239019,0.00876368005962797,0.0006196857598312265,0.04987599175373993,200
localized_0.050,localized,localized 0.05,0.05,0.10092245995877788,0.1,1.0,128,256,5,204.8,0.6,200,20260814,20260835,0.0001,10.0,61,0.31622776601683794,0.2610157215682536,0.4259142369447744,0.8861531845539586,0.9979879458793353,0.9967847732099899,0.9570697498737502,0.9439550529310439,0.9420373160383457,0.7632618597079124,0.7633465937311982,0.301570865791607,0.2949793855679868,0.31622776601683794,0.2610157215682536,0.31622776601683794,0.31622776601683794,0.0,0.0,3.4533715990837663,0.11553895056826358,0.013887201682670797,0.0009819734481521752,0.11482163374197474,200,0.8844610494317364,0.0138872016826708,0.0009819734481521757,0.8851783662580253,200,0.010411670983328776,0.009106710572829333,0.000643941680035085,0.007658736253126455,200,0.9410330438647495,0.05771296998181751,0.004080923243655882,0.9377990700924672,200,0.9855505051559069,0.015441523488785167,0.0010918805970771346,0.9908767314312643,200,0.04877632738568651,0.023168704454594565,0.0016382748031150787,0.046701252894801856,200,0.7734345873605887,0.04466970407409623,0.003158625066438979,0.774021264956601,200,0.9449259380070077,0.020723269858755118,0.001465356464548453,0.9467903320344364,200,0.8924777587128273,0.10924705207161552,0.00772493313444792,0.8832966154518849,200,0.30700955122150764,0.06690223730564426,0.004730702567537267,0.31622776601683794,200,0.29613218036170635,0.058108012832891826,0.004108856991541274,0.31622776601683794,200,0.30157086579160697,0.043739890602768804,0.0030928773253575564,0.2992810769794584,200
localized_0.200,localized,localized 0.20,0.2,0.20552041484147038,0.1,1.0,128,256,5,204.8,0.6,200,20260814,20261835,0.0001,10.0,61,0.1778279410038923,0.1467799267622069,0.25821314543252544,0.8378326560392307,0.9999968229811187,0.9991252223142992,0.9982207519763178,0.9383950588585187,0.9366312290102344,0.7517965730666046,0.7518422094250825,0.16800629608362058,0.16421645274780594,0.1778279410038923,0.1467799267622069,0.1778279410038923,0.1778279410038923,0.0,0.0,3.4335257989587262,0.16375724202379607,0.01697841084185787,0.0012005549440048898,0.16241481767280108,200,0.8362427579762038,0.016978410841857867,0.0012005549440048896,0.8375851823271988,200,0.006180454358357647,0.006127671380040965,0.00043329179857096964,0.0041184884119232,200,0.9842948365332254,0.05237843511784935,0.0037037146659770876,0.9848262689414042,200,0.9931126424617562,0.007486407058081119,0.0005293689197491991,0.9952895927948378,200,0.05895354611214298,0.026425392782259523,0.0018685574431853756,0.05607657299250833,200,0.7609003684541612,0.04389750391754104,0.0031040222697256304,0.7621122132043189,200,0.9391261225338036,0.021743967156059786,0.0015375306625947443,0.9425199276360341,200,0.9747701274248081,0.10444030235719426,0.007385044602594542,0.9728771686395875,200,0.16760666649127529,0.03799449695054787,0.0026866166441504,0.1778279410038923,200,0.16840592567596588,0.03348009539136751,0.0023674002486008443,0.1778279410038923,200,0.16800629608362058,0.024693216284967595,0.0017460740684406672,0.1623039338830496,200
localized_0.350,localized,localized 0.35,0.35,0.35008703906114913,0.1,1.0,128,256,5,204.8,0.6,200,20260814,20262835,0.0001,10.0,61,0.1,0.08254041852680181,0.1564838487317703,0.7929439156576386,0.9998916507931528,0.9991349860959626,1.0105185813951423,0.9426739918833641,0.9409000180086581,0.7605714968583818,0.7605933159868675,0.10266716119121373,0.09966476949698928,0.1,0.08254041852680181,0.12115276586285877,0.1,0.0,0.0,3.498452009051107,0.21067233231553767,0.02367151477903496,0.00167382886212132,0.20921525072040478,200,0.7893276676844624,0.023671514779034966,0.0016738288621213203,0.7907847492795952,200,0.005995186172750916,0.005535555921780314,0.00039142291299282093,0.004246074132693897,200,1.0151861126445518,0.054470330041556235,0.003851633974585373,1.0155114306070385,200,0.9944768302999591,0.004730508761377515,0.00033449748236324164,0.9955188461429245,200,0.06380970034819876,0.03166636945166909,0.0022391504574833746,0.05949214974500287,200,0.7615974907499441,0.05217858221426604,0.0036895829316407293,0.7602675250573971,200,0.9386106759169315,0.025186596634215835,0.001780961327506429,0.9409338388490442,200,1.0363674114618546,0.11149721666437432,0.007884043798680481,1.0323019277654786,200,0.10348260232164869,0.024921672589438882,0.0017622283686503138,0.1,200,0.10185172006077878,0.025326062903186217,0.0017908230819600034,0.1,200,0.10266716119121373,0.017815824564552277,0.0012597690362024785,0.10184659219483029,200
localized_0.500,localized,localized 0.50,0.5,0.5,0.1,1.0,128,256,5,204.8,0.6,200,20260814,20263835,0.0001,10.0,61,0.06812920690579607,0.056234132519034905,0.11169316399734955,0.7580612555103441,0.9990509413033836,0.9983836438091277,1.0317860217701758,0.9433271776280164,0.9415581876545698,0.7619394564990166,0.7619516098557911,0.07149011024504667,0.06901735846884051,0.06812920690579607,0.056234132519034905,0.08254041852680181,0.06812920690579607,0.0,0.0,3.515726223005913,0.24843850384014854,0.0281537169862429,0.0019907684196579243,0.24783533804626284,200,0.7515614961598515,0.02815371698624291,0.001990768419657925,0.7521646619537371,200,0.008595441825129588,0.01286036943935366,0.0009093654439131211,0.005517162679668061,200,1.0379416680671236,0.06101022496108586,0.0043140743791700575,1.032007699342064,200,0.9931908960543397,0.0076208887045682095,0.0005388782081668144,0.9949211950347137,200,0.06813554135134473,0.04010640595089222,0.002835951161689639,0.057989587111333035,200,0.7609417809232899,0.05436353712909259,0.0038440825753268022,0.7670658318585585,200,0.9376792068437845,0.02754668738055525,0.001947844944601651,0.9423767737831423,200,1.0844787779593767,0.13139567793970203,0.009291077488976694,1.0682791478042706,200,0.0715092934282255,0.01861797239387719,0.0013164894531654502,0.06812920690579607,200,0.07147092706186785,0.019800741562306837,0.0014001238631229478,0.06812920690579607,200,0.07149011024504666,0.01363420411995144,0.0009640838189299227,0.06938727552291836,200
localized_0.650,localized,localized 0.65,0.65,0.649912960938851,0.1,1.0,128,256,5,204.8,0.6,200,20260814,20264835,0.0001,10.0,61,0.056234132519034905,0.03831186849557285,0.09421074454879379,0.728780976072407,0.9954858806285312,0.9949294593686248,1.072026451857722,0.9359996860226703,0.934299217850986,0.7470171666351059,0.7470250607201995,0.05258398721810216,0.050166830863663005,0.046415888336127774,0.03831186849557285,0.06812920690579607,0.046415888336127774,0.0,0.0,3.389179447083734,0.27474021676574106,0.0303155992070018,0.0021436365775004494,0.2740277279031762,200,0.725259783234259,0.030315599207001793,0.002143636577500449,0.7259722720968238,200,0.011192226564697262,0.011552941968815593,0.0008169163608804168,0.006976571420892405,200,1.057948935061551,0.06605369651812606,0.0046707016730405185,1.0568343414233161,200,0.9913152169767665,0.0077872098946286505,0.0005506388923014899,0.9935634033793728,200,0.07078889882721633,0.040741953910816316,0.0028808911889127995,0.06240565858720077,200,0.7625856177929948,0.05700271260030723,0.00403070046257051,0.7635875333969666,200,0.9378260890677744,0.027834179994143837,0.0019681737422626044,0.9403360963683957,200,1.127090096687799,0.14110921771371007,0.009977928473329328,1.1203456958874716,200,0.0507042323316872,0.014851828312538822,0.001050182851281456,0.046415888336127774,200,0.05446374210451712,0.016870140137174555,0.001192899049056348,0.056234132519034905,200,0.05258398721810217,0.011382737597614908,0.0008048810943740572,0.051325010427581336,200
localized_0.800,localized,localized 0.80,0.8,0.7944795851585297,0.1,1.0,128,256,5,204.8,0.6,200,20260814,20265835,0.0001,10.0,61,0.03831186849557285,0.03162277660168379,0.06675678349279117,0.7123378324869188,0.9972742899906653,0.9966659877753401,1.0550841862849094,0.9489616943279902,0.9471546695691682,0.7740834099230209,0.7740880502405654,0.04161507414195334,0.03954424911208464,0.03831186849557285,0.03162277660168379,0.046415888336127774,0.03162277660168379,0.0,0.0,3.4478140579303727,0.29758682341267323,0.033041118131806796,0.0023363598688986376,0.29796336893282804,200,0.7024131765873268,0.0330411181318068,0.002336359868898638,0.702036631067172,200,0.012781074529772458,0.019474389678819846,0.0013770473001362823,0.007219591806180401,200,1.070188276587374,0.06584524619991869,0.004655962009686025,1.0641715061016124,200,0.9910755437558916,0.010217660314303436,0.0007224976896104629,0.9939611410264307,200,0.07115901430772094,0.04585270088582383,0.003242275573208444,0.06389418963453256,200,0.7662131560801916,0.060473728416776014,0.004276138344713593,0.767055379223851,200,0.9390766185878094,0.030615727268072976,0.0021648588362212294,0.9430823461785611,200,1.1531576277045203,0.14790757134920982,0.010458644668985937,1.136309869493489,200,0.041834517017849786,0.015345867690502842,0.0010851167107146101,0.03831186849557285,200,0.041395631266056915,0.01325094475281856,0.0009369832891846303,0.03831186849557285,200,0.04161507414195336,0.010284606943574527,0.00072723153116398,0.03901933246890578,200
localized_0.950,localized,localized 0.95,0.95,0.8990775400412221,0.1,1.0,128,256,5,204.8,0.6,200,20260814,20266835,0.0001,10.0,61,0.03162277660168379,0.026101572156825358,0.05606942028229875,0.7015618567210579,0.9972241320489724,0.9966072685534325,1.0556167590768533,0.9532017262528291,0.9513630591112356,0.7836709133122155,0.7836728863851271,0.03465244980859429,0.032686995255868614,0.03162277660168379,0.026101572156825358,0.03831186849557285,0.03831186849557285,0.0,0.0,3.464097413001582,0.307622464015084,0.035784848316520367,0.002530370890834356,0.30544332958333187,200,0.6923775359849159,0.035784848316520367,0.002530370890834356,0.6945566704166681,200,0.012624361119407478,0.014460717443409614,0.0010225271365057532,0.008424160780069927,200,1.0684659699207315,0.0569024188617966,0.004023608624309369,1.0601426318094271,200,0.9907976850370427,0.008645547424773001,0.0006113325211126882,0.993117051544015,200,0.06317881013828872,0.03611974866563397,0.002554051921622353,0.05528337302892891,200,0.7777971980833053,0.054969263871669574,0.003886913924049025,0.7788766361598041,200,0.9440388408252676,0.025934568434922745,0.0018338509207480459,0.9468334051377354,200,1.1495563009608702,0.1256300321039616,0.008883384762139492,1.1305010451758113,200,0.03434710272616101,0.012182359713874153,0.0008614229164534222,0.03162277660168379,200,0.03495779689102757,0.011996615132666895,0.0008482887911593915,0.03162277660168379,200,0.0346524498085943,0.008263108097720366,0.0005842899769575543,0.033980117618223296,200
random,random,i.i.d. random,nan,0.21085841170090208,0.1,1.0,128,256,5,204.8,0.6,200,20260814,20267835,0.0001,10.0,61,0.1778279410038923,0.1467799267622069,0.25821314543252544,0.8274637626349529,0.9987532911248492,0.9978771033693502,1.0366011046459949,0.8928528136135385,0.8909094687054058,0.6726665516839725,0.6729432113946999,0.19140423968025455,0.18390067924800937,0.1778279410038923,0.1467799267622069,0.21544346900318823,0.1778279410038923,0.0,0.0,3.5742654550122097,0.17750455001322948,0.01876900062284404,0.0013271687616507556,0.17654151336090299,200,0.8224954499867707,0.01876900062284403,0.0013271687616507547,0.8234584866390972,200,0.014870933167369281,0.018344593185187778,0.0012971586239354804,0.008487847645639693,200,1.0528139937942995,0.07588015156539069,0.005365536972935077,1.0502691826931994,200,0.9881304543731304,0.012972505068884796,0.0009172946303185299,0.9922205606409782,200,0.1292072619385628,0.05457616424126891,0.0038591175826152013,0.12352796575839939,200,0.6679740933642779,0.053387606169581193,0.0037750738353827624,0.6646814308391688,200,0.8833209247479694,0.034576953512962104,0.0024449598301787517,0.88490944115595,200,1.1204989207559688,0.1633557413386149,0.011550995244629023,1.1090747151819813,200,0.18542040144703484,0.05295002401029993,0.003744132104167359,0.1778279410038923,200,0.19738807791347426,0.05476618238191592,0.0038725538941951974,0.1778279410038923,200,0.19140423968025458,0.03719501504428907,0.0026300847364152456,0.19663570500354027,200
localized_0.050,localized,localized 0.05,0.05,0.10092245995877788,0.1,1.0,128,256,5,204.8,1.0,200,20260814,20260845,0.0001,10.0,61,0.5623413251903491,0.5623413251903491,0.7063273593474837,0.7912940575428123,0.9793806977572398,0.9759519813928184,0.8744360331099021,0.8926164580463176,0.8884859335325122,0.6723057187656727,0.6725446270727703,0.6014115135017686,0.582661961673643,0.5623413251903491,0.46415888336127775,0.6812920690579608,0.5623413251903491,0.0,0.0,3.534419611096382,0.21458153750341882,0.027350227319335656,0.001933953120449581,0.21143431424791162,200,0.7854184624965811,0.02735022731933566,0.0019339531204495815,0.7885656857520884,200,0.026005337455217773,0.02008412803798517,0.0014201623129878184,0.020837209363304982,200,0.9028466012674682,0.0910583365884607,0.006438796728526768,0.8987475436164126,200,0.9587118993183691,0.04070865394913385,0.0028785365260409076,0.9719865793044609,200,0.09625719447212788,0.0517247865134237,0.0036574947299068375,0.08586198460035606,200,0.6707872338667678,0.06756573102671708,0.004777618658481795,0.6673677779135744,200,0.8829129114940176,0.04537913710645532,0.003208789557236864,0.8835567253788057,200,0.831698539990154,0.17160884381768152,0.012134577717506572,0.8154336734375498,200,0.6103766446164436,0.15534781011456683,0.010984748997449034,0.5623413251903491,200,0.5924463823870935,0.15424982591219766,0.01090710978993594,0.5623413251903491,200,0.6014115135017684,0.10815150802444297,0.007647466471963493,0.5727254762096192,200
localized_0.200,localized,localized 0.20,0.2,0.20552041484147038,0.1,1.0,128,256,5,204.8,1.0,200,20260814,20261845,0.0001,10.0,61,0.3831186849557285,0.31622776601683794,0.503713840909029,0.6954532474984461,0.9994966557108288,0.9976155830416547,0.9780569636604106,0.8542656976998753,0.8509644168708701,0.6182483761657002,0.61837589373683,0.3797131102908999,0.3642992971363558,0.3831186849557285,0.31622776601683794,0.46415888336127775,0.3831186849557285,0.0,0.0,3.426331078982912,0.31040080021357797,0.03738585893464102,0.002643579437316834,0.3054123266747665,200,0.689599199786422,0.037385858934641025,0.0026435794373168343,0.6945876733252334,200,0.022669332959712615,0.03039166948081035,0.0021490155581461237,0.014864640808703714,200,0.9721902223698535,0.10366956763865263,0.007330545427996873,0.9691587063317482,200,0.9725881172308855,0.03518826619324916,0.002488186164344382,0.983619433798365,200,0.1424682746972308,0.07969795590532185,0.005635496506735953,0.11975034092536727,200,0.6283361059742598,0.0738071772717788,0.005218955554911241,0.6312222773821144,200,0.8525917671371055,0.05596796427713541,0.0039575327069568894,0.8604119439611332,200,0.9670497776994198,0.21538546867628428,0.015230052547004333,0.9500445666017682,200,0.38240899406762097,0.10916157649668065,0.007718889098581693,0.3831186849557285,200,0.3770172265141788,0.11839710140438427,0.008371939327587142,0.3831186849557285,200,0.37971311029089994,0.07859949271741966,0.005557823429831009,0.3831186849557285,200
localized_0.350,localized,localized 0.35,0.35,0.35008703906114913,0.1,1.0,128,256,5,204.8,1.0,200,20260814,20262845,0.0001,10.0,61,0.2610157215682536,0.21544346900318823,0.3603518810623729,0.5995612319114234,0.9987136615560218,0.9974130808066827,1.0371997506084516,0.8285305300559648,0.8254862499376199,0.5859112776903539,0.5859704157954121,0.27376469891075667,0.261642526001916,0.2610157215682536,0.21544346900318823,0.31622776601683794,0.2610157215682536,0.0,0.0,3.527665358968079,0.4159493960727845,0.042203586755808785,0.0029842442385427156,0.41302501301238004,200,0.5840506039272154,0.04220358675580878,0.002984244238542715,0.58697498698762,200,0.027313981764085185,0.03603303517554606,0.002547920351936202,0.016314168539960705,200,1.0581798361549206,0.10445562914368553,0.0073861283700607195,1.0493433765649713,200,0.9805988219955735,0.017398754750008252,0.0012302777467932489,0.9856657777297706,200,0.20608407213056046,0.10050039776091339,0.007106451276868718,0.18775765350720994,200,0.583509860754467,0.0683042392017876,0.004829839072337203,0.5825199967274972,200,0.81698446999082,0.05871314127831164,0.004151646034265796,0.8209148864878492,200,1.143673654073926,0.23401096567734278,0.01654707407024615,1.11757792255638,200,0.27341396147123165,0.08599380568451993,0.006080680313956232,0.2610157215682536,200,0.2741154363502817,0.08844789431515326,0.006254210585191595,0.2610157215682536,200,0.27376469891075667,0.05785174621529827,0.004090736205232059,0.26583561751001306,200
localized_0.500,localized,localized 0.50,0.5,0.5,0.1,1.0,128,256,5,204.8,1.0,200,20260814,20263845,0.0001,10.0,61,0.21544346900318823,0.1467799267622069,0.30500751647232,0.5180767415836365,0.9892247936950566,0.988373590619878,1.11582695685202,0.7918349048305793,0.7891007640732723,0.5437488683088877,0.5437795715426285,0.22257327268025195,0.2071333360999347,0.21544346900318823,0.1467799267622069,0.2610157215682536,0.21544346900318823,0.0,0.0,3.506588550982997,0.49173581502581626,0.047174815327023306,0.0033357631818961256,0.49078795927269225,200,0.5082641849741836,0.04717481532702333,0.003335763181896127,0.5092120407273077,200,0.05558876715514309,0.08581220525795473,0.006067839224647169,0.024894305011767752,200,1.127400151153453,0.13478524254010538,0.009530755900398202,1.1085611891688492,200,0.9708487859290698,0.02902183696910423,0.002052153772334404,0.980288997380608,200,0.2781208980495969,0.16165017537169143,0.011430393518531765,0.24859083674840604,200,0.5525607644472129,0.08789608942176158,0.006215192086990678,0.5470013265916223,200,0.7861591772250432,0.07652415716329593,0.005411075045475167,0.7882249211604968,200,1.3103890694620488,0.34045466637208255,0.02407378032783032,1.245056143931397,200,0.21059189173188428,0.0839633682862983,0.005937106708650503,0.21544346900318823,200,0.23455465362861966,0.09319129123926279,0.006589619398281321,0.21544346900318823,200,0.22257327268025193,0.06136906055743778,0.004339447887521214,0.21544346900318823,200
localized_0.650,localized,localized 0.65,0.65,0.649912960938851,0.1,1.0,128,256,5,204.8,1.0,200,20260814,20264845,0.0001,10.0,61,0.1778279410038923,0.12115276586285877,0.25821314543252544,0.45285376234983143,0.9810326309730655,0.9803781539705032,1.1597188877889444,0.7707682375773325,0.7681530920503816,0.5212184606496743,0.5212369007175063,0.2478884486423395,0.17954225134915905,0.1778279410038923,0.12115276586285877,0.21544346900318823,0.1467799267622069,0.0,0.005,3.4353330481098965,0.564369006926406,0.06095875327275565,0.004310434781184316,0.5560090926225871,200,0.43563099307359393,0.06095875327275564,0.004310434781184316,0.44399090737741287,200,1.0799524310102269,9.666673612676929,0.6835370463040917,0.04445672995940184,200,1.2597986740915295,0.7137710468186644,0.05047123474200983,1.1667784175545686,200,0.9553005986665126,0.05920899652534878,0.004186708295032485,0.9711064477903711,200,0.7132679754420024,3.850468788050108,0.27226925907773786,0.30848288326609913,200,0.5194435925792293,0.09217461253088065,0.006517729357382822,0.5201014636158096,200,0.7529617397017455,0.09428093732881732,0.006666669012183063,0.7623205152551211,200,2.5995497791932864,11.053623160027469,0.7816091893136097,1.3858091962579273,200,0.23700190240914792,0.7020917579378568,0.04964538430530426,0.1778279410038923,200,0.25877499487553113,0.7086661085318482,0.05011026109399517,0.1778279410038923,200,0.2478884486423395,0.497859924252699,0.035204012852010434,0.18111169788269757,200
localized_0.800,localized,localized 0.80,0.8,0.7944795851585297,0.1,1.0,128,256,5,204.8,1.0,200,20260814,20265845,0.0001,10.0,61,0.1467799267622069,0.1,0.21858967363574466,0.4008521074769609,0.9768397921476317,0.9762737869870284,1.1795023003732175,0.7629716254332956,0.7603736043687067,0.5131444007031403,0.5131557168771613,0.37713458209231293,0.17765741283436318,0.1467799267622069,0.12115276586285877,0.22683653214445457,0.1467799267622069,0.0,0.0175,3.4729423969984055,0.6249447884633982,0.06625005775300662,0.004684586509115138,0.6188957848865471,200,0.3750552115366018,0.06625005775300662,0.004684586509115138,0.38110421511345294,200,3.6839074139915833,18.309802056870804,1.294698519659674,0.07414950081516458,200,1.5332941817838235,1.294438041944832,0.09153059172850274,1.2319119164787244,200,0.9240434325998328,0.09539295811219234,0.006745300755857548,0.9575066147932261,200,1.5774372362612163,6.739408053783172,0.4765481136013313,0.37116660863852236,200,0.49310059581264454,0.10960559502851117,0.007750285950064678,0.49566331227692717,200,0.719578142165013,0.12099636388762514,0.008555734940385482,0.7404484874095533,200,5.750495777559231,20.850057774836685,1.4743217240718318,1.5288255231788446,200,0.3412694887134953,1.2086373620501107,0.08546356747010536,0.1467799267622069,200,0.4129996754711305,1.4138321942571823,0.09997303320191098,0.1467799267622069,200,0.3771345820923128,0.9200844631797622,0.06505979631787942,0.17003809374027562,200
localized_0.950,localized,localized 0.95,0.95,0.8990775400412221,0.1,1.0,128,256,5,204.8,1.0,200,20260814,20266845,0.0001,10.0,61,0.1467799267622069,0.1,0.21858967363574466,0.3604393892741363,0.9618304358784179,0.9614367721348461,1.2428077559215729,0.7322475304313653,0.7298707849328783,0.48255196437841724,0.48255673494125556,0.6564406765900421,0.18963420122277397,0.1467799267622069,0.1,0.22683653214445457,0.1467799267622069,0.0,0.0425,3.438850100035779,0.674086824010504,0.08064323933849256,0.005702338139309784,0.6672475999544087,200,0.325913175989496,0.08064323933849256,0.005702338139309784,0.33275240004559137,200,9.804674457870558,31.037584757469958,2.194688665365923,0.1148800255436282,200,1.9922353786434122,2.0697345312367714,0.14635233222934813,1.2974907902299735,200,0.8889174960454003,0.14023981447248943,0.00991645238058406,0.9417367374686489,200,4.5597179684035165,14.049929509904299,0.9934800431646316,0.4274616868665276,200,0.46126535695537485,0.135332767761154,0.009569471780065616,0.4814792950104384,200,0.6771000546613613,0.16315830666020845,0.011537034504634763,0.7240586253670975,200,12.789145215157383,35.09453378532486,2.481558282218361,1.713615827903139,200,0.3134940955633395,1.0190564899597627,0.07205817544627091,0.1467799267622069,200,0.9993872576167445,2.6794377012205217,0.18946485682999253,0.1467799267622069,200,0.6564406765900421,1.4221851697798458,0.10056367776542703,0.1623039338830496,200
random,random,i.i.d. random,nan,0.21085841170090208,0.1,1.0,128,256,5,204.8,1.0,200,20260814,20267845,0.0001,10.0,61,0.46415888336127775,0.3831186849557285,0.596196755377798,0.7003569229859499,0.9986030004712143,0.996352909451469,1.0388276986839893,0.778626373008636,0.7757953002283515,0.5294964112874759,0.5301537812007618,0.5528354307497559,0.5175571745920583,0.5623413251903491,0.3831186849557285,0.6812920690579608,0.5623413251903491,0.0,0.0,3.439411657047458,0.3112839528700079,0.03282864720985426,0.002321335905926878,0.3084888924459416,200,0.6887160471299922,0.03282864720985424,0.0023213359059268764,0.6915111075540585,200,0.05538140957450866,0.07423214099884747,0.005249005028228098,0.026347951854021005,200,1.1103647521880482,0.15291387031709167,0.010812643463869584,1.0924236801365506,200,0.9666690779335633,0.031698790405169285,0.002241442965090627,0.9744542996510017,200,0.3065742758362022,0.16222391502622818,0.01147096303856762,0.27489127070318176,200,0.517147888128343,0.06649341550578335,0.004701794500839413,0.5128599531374116,200,0.7576151921340143,0.06287194114527744,0.004445717593018719,0.7593674988743546,200,1.2761109139506055,0.3671020746256118,0.02595803663554201,1.2055699829127704,200,0.5474235858065143,0.20173210973903644,0.014264614277954142,0.5623413251903491,200,0.5582472756929977,0.21786997114727907,0.015405733401515848,0.5623413251903491,200,0.5528354307497559,0.15421218429928965,0.010904448125961735,0.5322053770068447,200
