sigma,noise_signal_ratio,signal_power,grid_alpha_cv,grid_lambda,grid_kappa_final,mc_alpha_median,mc_alpha_q25,mc_alpha_q75,mc_lambda_median,mc_lambda_q25,mc_lambda_q75,mc_kappa_median,mc_kappa_q25,mc_kappa_q75,oracle_kappa,oracle_alpha,oracle_lambda,oracle_interior,oracle_gen_error,grid_df_11,grid_df_22,grid_df_12,grid_B_11,grid_B_12,grid_df_23,grid_B_23,grid_h,grid_limbo_count,grid_b2_acc_average,grid_b2_gen_average,grid_z_direct,grid_z_simplified,grid_stationarity_residual,grid_z_reconstructed,grid_slope_acc_leading,grid_r2_acc_leading,oracle_df_11,oracle_df_22,oracle_df_12,oracle_B_11,oracle_B_12,oracle_df_23,oracle_B_23,oracle_h,oracle_limbo_count,oracle_b2_acc_average,oracle_b2_gen_average,oracle_z_direct,oracle_z_simplified,oracle_stationarity_residual,oracle_z_reconstructed,oracle_slope_acc_leading,oracle_r2_acc_leading,mc_z_mean,mc_z_se,mc_z_median,mc_z_q25,mc_z_q75,mc_z_min,mc_z_max,mc_r2_mean,mc_r2_se,mc_r2_median,mc_r2_q25,mc_r2_q75,mc_r2_min,mc_r2_max
0.0,0.0,1736.3449650425127,0.0001,1.0000000000000001e-07,0.002412383612027056,9.999999747378752e-05,9.999999747378752e-05,9.999999747378752e-05,9.999999747378752e-08,9.999999747378752e-08,9.999999747378752e-08,0.0024123836120223197,0.0024123836120223197,0.0024123836120223197,0.0024121961131992114,0.0,0.0,0.0,0.09847901700310127,999.9585472229664,466.6511568891756,221070.72344338638,639.951936132939,9025.960731723319,64918.64000227256,6810.509064813863,533.3488431108244,533.3073903337907,0.040828385555244096,0.10490837553860421,-2.6444461335569284e-06,0.05340140454476586,-0.08245208986271965,-2.644446133272249e-06,1.0000026444531267,0.9999999999930069,1000.0000000002357,466.6755026822692,221094.9990341527,639.9536285222835,9026.305137478354,64926.401804506204,6810.761044123427,533.3244973177308,533.3244973179665,0.040825460444196,0.10489971498236836,0.0,0.05339819647792545,-0.08243045711000302,1.504352198367087e-14,1.0,1.0,-9.576586809972865e-06,2.0738336561970987e-07,-9.155933585580645e-06,-1.0299003144198515e-05,-8.387843063922817e-06,-1.7976702194055783e-05,-6.276903903756903e-06,0.9999999999038838,4.741017404322561e-12,0.9999999999155639,0.9999999998924356,0.999999999930866,0.9999999996768382,0.9999999999617853
0.005061246747758921,1.4752954716618231e-08,1736.3449650425127,0.0001,1.0000000000000001e-07,0.002412383612027056,9.999999747378752e-05,9.999999747378752e-05,9.999999747378752e-05,9.999999747378752e-08,9.999999747378752e-08,9.999999747378752e-08,0.0024123836120223197,0.0024123836120223197,0.0024123836120223197,0.0024121961131992114,0.0,0.0,0.0,0.09850143199017117,999.9585472229664,466.6511568891756,221070.72344338638,639.951936132939,9025.960731723319,64918.64000227256,6810.509064813863,533.3488431108244,533.3073903337907,0.040828385555244096,0.10490837553860421,1.3947125985241281e-05,0.05340140454476586,-0.08242647364407794,1.394712598553477e-05,0.9999860530685344,0.9999999998054777,1000.0000000002357,466.6755026822692,221094.9990341527,639.9536285222835,9026.305137478354,64926.401804506204,6810.761044123427,533.3244973177308,533.3244973179665,0.040825460444196,0.10489971498236836,1.659410761516486e-05,0.05339819647792545,-0.08240484089136131,1.6594107630212018e-05,0.9999834061677447,0.9999999997246356,8.436723224263476e-05,7.2039988702000915e-06,7.36978024786783e-05,3.996874282496954e-05,0.00012697101571035319,-5.3350726242684665e-05,0.00037917842323165196,0.9999999877452324,1.8873135999614258e-09,0.9999999945685363,0.9999999838772597,0.9999999981607322,0.9999998561514104,1.0
0.01518374024325961,1.3277659244926408e-07,1736.3449650425127,0.0001,1.0000000000000001e-07,0.002412383612027056,9.999999747378752e-05,9.999999747378752e-05,9.999999747378752e-05,9.999999747378752e-08,9.999999747378752e-08,9.999999747378752e-08,0.0024123836120223197,0.0024123836120223197,0.0024123836120223197,0.0024121961131992114,0.0,0.0,0.0,0.09868075188672987,999.9585472229664,466.6511568891756,221070.72344338638,639.951936132939,9025.960731723319,64918.64000227256,6810.509064813863,533.3488431108244,533.3073903337907,0.040828385555244096,0.10490837553860421,0.00014667970293528958,0.05340140454476586,-0.08222154389494486,0.00014667970293558152,0.9998533418088447,0.9999999784850647,1000.0000000002357,466.6755026822692,221094.9990341527,639.9536285222835,9026.305137478354,64926.401804506204,6810.761044123427,533.3244973177308,533.3244973179665,0.040825460444196,0.10489971498236836,0.00014934696853614632,0.05339819647792545,-0.08219991114222823,0.00014934696855119223,0.9998506753326503,0.999999977695483,0.0008246070923766679,2.9516292676111513e-05,0.0008040351860619799,0.0006174838990371523,0.0009353238002600683,0.00033876659666254305,0.002510742779971986,0.9999992337633252,7.090705462947113e-08,0.9999993535995879,0.9999991249861446,0.9999996187098834,0.9999936961706928,0.999999885237193
0.050612467477589206,1.475295471661823e-06,1736.3449650425127,0.0001,1.0000000000000001e-07,0.002412383612027056,0.0015848932089284062,9.999999747378752e-05,0.003548133885487914,1.5848932089284063e-06,9.999999747378752e-08,3.5481338854879142e-06,0.0024151667634768176,0.0024123836120223197,0.0024188436025055697,0.0024121961131992114,0.0,0.0,0.0,0.10072051571009062,999.9585472229664,466.6511568891756,221070.72344338638,639.951936132939,9025.960731723319,64918.64000227256,6810.509064813863,533.3488431108244,533.3073903337907,0.040828385555244096,0.10490837553860421,0.0016565127657462639,0.05340140454476586,-0.07989046799854962,0.0016565127657465484,0.9983462267307859,0.999997255965457,1000.0000000002357,466.6755026822692,221094.9990341527,639.9536285222835,9026.305137478354,64926.401804506204,6810.761044123427,533.3244973177308,533.3244973179665,0.040825460444196,0.10489971498236836,0.0016594107615164858,0.05339819647792545,-0.07986883524583299,0.0016594107615315254,0.9983433383207024,0.9999972463559246,0.007283592304733031,0.00017709963403864297,0.007096182369612292,0.006047322529568189,0.00831332698944437,0.004412958126185362,0.01323240887606425,0.9999438442571379,2.869336494783025e-06,0.9999496428383893,0.9999308880089693,0.9999634278938506,0.9998249033553367,0.9999805258005765
0.15183740243259608,1.3277659244926405e-05,1736.3449650425127,0.0001,1.0000000000000001e-07,0.002412383612027056,0.05011872202157974,0.03981071710586548,0.06309573352336884,5.011872202157974e-05,3.981071710586548e-05,6.309573352336884e-05,0.0025051389398416434,0.002486186265522576,0.002528884865490529,0.0024121961131992114,0.0,0.0,0.0,0.11865250536595982,999.9585472229664,466.6511568891756,221070.72344338638,639.951936132939,9025.960731723319,64918.64000227256,6810.509064813863,533.3488431108244,533.3073903337907,0.040828385555244096,0.10490837553860421,0.01492977046075109,0.05340140454476586,-0.059397493085241504,0.014929770460751383,0.985289848721283,0.9997771019539893,1000.0000000002357,466.6755026822692,221094.9990341527,639.9536285222835,9026.305137478354,64926.401804506204,6810.761044123427,533.3244973177308,533.3244973179665,0.040825460444196,0.10489971498236836,0.014934696853614628,0.05339819647792545,-0.05937586033252487,0.014934696853629678,0.9852850662215871,0.9997769548298906,0.025313870815127613,0.0003220779672123091,0.02533615903068931,0.023365638683736034,0.027420327189917826,0.017520902902312452,0.03638477701352527,0.9993489393073325,1.6591529580466676e-05,0.9993580810085195,0.9992481163597143,0.9994540389064842,0.9986761482539566,0.9996930145923812
0.2530623373877745,3.688238679149558e-05,1736.3449650425127,0.0001,1.0000000000000001e-07,0.002412383612027056,0.17782793939113617,0.1412537544965744,0.19952623546123505,0.00017782793939113617,0.00014125375449657441,0.00019952623546123504,0.0027338311195374914,0.002669410399556301,0.00277168309552963,0.0024121961131992114,0.0,0.0,0.0,0.15451648467775903,999.9585472229664,466.6511568891756,221070.72344338638,639.951936132939,9025.960731723319,64918.64000227256,6810.509064813863,533.3488431108244,533.3073903337907,0.040828385555244096,0.10490837553860421,0.04147628585080573,0.05340140454476586,-0.018411543258555818,0.04147628585080603,0.9601754870328874,0.9982797177120223,1000.0000000002357,466.6755026822692,221094.9990341527,639.9536285222835,9026.305137478354,64926.401804506204,6810.761044123427,533.3244973177308,533.3244973179665,0.040825460444196,0.10489971498236836,0.04148526903785591,0.05339819647792545,-0.018389910505839185,0.04148526903787096,0.9601672051721089,0.9982789724528567,0.04051747813559364,0.000548596880963796,0.04043225469344047,0.03654852910965545,0.04384389300678038,0.02767739523580315,0.055205881697123704,0.998328539749391,4.549028796081208e-05,0.998365240346291,0.9980777171313261,0.9986642069574881,0.9969523000142283,0.9992339617929611
0.35428727234305096,7.228947811139933e-05,1736.3449650425127,0.1778279410038923,0.0001778279410038923,0.002733831122360799,0.3548133969306946,0.3162277638912201,0.3981071710586548,0.0003548133969306946,0.0003162277638912201,0.0003981071710586548,0.003035588693421385,0.0029710670989150775,0.0031072419851998407,0.0027458869219049967,0.1847223298178267,0.0001847223298178267,1.0,0.2052910232089807,934.9528434476488,428.77048117895157,185154.94908536394,637.1394907284621,8489.778691602134,53514.50419874601,6416.744585242374,571.2295188210485,506.1823622686971,0.04585229146474503,0.11990664365330578,0.059707814869879416,0.05883328136547605,0.0017190412315525594,0.05970781486987938,0.9436563418405941,0.9964349768434642,932.7276267845461,427.4845564368755,183999.95510272196,637.0372496233823,8471.556405336798,53150.56901101604,6403.31030387932,572.5154435631246,505.24307034767077,0.04604107865465167,0.1204749153777105,0.059034507363498266,0.05903450736350017,-3.774758283725532e-15,0.059034507363498266,0.9442562948109531,0.996514926940349,0.05440338065394407,0.0007470943243270075,0.05387575438846737,0.04943112159296653,0.05836668556950092,0.04009318230448966,0.08218973732716162,0.9969850166194427,8.560470062464524e-05,0.9970973905714462,0.9965933417337547,0.9975565561301634,0.9932448628372909,0.9983925447967777
0.5061246747758921,0.00014752954716618227,1736.3449650425127,0.6309573444801936,0.0006309573444801936,0.0034811027032930803,0.7079457640647888,0.6309573650360107,0.7295413762331009,0.0007079457640647888,0.0006309573650360108,0.0007295413762331009,0.0036010797906458375,0.0034811027355440925,0.0036344530003437885,0.003489594065418084,0.6363721225915545,0.0006363721225915545,1.0,0.2892524327219632,818.7478513965518,362.6303381307726,131026.73265982578,631.1685835836464,7548.179250141512,36681.94318027677,5717.988862216079,637.3696618692275,456.1175132657792,0.057607933105820824,0.1558802060761748,0.07159432093529149,0.07101700866623281,0.0017725056868040379,0.07159432093527364,0.9331889694293979,0.9948742532098145,817.6372063163423,362.00857327824235,130567.80373206864,631.1045271221957,7539.266943232528,36541.41713435238,5711.329952857005,637.9914267217576,455.6286330380999,0.05774215945841797,0.15629744002149867,0.0711524095166821,0.07115240951670175,-6.061817714453355e-14,0.0711524095166821,0.9335739630658284,0.9949373346199704,0.06838625044985346,0.0010778806293674683,0.06790583448038534,0.06145260214095066,0.07609510689249815,0.0432847371959888,0.09628742218335717,0.9952083025288119,0.00014980777540245062,0.9953887975751866,0.9942095422815239,0.9962235309094025,0.9907287136969314,0.9981264227414027
0.7591870121635522,0.00033194148112366016,1736.3449650425127,1.4125375446227555,0.0014125375446227555,0.0046411580947204436,1.258925437927246,1.1220184564590454,1.4125375747680664,0.001258925437927246,0.0011220184564590455,0.0014125375747680664,0.004421631980867486,0.004223006081561389,0.004641158137481343,0.004690651327947333,1.4474855216587061,0.0014474855216587061,1.0,0.44183265148898143,695.6497676204067,295.0262693526325,86319.7266913842,623.0218592782365,6567.376385053957,23216.28976003093,4979.886423038568,704.9737306473676,400.62349826777415,0.07608198770756146,0.2144996670231055,0.09215323854492259,0.08900710959602967,0.016008206614413045,0.0921532385446857,0.9156224279775075,0.9915077806256826,691.4105482463696,292.74766990954015,84990.9427208028,622.69765206701,6533.783918716166,22824.07679654661,4954.412069475273,707.2523300904598,398.6628783368294,0.07687623774429465,0.21706954956552277,0.08975442420367294,0.0897544242036246,2.5057733665789783e-13,0.08975442420367297,0.917637935474077,0.9919441433358671,0.09152216554986964,0.001354320925628995,0.09155244869995904,0.08143390268187645,0.10127072711195906,0.050262970941879814,0.12743910144359827,0.9914421095531876,0.0002473236829158717,0.991618068121347,0.9897442664968514,0.9933684109002673,0.9837593280508832,0.9974736337520957
1.0122493495517841,0.0005901181886647291,1736.3449650425127,2.2387211385683425,0.0022387211385683425,0.005775524744091417,1.9952622652053833,1.778279423713684,2.2387211322784424,0.0019952622652053835,0.0017782794237136842,0.0022387211322784425,0.0054481036862678205,0.005151844511442872,0.005775524735694502,0.005850554661821953,2.2950151201385482,0.002295015120138548,1.0,0.6062643886381456,612.3778811810189,250.9273198225222,62583.155189192876,615.9660095612904,5908.195581086156,16300.242629399383,4477.515346165218,749.0726801774778,361.4505613584966,0.09440552434956824,0.2746901041883572,0.11031335939407595,0.10579149104903161,0.03333812451402163,0.11031335939371965,0.9006466431654244,0.9878309627391935,607.7269160281899,248.50690953091822,61399.30780262208,615.5241038473653,5871.374142017351,15960.897497341315,4449.2939333719505,751.4930904690818,359.22000649727164,0.09562606407374859,0.2787621394168524,0.1068782550732337,0.10687825507309122,1.0733636202076013e-12,0.10687825507323369,0.9034417248840413,0.9885770385925008,0.1088755762890016,0.0015722630220098934,0.10715241510084972,0.0976360832426561,0.11858249064823934,0.07507765737423644,0.14724338580664664,0.9879013823918268,0.00035313838316723066,0.9885183529794701,0.9859381846911499,0.9904671908338124,0.9783193560493761,0.9943633453631968
1.518374024325961,0.0013277659244926407,1736.3449650425127,3.9810717055349776,0.003981071705534978,0.008011167962517562,3.5481338500976562,3.1622776985168457,3.5481338500976562,0.003548133850097656,0.0031622776985168457,0.003548133850097656,0.007469519720290689,0.006980045027916188,0.007469519720290689,0.008080372271077628,4.036802263159299,0.004036802263159299,1.0,0.9615693824022989,503.05976304817204,195.35018901315283,38410.07646759156,603.8060157110253,5038.9545131741825,9509.016403746398,3806.4399996782095,804.6498109868471,307.7095740350193,0.13118834890697997,0.400297973844964,0.14097376854125795,0.13714273442751132,0.04845908355279249,0.14097376854105684,0.8764443386621467,0.9801263965832758,500.41877679220636,194.0434540208492,37915.99105748848,603.4580321231755,5017.792249984803,9373.765588433023,3789.9695153972816,805.9565459791509,306.3753227713572,0.1323397360859378,0.4043166515785292,0.13808253571044166,0.13808253571044102,8.43769498715119e-15,0.13808253571044168,0.8786708947921388,0.9809332133317746,0.14335012889066046,0.00224200522291655,0.14269017846675458,0.12582553723353973,0.15567832938326914,0.09876826506523528,0.2031394531348205,0.9789531093836544,0.0006669880306127805,0.9796394650134577,0.9757642793213579,0.9841678459192215,0.9587343218861677,0.9902448278011321
2.530623373877745,0.0036882386791495573,1736.3449650425127,7.943282347242821,0.00794328234724282,0.012734517473980807,7.079457759857178,6.309573650360107,7.079457759857178,0.007079457759857178,0.0063095736503601075,0.007079457759857178,0.011730806154782945,0.010826245110661199,0.011730806154782945,0.012311659377183877,7.578218273568128,0.007578218273568128,1.0,1.7468822664867556,376.24002138474924,134.80237458038488,18959.308611234803,582.7184903727997,4003.7124514399084,4343.5263686147755,2992.3736604998057,865.1976254196152,241.4376468043644,0.2111739691323665,0.6889272463319072,0.17774644453754856,0.19794742900012585,-0.5371853455238993,0.17774644453752483,0.8490791924170554,0.9684062014542602,384.4681661992551,138.58360088406937,19971.68357101092,584.42591930322,4072.492879811221,4602.403307651222,3047.0221700847233,861.4163991159306,245.88456531518577,0.20391334888374066,0.6620502303696918,0.19275118409094588,0.19275118409076217,4.630074101896753e-12,0.19275118409094585,0.8383978262508697,0.9628469810315383,0.19255461284901343,0.0036941426014630726,0.19083166965533827,0.1650617987164738,0.21555677537243428,0.1189985252847301,0.29767603538739995,0.9615716999581353,0.0015038708171838222,0.9635832509755798,0.9535351016580842,0.9727545848434382,0.9113890385916329,0.9858393509800595
4.166947142252722,0.009999999329570436,1736.3449650425127,12.589254117941687,0.012589254117941687,0.017991452601165886,12.589254379272461,11.220184326171875,12.589254379272461,0.012589254379272462,0.011220184326171875,0.012589254379272462,0.017991452891858287,0.01646203026958674,0.017991452891858287,0.018806057688824856,13.32312103772546,0.01332312103772546,1.0,3.1534262576776992,300.26472030800494,101.00582248657817,11075.19788638491,563.5245287785112,3351.0247535655203,2384.5574135642246,2469.37049986338,898.9941775134218,199.25889782142673,0.30257019223873555,1.035567642790527,0.2963189185173136,0.2591835078048074,1.6986599222098349,0.296318918517311,0.7714151091336124,0.9121950985287297,291.55162351530623,97.26914646232034,10330.845532205009,560.8266236907581,3273.601227711595,2206.0922105697914,2406.7839367094784,902.7308535376796,194.2824770529859,0.3168764083739891,1.0909715945589837,0.26816332159062695,0.26816332159319956,-1.2607870303327218e-10,0.26816332159062684,0.788541966933505,0.928088432953482,0.2664851236107795,0.005063925148542524,0.2573307417117362,0.22717862279898487,0.30024142531143866,0.16687453756826254,0.44523145043876244,0.9264469924621059,0.002933727876959198,0.9337806616482478,0.9098549383386371,0.948389642462955,0.8017688187653189,0.972152931982945
5.061246747758921,0.014752954716618232,1736.3449650425127,15.848931924611142,0.01584893192461114,0.02158662076209208,14.125375747680664,14.125375747680664,15.848932266235352,0.014125375747680665,0.014125375747680665,0.015848932266235353,0.019692884808153725,0.019692884808153725,0.021586621136027852,0.0222572265829197,16.462354713224066,0.016462354713224065,1.0,3.9713712629942535,265.79838042815305,86.40939702946885,8310.192937363607,552.0582446142957,3040.6775981577853,1729.1154180469377,2217.800339423503,913.5906029705311,179.38898339868422,0.36589735293467623,1.2826213428416144,0.32652428081828644,0.2978855695226271,1.7381165245915078,0.32652428081828566,0.7538497519119175,0.8933818940361008,260.3591174357117,84.15245160498974,7916.829402543074,550.036052208212,2990.6146165589607,1637.6822230824462,2177.0488713053387,915.8475483950102,176.206665830722,0.3777540811474735,1.3293475624396145,0.30484749843534786,0.3048474984350022,2.2001955812811502e-11,0.304847498435348,0.7663730828308345,0.9070680026977106,0.3134172927561705,0.006395641355616993,0.3096866582466685,0.26912136847463397,0.34911891096247827,0.197926762452594,0.5360156532501474,0.8977200817297987,0.0043967415355800924,0.904093699956392,0.8781158498858045,0.9275731336422156,0.7126872194708177,0.9608249967050344
7.217364162835652,0.029999997988711304,1736.3449650425127,25.11886431509582,0.02511886431509582,0.03158378422688267,22.387210845947266,19.95262336730957,22.387210845947266,0.022387210845947265,0.01995262336730957,0.022387210845947265,0.028663590962918453,0.026044865189627578,0.028663590962918453,0.030440591337316702,24.047557843486995,0.024047557843486996,1.0,6.041250638493976,204.6911119119221,61.861268587747695,4522.252377933996,524.8344031082732,2456.0486237572445,873.3874563398884,1739.4865610298748,938.1387314122524,142.8298433241744,0.5431029536832921,1.99165507633869,0.3531357028038881,0.39421286314397347,-4.472341717912862,0.35313570280388806,0.7390241776400245,0.875295175405204,210.01673137645568,63.92601547109808,4799.2075543639985,527.6722867721851,2509.2327339686044,933.7572955174335,1783.1717312590765,936.073984528902,146.0907159053576,0.5228431372356291,1.9096736805370258,0.3839562394922013,0.3839562394865509,5.81543702082854e-10,0.38395623949220126,0.7225661993235553,0.8525776061550073,0.4147364483268924,0.01074283752709063,0.3973750122447657,0.3342459258567482,0.474413076670629,0.2366882801134229,0.7959160738783313,0.8165682374588106,0.010001614888603193,0.8420911675639716,0.7749288496660056,0.8882783289433787,0.3665172645351711,0.9439787129272367
10.122493495517842,0.05901181886647293,1736.3449650425127,35.481338923357605,0.03548133892335761,0.042536844310008017,31.62277603149414,28.18383026123047,35.48133850097656,0.03162277603149414,0.028183830261230468,0.03548133850097656,0.03847740939451831,0.0348415506322404,0.042536843866657646,0.04136507307378891,34.36569687478359,0.03436569687478359,1.0,8.97841116832712,165.86809626097264,47.29743160887176,2787.4814546175376,500.29914541376235,2051.2347636184754,506.4662722222151,1406.953857467516,952.7025683911282,118.57066465210087,0.7358738693025384,2.77798134769023,0.44654255313570346,0.48397852209641945,-6.4012411576787684,0.44654255313570357,0.6913035484730657,0.8005997482390474,169.20981105290232,48.515320342308534,2917.7874409962596,502.7237841302275,2087.4107919974554,533.2384835127733,1436.6189702198149,951.4846796576915,120.69449071059383,0.7154087932069247,2.694139704163722,0.47505593945294394,0.47505593944481983,1.3318697256181622e-09,0.4750559394529441,0.6779403907697706,0.7743218543904808,0.4953205865748503,0.013997239352933327,0.4795706466832238,0.39702247865325957,0.5529074867668943,0.260348560118733,1.0645407569480003,0.735261176796859,0.016673235552919042,0.7700119937887671,0.6942925674361675,0.8423725489399889,-0.1332470232034224,0.9322186932727289
13.177043859048252,0.09999999329570435,1736.3449650425127,44.668359215096345,0.04466835921509635,0.0521368506780028,42.23953819274902,39.81071853637695,50.11872482299805,0.042239538192749025,0.03981071853637695,0.05011872482299805,0.049606424796042395,0.04707089687870235,0.05779900842165642,0.05290778876262324,45.40924454275429,0.04540924454275429,1.0,12.180026867445655,143.24784419818263,39.247285398209314,1994.7610461222673,481.8765953850304,1798.501697233328,347.18500374775624,1200.5942149334924,960.7527146017907,104.0005587999733,0.9016126020354872,3.458082008074784,0.5746084896687211,0.5517475829484583,5.305789627677001,0.5746084896687212,0.6350785014568212,0.6698250836006312,141.7285506584299,38.71925122463774,1946.9590743237252,480.49683209091137,1780.9971969235733,337.8038222273742,1186.3820763786177,961.2807487753622,103.00929943379214,0.9147584150130127,3.512044560526226,0.556808304248912,0.5568083042591011,-2.417209543637e-09,0.5568083042489121,0.6423398418872475,0.689964512319451,0.5726932131635223,0.017622653689288992,0.548951996577882,0.43030110832953056,0.6685480654542574,0.24921181495959077,1.2834601173703089,0.6412772637697425,0.02369068323235144,0.6986493863663673,0.5530383868653552,0.8148385516232391,-0.6472704065635277,0.937893429349699
15.18374024325961,0.13277659244926407,1736.3449650425127,50.118723362727245,0.05011872336272725,0.05779900690735988,50.11872482299805,44.668357849121094,56.234130859375,0.05011872482299805,0.04466835784912109,0.056234130859375,0.05779900842165642,0.0521368492562267,0.0641295249860848,0.06057618254623451,52.798961355105426,0.05279896135510543,1.0,14.323308475060244,132.87916100258582,35.67711255343571,1681.72523456926,472.0436240040491,1677.5921174054067,286.2950910315459,1102.7231939377293,964.3228874465643,97.20204844915007,0.9975423350504032,3.8517013685583033,0.6670354757819601,0.5877213260574292,21.46842787281264,0.66703547578196,0.5998672580923496,0.5550636740483341,128.38744312078677,34.15546938482384,1555.594456023055,467.45970760712873,1624.1247607787222,262.1491733557603,1059.6950096741937,965.8445306151762,94.23197373596295,1.0440540942340897,4.042335881166755,0.6044029164440687,0.6044029164470952,-8.783729299466358e-10,0.6044029164440688,0.6232848306062407,0.634697114593904,0.6419607913856489,0.01945094064022584,0.5875709945399895,0.5020022544457223,0.7537898625825863,0.3411284815149782,1.255651429991218,0.5504307616688144,0.029241143798350865,0.6547600971472816,0.43174441977005196,0.7479934627540697,-0.5766611405657651,0.8836312960830184
20.24498699102711,0.2360472754656917,1736.3449650425127,70.79457843841388,0.07079457843841389,0.07912952532617301,70.7945785522461,63.095733642578125,79.43282318115234,0.07079457855224609,0.06309573364257813,0.07943282318115234,0.07912952544311601,0.07120939967421032,0.08799191469678903,0.0803479933591487,71.98086665265082,0.07198086665265081,1.0,19.807298680905994,105.3329569892195,26.600886551388037,994.9771607158865,440.14450374074204,1338.3736810786893,158.13690836449518,833.3638387079427,973.399113448612,78.73207043783145,1.3451300531519024,5.26988827166833,0.7306833278374573,0.7020520258358284,12.32861286813852,0.7306833278374574,0.5778064559329471,0.466101874420379,104.13610043871962,26.22108344277924,969.7195130644628,438.52314389219083,1322.9916814036399,153.6015505592861,821.3955753648931,973.7789165572208,77.91501699594038,1.3643034543285435,5.347573461166698,0.7077312899152781,0.7077312899100128,2.3187567421700805e-09,0.7077312899152783,0.5855722184780082,0.49911642127485656,0.7225240817221309,0.02419625892957475,0.7163735325785299,0.5687871431325036,0.8461752402949243,0.14500534668770038,1.5337302461873703,0.41999850762361796,0.039238351870856496,0.4868077512502973,0.2839859996692865,0.6764493056690393,-1.3523277063299934,0.9789734494319797
22.823309457435037,0.2999999798871129,1736.3449650425127,79.43282347242821,0.07943282347242821,0.0879919149952482,79.43282318115234,70.7945785522461,89.12509155273438,0.07943282318115234,0.07079457855224609,0.08912509155273438,0.08799191469678903,0.07912952544311601,0.0979110555626371,0.0906986870011422,82.07537705579678,0.08207537705579677,1.0,22.622744409161392,97.27134047806784,24.067938912013837,831.9332698919802,428.75920048815215,1233.6724259987761,129.13967732438994,752.4353309591573,975.9320610879862,73.203401566054,1.482898293223636,5.826523238625507,0.8014600665858379,0.741600695142095,30.10763883238195,0.8014600665858379,0.5551052829581837,0.3576617616682243,95.07645844130928,23.388813959999332,790.3934097789878,425.4594083666902,1204.7177099294167,121.86424084259265,730.2906999971312,976.6111860400007,71.68764448130995,1.5242000945659244,5.992657853918113,0.7529113352156266,0.7529113352127479,1.5133991837501526e-09,0.7529113352156267,0.5704795102354618,0.4331245213038224,0.789437605468639,0.03275266335115811,0.7275560982065772,0.5812757757549942,0.9296247817030051,0.24784844038360632,2.3166331786614887,0.2705872778161782,0.07190995050343468,0.47066210905737216,0.135794489128413,0.6620642758065995,-4.366789284475231,0.9385712092545897
30.36748048654781,0.5311063697980563,1736.3449650425127,112.20184543019653,0.11220184543019653,0.12144925398734077,112.20184326171875,100.0,125.89253997802734,0.11220184326171875,0.1,0.12589253997802735,0.12144925177971912,0.10901544002246966,0.13537431461931637,0.12221385115092133,112.95292576395386,0.11295292576395385,1.0,30.865700693319166,76.1421602318623,17.73124132820634,480.94917824480353,392.6681400636381,946.9561316591993,69.43333885797176,538.6013853833559,982.2687586717936,58.410918903655975,1.9689318008922718,7.757100468480758,0.874431973020097,0.8610126876817669,10.761831730362019,0.8744319730200971,0.5334949544147999,0.23536872456018032,75.77639768123501,17.625708092159428,475.81095793524713,391.9460593558835,941.8395045874197,68.59383177125636,534.9092707675061,982.3742919078405,58.15068958907558,1.9794405506642285,7.798212418739014,0.8632963353414635,0.8632963353327896,7.019139047770295e-09,0.8632963353414635,0.5366832859770221,0.25471943738599934,0.8621427313297717,0.03657620129892801,0.8177166388927434,0.5912586804382521,1.0630658890527456,0.17498129587055233,1.9764439527827249,0.1242658652948077,0.07362659872878216,0.3312935697278976,-0.1301550394219761,0.6504113307241011,-2.906330698491404,0.9693815129692103
41.66947142252722,0.9999999329570433,1736.3449650425127,158.48931924611142,0.15848931924611143,0.16844673150045636,158.48931884765625,125.89253997802734,199.52622985839844,0.15848931884765624,0.12589253997802735,0.19952622985839844,0.16844673109675876,0.13537431461931637,0.2099682248552403,0.17320012929729073,163.18180362263928,0.1631818036226393,1.0,43.06784458160564,59.11312238012441,12.985979208532177,273.83816094684664,354.3724773887094,703.9784734296213,36.69362067580898,369.2636490903884,987.0140207914678,46.12714317159223,2.5707829434563982,10.063429072668018,1.0404087913162208,0.9752855619120728,83.18121619219096,1.04040879131496,0.4900978687486065,-0.08245045304807941,57.84248380932443,12.646531532930904,260.9464118748813,351.0703952143699,685.520721991017,34.74444769009587,356.95534113812045,987.3534684670691,45.19595227639352,2.6270555592836082,10.273737672332402,0.9844153325519686,0.9844153325519692,-6.821210263296962e-13,0.9844153325519687,0.5039267655294695,0.030926453036597135,1.1307335387056794,0.059400284484602925,0.991504338257684,0.7346690742437053,1.4094326529745613,0.09854561183448474,2.9731512970254044,-0.6278694263918546,0.17605486235321582,0.016870679623728513,-0.9869544620749922,0.46024747146074074,-7.839631947118011,0.9902887862211942
50.612467477589206,1.475295471661823,1736.3449650425127,199.52623149688827,0.19952623149688828,0.20996822651117086,199.52622985839844,158.48931884765625,258.8510551452637,0.19952622985839844,0.15848931884765624,0.2588510551452637,0.2099682248552403,0.16844673109675876,0.26985171136240094,0.21705097081884717,206.53554570868874,0.20653554570868873,1.0,52.510489060772066,49.731310246510986,10.532295760640041,186.6902204071598,328.16127772777827,567.0881094143203,23.787402843150524,280.1538625730711,989.4677042393599,39.19901448587095,3.03758872948747,11.77740438585712,1.1243461377534056,1.0439749713616981,139.7872818874548,1.1243461377538495,0.47073307980663937,-0.2641542374810002,48.44680063161147,10.206191978940492,176.1826197247786,324.2119808696924,548.2813876793175,22.27918260929359,268.32744328568396,989.7938080210595,38.240608652670964,3.1120061021672183,12.04386390610907,1.0535072698595973,1.0535072698597325,-2.4647306418046355e-10,1.0535072698595973,0.4869717359551262,-0.10987756764702228,1.233631244975111,0.08773048046191562,1.133699306246068,0.5784777373776955,1.6687159783573984,-0.10676505087974342,5.518111724140665,-1.2838129286774156,0.377446700670785,-0.2853600080048042,-1.7846236237991446,0.6653608246363288,-29.449544220329074,0.99967498086903
72.17364162835652,2.99999979887113,1736.3449650425127,316.2277660168379,0.3162277660168379,0.327666389169085,316.2277526855469,244.35951232910156,410.25128173828125,0.31622775268554687,0.24435951232910155,0.41025128173828124,0.32766637574476604,0.25523550556941804,0.422271393153593,0.3373567977110643,325.8519278568401,0.32585192785684014,1.0,74.33792658758878,34.909357597783064,6.9298039503598625,85.39036829006272,275.7942778434598,351.57248234525537,9.836540196748956,151.71835986577048,993.0701960496401,27.97955364742319,4.117238154436786,15.423955662369421,1.2181270949199972,1.1470756810589946,227.89197755503756,1.2181270949200367,0.450830794272439,-0.48383361937823177,34.10297326831322,6.744622999622504,81.09618793608037,272.4436267173701,340.072964375584,9.281205191247755,145.35371556653305,993.2553770003775,27.358350268690717,4.193451912235726,15.661082000816304,1.1515609467372496,1.151560946737175,2.482920535840094e-10,1.1515609467372494,0.46477883952878835,-0.3260926140503906,1.3627310464785733,0.12016825647488638,1.1063106662772086,0.6269223664872255,1.7508806632559548,-0.1160344093013681,6.6648367166189475,-2.2866363595153025,0.6592804418060212,-0.22392374970462348,-2.0655908242503647,0.6067975343460275,-43.42004845919203,0.9997668974136912
91.10244145959577,4.779957328177506,1736.3449650425127,446.6835921509635,0.4466835921509635,0.4588970736583705,446.68359375,316.2277526855469,630.9573364257812,0.44668359375,0.31622775268554687,0.6309573364257812,0.4588970752655804,0.32766637574476604,0.643975821433263,0.46344269342868905,451.20619846447806,0.45120619846447807,1.0,92.34999058825363,26.614860299818382,5.085435756708202,46.9155847333599,238.07310721083158,235.8915835835921,5.017796735384275,90.50792086100435,994.9145642432918,21.52942454311018,5.028000501843016,18.03738286622187,1.199068564384956,1.1764643190813107,114.12190345897216,1.199068564384962,0.45473798143246336,-0.43776542209619906,26.403469377587232,5.040265781352908,46.09675349110133,237.007336968967,233.039661640581,4.919718811691431,89.08610410254903,994.9597342186471,21.363203596234325,5.0554462948365275,18.107966636394135,1.1765190608305756,1.176519060830577,-7.275957614183426e-12,1.1765190608305756,0.4594492269773152,-0.38419710049765965,1.4621097441237996,0.159608490309637,1.165561624250555,0.4693160380750901,1.9113415427356646,-0.35055239953138884,9.111222681959063,-3.659776544565932,1.1952445186072924,-0.35883509833480687,-2.6544354062700863,0.7795967032083603,-82.01435005301612,0.9999976925184846
131.7704385904825,9.999999329570432,1736.3449650425127,794.3282347242822,0.7943282347242822,0.8079050000039804,891.2509155273438,562.34130859375,1584.8931884765625,0.8912509155273437,0.56234130859375,1.5848931884765625,0.905114798697907,0.5750875700114515,1.6003010837701463,0.8238937354076196,810.2678317409282,0.8102678317409282,1.0,127.4600720972062,16.804903150285813,3.09876056609236,16.965042404894046,181.5328193371109,112.25496442977817,1.612671399771147,34.12453458468571,996.9012394339077,13.70614258419345,6.616839601732741,21.16025285097032,1.1350169643079393,1.0980609257477025,394.2191803465503,1.1350169643079395,0.4683803532793696,-0.28826350926681,16.538423683911272,3.048197259287641,16.373745599545522,179.7623737578734,109.22839666283507,1.5503732026015462,32.91375422914264,996.9518027407123,13.490226424623634,6.670947462739794,21.229568579947678,1.0925484081890044,1.0925484081890044,3.637978807091713e-12,1.0925484081890047,0.4778861966043834,-0.1936620242363274,1.9176145248854977,0.4144247852652552,0.7090400569539217,0.200942439812198,1.7972963927121013,-0.49601219628844306,32.07139575590142,-19.680287004185278,11.120228854621553,0.4972482469294397,-2.2307912904325864,0.9382681371593583,-1027.5744257316517,0.9997155410613017
