dataset,policy,sigma,noise_signal_ratio,signal_power,alpha,lambda,n,d,n_trials,train_pool_size,population_size,train_patches_per_image,population_patches_per_image,seed,case_path,mc_elapsed_seconds,theory_gen_error_normalized,theory_acc_error_normalized,theory_r2_gen,theory_r2_acc,theory_weight_error,mc_weight_error,mc_weight_error_std,mc_weight_error_se,mc_weight_error_median,mc_weight_error_q25,mc_weight_error_q75,mc_gen_error,mc_gen_error_std,mc_gen_error_se,mc_gen_error_median,mc_gen_error_q25,mc_gen_error_q75,mc_r2_gen,mc_r2_gen_std,mc_r2_gen_se,mc_r2_gen_median,mc_r2_gen_q25,mc_r2_gen_q75,mc_slope_gen,mc_slope_gen_std,mc_slope_gen_se,mc_slope_gen_median,mc_slope_gen_q25,mc_slope_gen_q75,mc_slope_acc,mc_slope_acc_std,mc_slope_acc_se,mc_slope_acc_median,mc_slope_acc_q25,mc_slope_acc_q75,mc_acc_error,mc_acc_error_std,mc_acc_error_se,mc_acc_error_median,mc_acc_error_q25,mc_acc_error_q75,mc_r2_acc,mc_r2_acc_std,mc_r2_acc_se,mc_r2_acc_median,mc_r2_acc_q25,mc_r2_acc_q75,mc_alpha_cv,mc_alpha_cv_std,mc_alpha_cv_se,mc_alpha_cv_median,mc_alpha_cv_q25,mc_alpha_cv_q75,mc_gen_error_normalized,mc_gen_error_normalized_se,mc_acc_error_normalized,mc_acc_error_normalized_se
vanhateren,cv,0.0,0.0,1736.3448486328125,0.0001,1.0000000000000001e-07,1000,10000,100,2000,20000,1,10,20260818,/n/home12/binxuwang/Github/AccentuationPredRMT/tables/vanhateren_fixed_vs_cv_cases/vanhateren_disk_d10000_n1000_sigma0_trials100_pop20000_seed20260818_alpha181_eminm4_emax5_fixed100.npz,1.3716788109995832,5.672034169759945e-05,6.993132809322368e-12,0.9999432796621051,0.9999999999930069,52.04652228621309,51.52959419250488,1.1012245613823495,0.11012245613823494,51.499053955078125,50.75829219818115,52.121633529663086,0.1051248250901699,0.007232634277852469,0.0007232634277852469,0.10506683215498924,0.09966026991605759,0.10896396264433861,0.9999394562519232,4.165436539606683e-06,4.1654365396066825e-07,0.9999394896513571,0.9999372452063712,0.9999426034119925,1.0006172323566138,8.654448886808161e-05,8.654448886808162e-06,1.000613266556358,1.0005592321550623,1.0006727080683258,1.0000095766827797,2.07388078216529e-06,2.07388078216529e-07,1.0000091560174176,1.0000083879134203,1.0000102991092148,1.6663844717053033e-07,8.277190398523715e-08,8.277190398523714e-09,1.4556239897420857e-07,1.2216417740323267e-07,1.8417696774948226e-07,0.9999999999038838,4.7410174043225613e-11,4.741017404322561e-12,0.9999999999155639,0.9999999998924356,0.999999999930866,9.999999747378752e-05,0.0,0.0,9.999999747378752e-05,9.999999747378752e-05,9.999999747378752e-05,6.0543748076854985e-05,4.1654365396064046e-07,9.597082474817168e-11,4.767019872257014e-12
vanhateren,fixed,0.0,0.0,1736.3448486328125,100.0,0.1,1000,10000,100,2000,20000,1,10,20260818,/n/home12/binxuwang/Github/AccentuationPredRMT/tables/vanhateren_fixed_vs_cv_cases/vanhateren_disk_d10000_n1000_sigma0_trials100_pop20000_seed20260818_alpha181_eminm4_emax5_fixed100.npz,1.3716788109995832,0.007245654391327103,0.12524331362393434,0.992754346094443,0.9316744603820519,181.14714384267103,184.0472996520996,5.509978367548948,0.5509978367548948,183.9046401977539,179.48706817626953,188.23567962646484,12.679919986724853,0.7978051923512862,0.07978051923512862,12.739198684692383,12.069482803344727,13.136455774307251,0.992697349264054,0.00045947393052680444,4.594739305268044e-05,0.9926632093303798,0.9924344200493059,0.9930489137495653,1.017283155287316,0.0018032842023939656,0.00018032842023939656,1.017643917212226,1.0160205008266234,1.018478244252499,1.33176408201125,0.012354892638123048,0.0012354892638123049,1.3311630570942603,1.3235205197472415,1.3401211804038482,191.377364723774,14.322478256758433,1.4322478256758433,190.4231569925857,181.735541336245,200.86458076949373,0.9379250685218763,0.003473608580745983,0.0003473608580745983,0.938109871249111,0.9355861368442362,0.9402493821904793,,,,,,,0.007302650735946229,4.594739305268036e-05,0.11021852305114585,0.0008248636938702509
vanhateren,cv,0.005061246747758921,1.47529557057e-08,1736.3448486328125,0.0001,1.0000000000000001e-07,1000,10000,100,2000,20000,1,10,20260818,/n/home12/binxuwang/Github/AccentuationPredRMT/tables/vanhateren_fixed_vs_cv_cases/vanhateren_disk_d10000_n1000_sigma0p00506125_trials100_pop20000_seed20260818_alpha181_eminm4_emax5_fixed100.npz,1.3717602210017503,5.6733249729437386e-05,4.887387050912877e-10,0.9999432667540741,0.9999999995112313,52.057140094914004,51.47029602050781,1.1474481488421615,0.11474481488421615,51.502750396728516,50.73904514312744,52.18709945678711,0.10451233237981797,0.007923351402793877,0.0007923351402793876,0.10415596887469292,0.09948668628931046,0.10995339974761009,0.9999398090002329,4.563236046707723e-06,4.5632360467077227e-07,0.9999400142379801,0.9999366753673188,0.9999427033827021,1.0006112600936943,9.171809573602289e-05,9.17180957360229e-06,1.0006108721496947,1.000545473292788,1.0006804792947088,0.9999156450212381,7.20234750271319e-05,7.20234750271319e-06,0.9999263076285843,0.9998730451049826,0.999960032855102,2.1272428837233376e-05,3.274394392107395e-05,3.274394392107395e-06,9.429503214424619e-06,3.19332965509718e-06,2.7987528242185276e-05,0.9999999877452324,1.8873135999614256e-08,1.8873135999614258e-09,0.9999999945685363,0.9999999838772597,0.9999999981607322,0.00010400445971754379,2.227607437508713e-05,2.227607437508713e-06,9.999999747378752e-05,9.999999747378752e-05,9.999999747378752e-05,6.019099976718931e-05,4.5632360467062033e-07,1.2251269587365182e-08,1.8857972796622937e-09
vanhateren,fixed,0.005061246747758921,1.47529557057e-08,1736.3448486328125,100.0,0.1,1000,10000,100,2000,20000,1,10,20260818,/n/home12/binxuwang/Github/AccentuationPredRMT/tables/vanhateren_fixed_vs_cv_cases/vanhateren_disk_d10000_n1000_sigma0p00506125_trials100_pop20000_seed20260818_alpha181_eminm4_emax5_fixed100.npz,1.3717602210017503,0.00724565468700254,0.12524326539221825,0.9927543457987675,0.931674479874137,181.14715895513288,183.39521759033204,5.962074441157134,0.5962074441157135,182.9726791381836,178.34361267089844,187.85355377197266,12.527102117538453,0.8281605103445612,0.08281605103445612,12.546032905578613,11.93632984161377,13.237560272216797,0.9927853605075039,0.0004769562399984357,4.769562399984357e-05,0.9927744578414494,0.9923761916979568,0.9931255995310998,1.0173630773562576,0.0017165744030989774,0.00017165744030989773,1.0174003063117862,1.0161233082479417,1.0184862512487203,1.3281961357902297,0.012355896888419727,0.0012355896888419727,1.3280048074984263,1.31818673110781,1.336302556923315,187.28883171268,14.10373361024281,1.410373361024281,186.80866081765816,175.79268438669672,196.3802594045436,0.9389253429802806,0.0034612705190609845,0.00034612705190609845,0.9389956209988084,0.9366639322147883,0.9417346642367945,,,,,,,0.0072146394924961004,4.769562399984368e-05,0.10786384505367705,0.0008122656983345218
vanhateren,cv,0.01518374024325961,1.32776601351e-07,1736.3448486328125,0.0001,1.0000000000000001e-07,1000,10000,100,2000,20000,1,10,20260818,/n/home12/binxuwang/Github/AccentuationPredRMT/tables/vanhateren_fixed_vs_cv_cases/vanhateren_disk_d10000_n1000_sigma0p0151837_trials100_pop20000_seed20260818_alpha181_eminm4_emax5_fixed100.npz,1.371627131000423,5.683651398414059e-05,2.4157712621204922e-08,0.9999431634898264,0.9999999758336466,52.142082564521104,51.98370918273926,1.3354492484174258,0.13354492484174257,51.75413131713867,51.06306171417236,52.87910842895508,0.10546155624091626,0.00883960505599891,0.0008839605055998911,0.10399805009365082,0.09828878194093704,0.1118118055164814,0.9999392623208899,5.090927106421842e-06,5.090927106421842e-07,0.9999401051869532,0.999935605069693,0.9999433932827235,1.0006022925388767,9.29576451153148e-05,9.29576451153148e-06,1.000602202467709,1.0005407537066269,1.0006641797233475,0.9991761583069434,0.00029449115150417295,2.9449115150417293e-05,0.9991966107719428,0.9990655502169344,0.9993828971557974,0.0013275622565143961,0.0012256829211005596,0.00012256829211005596,0.001120704754677476,0.0006612342896474547,0.0015161771236230919,0.9999992337633252,7.090705462947112e-07,7.090705462947113e-08,0.9999993535995879,0.9999991249861446,0.9999996187098834,0.00019892465381417422,0.0002750253573232484,2.7502535732324837e-05,9.999999747378752e-05,9.999999747378752e-05,9.999999747378752e-05,6.073767911020444e-05,5.090927106420802e-07,7.645729231492872e-07,7.058983254770243e-08
vanhateren,fixed,0.01518374024325961,1.32776601351e-07,1736.3448486328125,100.0,0.1,1000,10000,100,2000,20000,1,10,20260818,/n/home12/binxuwang/Github/AccentuationPredRMT/tables/vanhateren_fixed_vs_cv_cases/vanhateren_disk_d10000_n1000_sigma0p0151837_trials100_pop20000_seed20260818_alpha181_eminm4_emax5_fixed100.npz,1.371627131000423,0.007245657052406052,0.12524287953900037,0.9927543434333642,0.9316746358107157,181.14727985482764,183.10178482055665,5.461465351833955,0.5461465351833955,182.82180786132812,179.7101058959961,186.28050231933594,12.52764518737793,0.7848709432887783,0.07848709432887782,12.53203535079956,11.957132816314697,12.855257272720337,0.992785047741385,0.0004520248059633903,4.520248059633903e-05,0.9927825193476589,0.9925963685826336,0.9931136186306944,1.017318781556358,0.0015279857057010307,0.00015279857057010307,1.017419663069322,1.016358696928322,1.018385433062291,1.3281201375148046,0.01174929721098715,0.001174929721098715,1.3278497930784479,1.3195825548455535,1.3360122436532336,187.17708943816703,13.47689029308565,1.3476890293085648,186.63193772213475,177.3381367908712,196.0406789357575,0.9389483648270058,0.0032954023692518893,0.0003295402369251889,0.939038980787532,0.9367458646665391,0.9413465824914528,,,,,,,0.007214952258615057,4.520248059633896e-05,0.10779949016783685,0.0007761643836877952
vanhateren,cv,0.050612467477589206,1.4752955705699997e-06,1736.3448486328125,0.0001,1.0000000000000001e-07,1000,10000,100,2000,20000,1,10,20260818,/n/home12/binxuwang/Github/AccentuationPredRMT/tables/vanhateren_fixed_vs_cv_cases/vanhateren_disk_d10000_n1000_sigma0p0506125_trials100_pop20000_seed20260818_alpha181_eminm4_emax5_fixed100.npz,1.3737843849994533,5.801114488139281e-05,2.7645370649647897e-06,0.9999419888590079,0.9999972260997213,53.108303156304494,56.044371604919434,1.5084433887453395,0.15084433887453394,55.98268127441406,55.12415885925293,57.00785446166992,0.11118786834180355,0.007890714568100756,0.0007890714568100756,0.11085137724876404,0.10607558488845825,0.11640145257115364,0.9999359644091268,4.544439760522697e-06,4.5444397605226967e-07,0.9999361582019055,0.9999329617888619,0.9999389086879994,1.0005986155911568,0.00015134073074769388,1.5134073074769388e-05,1.0005761296265925,1.0005125355978253,1.0006714386410587,0.9927721086534034,0.001742985764077244,0.0001742985764077244,0.9929538186221107,0.9917552147905709,0.9939890305731334,0.09593310966238615,0.04856007248271493,0.0048560072482714935,0.08620722214536897,0.06274204242812557,0.11803093162547257,0.9999438442571379,2.869336494783025e-05,2.869336494783025e-06,0.9999496428383893,0.9999308880089693,0.9999634278938506,0.002188439900928643,0.002373646051875983,0.00023736460518759833,0.0015848932089284062,9.999999747378752e-05,0.003548133885487914,6.403559087317949e-05,4.5444397605198396e-07,5.525003269824154e-05,2.7966836496189593e-06
vanhateren,fixed,0.050612467477589206,1.4752955705699997e-06,1736.3448486328125,100.0,0.1,1000,10000,100,2000,20000,1,10,20260818,/n/home12/binxuwang/Github/AccentuationPredRMT/tables/vanhateren_fixed_vs_cv_cases/vanhateren_disk_d10000_n1000_sigma0p0506125_trials100_pop20000_seed20260818_alpha181_eminm4_emax5_fixed100.npz,1.3737843849994533,0.007245683958871013,0.1252384905224676,0.992754316526901,0.9316764095766907,181.14865508885563,183.21047714233399,5.049854557080782,0.5049854557080782,183.33235931396484,180.18697357177734,186.48658752441406,12.659891233444213,0.7949662172091032,0.07949662172091032,12.67261028289795,12.124846696853638,13.186979055404663,0.9927088842729526,0.0004578389009735336,4.578389009735336e-05,0.9927015590866778,0.9924053225568711,0.9930170284397131,1.0174667205480106,0.0017304763894732417,0.00017304763894732418,1.0172914167162341,1.0162605783770375,1.0185786905202943,1.3319844667086387,0.012663815355576504,0.0012663815355576503,1.330782851235472,1.3248242842188032,1.3386932742117137,191.64464303294392,14.702977658386711,1.4702977658386711,189.98615691582222,183.20321760100035,199.1819250340882,0.9378624098893052,0.003561684918740273,0.0003561684918740273,0.9382166503166718,0.9359894829850302,0.9398853833945847,,,,,,,0.007291115727047271,4.5783890097353345e-05,0.11037245463298592,0.0008467775090854646
vanhateren,cv,0.15183740243259608,1.3277660135099997e-05,1736.3448486328125,0.0001,1.0000000000000001e-07,1000,10000,100,2000,20000,1,10,20260818,/n/home12/binxuwang/Github/AccentuationPredRMT/tables/vanhateren_fixed_vs_cv_cases/vanhateren_disk_d10000_n1000_sigma0p151837_trials100_pop20000_seed20260818_alpha181_eminm4_emax5_fixed100.npz,1.3715879609990225,6.833757035171346e-05,0.00021666468745011318,0.9999316624342298,0.9997768003492586,61.60255011701412,69.53695877075195,2.0192627078543235,0.20192627078543235,69.5158576965332,68.05039024353027,70.49049758911133,0.1508862040936947,0.010843339008712273,0.0010843339008712273,0.1512032374739647,0.14196903631091118,0.15863929316401482,0.9999131012458657,6.244922497536259e-06,6.244922497536259e-07,0.9999129186592208,0.9999086360677207,0.9999182368430887,1.0006559893370923,0.00022267597902843203,2.2267597902843205e-05,1.0006494064241505,1.0004844561787878,1.0008336515065281,0.9753206228126479,0.0030619279966820866,0.00030619279966820866,0.9752899004122613,0.9733114930150466,0.977167849220367,1.0736745799076024,0.26648835519957104,0.026648835519957104,1.0601938127519261,0.9051691103159027,1.2367782082989471,0.9993489393073325,0.00016591529580466677,1.6591529580466676e-05,0.9993580810085195,0.9992481163597143,0.9994540389064842,0.05171233780682087,0.014944706405461864,0.0014944706405461863,0.05011872202157974,0.03981071710586548,0.06309573352336884,8.689875413429629e-05,6.244922497538581e-07,0.0006183533073818875,1.5347662960465622e-05
vanhateren,fixed,0.15183740243259608,1.3277660135099997e-05,1736.3448486328125,100.0,0.1,1000,10000,100,2000,20000,1,10,20260818,/n/home12/binxuwang/Github/AccentuationPredRMT/tables/vanhateren_fixed_vs_cv_cases/vanhateren_disk_d10000_n1000_sigma0p151837_trials100_pop20000_seed20260818_alpha181_eminm4_emax5_fixed100.npz,1.3715879609990225,0.0072459204992223235,0.12519991081080778,0.9927540799865656,0.931692002126143,181.1607450583323,182.671025390625,5.010426482325433,0.5010426482325433,182.56707000732422,179.24206161499023,185.74520111083984,12.499056615829467,0.72049259026993,0.072049259026993,12.474054336547852,12.008942127227783,12.99202561378479,0.9928015125418945,0.0004149478663971845,4.149478663971845e-05,0.9928159119161324,0.9925176006229324,0.9930837804848021,1.0172959144560663,0.0016329789428397843,0.00016329789428397843,1.0173469643930757,1.0162293648909255,1.0184358645304161,1.3286335932954376,0.011053498539008671,0.0011053498539008672,1.3293568211134366,1.3220575267499064,1.3363232436996582,187.73533560381216,12.606926147786446,1.2606926147786446,188.35161656815586,180.09552794376424,196.40378545938677,0.9388060936695746,0.0030956370802599285,0.0003095637080259929,0.9386166630445201,0.9366581693324287,0.9406574789427731,,,,,,,0.007198487458105542,4.1494786639718573e-05,0.10812099667392329,0.0007260611944518431
vanhateren,cv,0.2530623373877745,3.68823892642e-05,1736.3448486328125,0.0001,1.0000000000000001e-07,1000,10000,100,2000,20000,1,10,20260818,/n/home12/binxuwang/Github/AccentuationPredRMT/tables/vanhateren_fixed_vs_cv_cases/vanhateren_disk_d10000_n1000_sigma0p253062_trials100_pop20000_seed20260818_alpha181_eminm4_emax5_fixed100.npz,1.3710346549996757,8.89904212923898e-05,0.0015868033780739846,0.9999110095846738,0.9982786870036237,78.59104403846216,82.2630241394043,3.1211976720698305,0.31211976720698303,82.3395881652832,79.98708534240723,83.88088417053223,0.20186894297599792,0.01421023522133831,0.001421023522133831,0.19981348514556885,0.19250193983316422,0.20878475531935692,0.9998837391413722,8.183993653416476e-06,8.183993653416477e-07,0.9998849229257063,0.999879756169701,0.9998891338088832,1.0007630312244569,0.00030036481815726206,3.0036481815726207e-05,1.0007684886246895,1.0005700787609249,1.000944224295764,0.961086672864239,0.005060078358795113,0.0005060078358795114,0.9611389839654132,0.9579976534976566,0.9647401659742285,2.6732685032947283,0.6976367576292692,0.06976367576292693,2.6221910338253673,2.158720991691828,3.063254755479343,0.998328539749391,0.00045490287960812085,4.549028796081208e-05,0.998365240346291,0.9980777171313261,0.9986642069574881,0.17583826005458833,0.03854609512933411,0.0038546095129334107,0.17782793939113617,0.1412537544965744,0.19952623546123505,0.00011626085862779407,8.183993653407826e-07,0.0015395953778419326,4.017846789931069e-05
vanhateren,fixed,0.2530623373877745,3.68823892642e-05,1736.3448486328125,100.0,0.1,1000,10000,100,2000,20000,1,10,20260818,/n/home12/binxuwang/Github/AccentuationPredRMT/tables/vanhateren_fixed_vs_cv_cases/vanhateren_disk_d10000_n1000_sigma0p253062_trials100_pop20000_seed20260818_alpha181_eminm4_emax5_fixed100.npz,1.3710346549996757,0.00724639357992494,0.12512277858221385,0.9927536069058948,0.931723181850882,181.1849249972857,183.39468505859375,5.164173587976614,0.5164173587976614,183.47451782226562,179.50008010864258,187.2326202392578,12.591547164916992,0.7734126917552155,0.07734126917552156,12.63199520111084,12.027302742004395,13.100237131118774,0.9927482451571579,0.0004454257415306615,4.454257415306615e-05,0.9927249502245725,0.9924552791794592,0.993073206194337,1.0172913649876973,0.0016430955225531102,0.00016430955225531102,1.0172325090487155,1.0162862757628945,1.0183462591071035,1.3303944463499195,0.011962207200802565,0.0011962207200802565,1.3298338797613714,1.32122201451143,1.3376893207588851,189.78623141029527,13.782800019023382,1.3782800019023382,188.89770583978793,179.16241081613924,198.002519419448,0.9383103940916748,0.0033588350532434107,0.00033588350532434106,0.9384829160411359,0.9362729011716047,0.9408902758396,,,,,,,0.0072517548428421355,4.4542574153066204e-05,0.10930215363597376,0.0007937824119371147
vanhateren,cv,0.35428727234305096,7.22894829579e-05,1736.3448486328125,0.1778279410038923,0.0001778279410038923,1000,10000,100,2000,20000,1,10,20260818,/n/home12/binxuwang/Github/AccentuationPredRMT/tables/vanhateren_fixed_vs_cv_cases/vanhateren_disk_d10000_n1000_sigma0p354287_trials100_pop20000_seed20260818_alpha181_eminm4_emax5_fixed100.npz,1.3718010110023897,0.00011823366392921811,0.0031761934661832143,0.9998817663439975,0.9964327521659029,92.90286676781727,94.08318313598633,4.110810199446476,0.41108101994464763,94.11837768554688,91.07221221923828,96.53488159179688,0.2595683214068413,0.017841807821484656,0.0017841807821484656,0.25788480043411255,0.2461353838443756,0.27040577679872513,0.999850508773294,1.0275497885993687e-05,1.0275497885993687e-06,0.9998514783508372,0.9998442672393035,0.9998582451037661,1.0008750785191252,0.00043682837327465386,4.3682837327465386e-05,1.0008544537572037,1.000655929465812,1.0011801514891876,0.948450555427502,0.00668927219054464,0.0006689272190544641,0.9488784635368028,0.9448521137952965,0.9528972282678274,4.690985875861204,1.2525038555299954,0.12525038555299955,4.537793869911604,3.8523892188980486,5.28072714886144,0.9969850166194427,0.0008560470062464524,8.560470062464524e-05,0.9970973905714462,0.9965933417337547,0.9975565561301634,0.3484601975977421,0.06246605565352133,0.006246605565352133,0.3548133969306946,0.3162277638912201,0.3981071710586548,0.00014949122670604507,1.0275497885994932e-06,0.0027016441345478455,7.21345104065134e-05
vanhateren,fixed,0.35428727234305096,7.22894829579e-05,1736.3448486328125,100.0,0.1,1000,10000,100,2000,20000,1,10,20260818,/n/home12/binxuwang/Github/AccentuationPredRMT/tables/vanhateren_fixed_vs_cv_cases/vanhateren_disk_d10000_n1000_sigma0p354287_trials100_pop20000_seed20260818_alpha181_eminm4_emax5_fixed100.npz,1.3718010110023897,0.007247103200978875,0.1250071481989593,0.9927528972848884,0.9317699380025981,181.2211949057159,183.2743278503418,5.104386741697692,0.5104386741697692,183.77716827392578,179.6309814453125,186.49983978271484,12.639774560928345,0.8100827690093316,0.08100827690093317,12.605088233947754,12.098519802093506,13.092198848724365,0.9927204699165141,0.0004665448627023486,4.665448627023486e-05,0.9927404465513444,0.9924599086068455,0.9930321906897586,1.0173437423798557,0.00197738859415336,0.00019773885941533597,1.017460514840931,1.0160733157603377,1.0184058347567402,1.3308094554333527,0.013076789202546313,0.0013076789202546312,1.3311442561614997,1.3218288956912256,1.3392590290476052,190.31066756235978,15.163952774995337,1.5163952774995337,190.40156570061,179.83990413987965,199.84755284378122,0.9381911836119923,0.0036768698019515006,0.0003676869801951501,0.9381151716831302,0.9358297545536107,0.9407211856485663,,,,,,,0.0072795300834859085,4.6654486270235196e-05,0.10960418819580066,0.0008733261014904581
vanhateren,cv,0.5061246747758921,0.00014752955705699998,1736.3448486328125,0.6309573444801936,0.0006309573444801936,1000,10000,100,2000,20000,1,10,20260818,/n/home12/binxuwang/Github/AccentuationPredRMT/tables/vanhateren_fixed_vs_cv_cases/vanhateren_disk_d10000_n1000_sigma0p506125_trials100_pop20000_seed20260818_alpha181_eminm4_emax5_fixed100.npz,1.371741620998364,0.00016658775486014338,0.004466746642640679,0.9998334122563084,0.9948697201019893,106.01965329131697,108.02303466796874,5.452666206380747,0.5452666206380747,108.24245834350586,104.36730575561523,111.16138076782227,0.3534379136562347,0.02209361027181985,0.002209361027181985,0.35332469642162323,0.3367444649338722,0.36877821385860443,0.9997964471666246,1.2724206420872635e-05,1.2724206420872635e-06,0.9997965123709729,0.999787612343165,0.9998060612987109,1.001006531278302,0.0005575575177395479,5.575575177395479e-05,1.0010404040074903,1.000533767098523,1.0014319023287652,0.9360852898798478,0.009433172951296743,0.0009433172951296743,0.9364121514950754,0.9292858936647905,0.9421052189593484,7.246088405896692,2.1169517036451975,0.21169517036451974,7.020761990102027,5.819946242921423,8.682570696945094,0.9952083025288119,0.0014980777540245062,0.00014980777540245062,0.9953887975751866,0.9942095422815239,0.9962235309094025,0.6818037843704223,0.11478801652619648,0.011478801652619648,0.7079457640647888,0.6309573650360107,0.7295413762331009,0.0002035528333755415,1.2724206420870962e-06,0.0041731850741528785,0.00012192000369696564
vanhateren,fixed,0.5061246747758921,0.00014752955705699998,1736.3448486328125,100.0,0.1,1000,10000,100,2000,20000,1,10,20260818,/n/home12/binxuwang/Github/AccentuationPredRMT/tables/vanhateren_fixed_vs_cv_cases/vanhateren_disk_d10000_n1000_sigma0p506125_trials100_pop20000_seed20260818_alpha181_eminm4_emax5_fixed100.npz,1.371741620998364,0.007248611145718475,0.1247617042060664,0.9927513893402499,0.9318692412935138,181.29826846112985,183.87309127807617,4.69929507906362,0.469929507906362,183.48880004882812,181.13036727905273,186.48105239868164,12.561937837600707,0.7345521709271721,0.07345521709271721,12.578495979309082,12.088066816329956,12.95806360244751,0.992765297833842,0.00042304509470313627,4.230450947031363e-05,0.9927557616281044,0.9925371601081141,0.9930382107990541,1.0172266766465714,0.0018953525575419908,0.00018953525575419908,1.0173416954201278,1.0163480522275763,1.0182726014604637,1.3275777642950077,0.011856153839563654,0.0011856153839563655,1.3283675923637008,1.3203063826664128,1.3330299211738572,186.5639238983066,13.59821218569083,1.359821218569083,187.22186800058495,178.1424384205925,192.57827376401042,0.939099938054768,0.0033241039571252884,0.0003324103957125288,0.9388939375327123,0.9375851934849301,0.9411451841248009,,,,,,,0.007234702166157778,4.2304509470313695e-05,0.10744635436054417,0.0007831515839954247
vanhateren,cv,0.7591870121635522,0.000331941503378,1736.3448486328125,1.4125375446227555,0.0014125375446227555,1000,10000,100,2000,20000,1,10,20260818,/n/home12/binxuwang/Github/AccentuationPredRMT/tables/vanhateren_fixed_vs_cv_cases/vanhateren_disk_d10000_n1000_sigma0p759187_trials100_pop20000_seed20260818_alpha181_eminm4_emax5_fixed100.npz,1.3720872680023604,0.00025448255223854666,0.0071257063078524,0.9997455174648228,0.9914975852981386,126.39177347651345,128.79870025634764,6.992853221606019,0.6992853221606019,129.0277099609375,124.01366996765137,133.84585571289062,0.5100250682234764,0.03647442005946223,0.0036474420059462226,0.5117017924785614,0.4859560877084732,0.53878153860569,0.9997062651070582,2.1006437798448148e-05,2.100643779844815e-06,0.9997052994438971,0.9996897036098389,0.9997201269735726,1.0013105218776273,0.0007962058543488013,7.962058543488013e-05,1.0013105068289576,1.000849683029087,1.001775972726509,0.916291695020938,0.011390452898650734,0.0011390452898650733,0.9161264269604701,0.9080419353721236,0.9246982883917907,12.389732623912469,3.284668762955084,0.3284668762955084,12.2148626041835,9.845796201829238,14.68303148503827,0.9914421095531876,0.002473236829158717,0.0002473236829158717,0.991618068121347,0.9897442664968514,0.9933684109002673,1.2835782212018967,0.1623808192321657,0.01623808192321657,1.258925437927246,1.1220184564590454,1.4125375747680664,0.00029373489294195625,2.100643779844883e-06,0.007135525315531687,0.00018917145206157708
vanhateren,fixed,0.7591870121635522,0.000331941503378,1736.3448486328125,100.0,0.1,1000,10000,100,2000,20000,1,10,20260818,/n/home12/binxuwang/Github/AccentuationPredRMT/tables/vanhateren_fixed_vs_cv_cases/vanhateren_disk_d10000_n1000_sigma0p759187_trials100_pop20000_seed20260818_alpha181_eminm4_emax5_fixed100.npz,1.3720872680023604,0.00725230708870769,0.12416167943108088,0.9927476933975085,0.9321123238209637,181.48717423420328,183.5600015258789,5.191720675940065,0.5191720675940065,183.0554962158203,180.05665588378906,187.3996810913086,12.59926181793213,0.7870625655576104,0.07870625655576105,12.57345962524414,12.01364278793335,13.126086711883545,0.9927438021152003,0.00045328701045609164,4.532870104560916e-05,0.9927586621775366,0.992440391825265,0.9930810732687156,1.0171691037489523,0.0019388435233793492,0.0001938843523379349,1.0170416681813776,1.015737279781851,1.018370830250554,1.3289692706763356,0.012639541164526315,0.0012639541164526315,1.3293780756028504,1.3177367076403497,1.3380684822582158,188.1832167219918,14.47476354114481,1.447476354114481,188.37593369651938,175.29550477210515,198.447500944756,0.9387080534132043,0.0035435929476954143,0.0003543592947695414,0.9386107725250191,0.9361659289079626,0.9418596693844112,,,,,,,0.00725619788479962,4.532870104560962e-05,0.10837894147016139,0.0008336341454603418
vanhateren,cv,1.0122493495517841,0.0005901182282279999,1736.3448486328125,2.2387211385683425,0.0022387211385683425,1000,10000,100,2000,20000,1,10,20260818,/n/home12/binxuwang/Github/AccentuationPredRMT/tables/vanhateren_fixed_vs_cv_cases/vanhateren_disk_d10000_n1000_sigma1p01225_trials100_pop20000_seed20260818_alpha181_eminm4_emax5_fixed100.npz,1.371360963999905,0.000349202872582871,0.00988090918994724,0.9996507971508287,0.9878130746875277,143.983420964203,146.03571899414064,8.450862420824672,0.8450862420824672,145.3907470703125,139.52271270751953,150.34950637817383,0.6898167788982391,0.05844585329659064,0.005844585329659064,0.6958191990852356,0.6515786796808243,0.7307003140449524,0.99960271902241,3.366027972070806e-05,3.3660279720708063e-06,0.9995992620937983,0.9995791732761955,0.9996247412026511,1.001519255234659,0.0009289336601828518,9.289336601828519e-05,1.0015891633198564,1.0010084406156345,1.0021781607787186,0.9019930477651258,0.012726395118282798,0.0012726395118282797,0.9032180307110783,0.8939886058372237,0.9110487667750642,16.956630194395892,4.434022803075742,0.44340228030757417,16.263941468285612,13.738519367005761,19.513767037748963,0.9879013823918268,0.0035313838316723065,0.00035313838316723066,0.9885183529794701,0.9859381846911499,0.9904671908338124,2.0058813035488128,0.22629229715819021,0.022629229715819023,1.9952622652053833,1.778279423713684,2.2387211322784424,0.00039728097759002,3.3660279720707873e-06,0.0097657042077485,0.00025536533290417885
vanhateren,fixed,1.0122493495517841,0.0005901182282279999,1736.3448486328125,100.0,0.1,1000,10000,100,2000,20000,1,10,20260818,/n/home12/binxuwang/Github/AccentuationPredRMT/tables/vanhateren_fixed_vs_cv_cases/vanhateren_disk_d10000_n1000_sigma1p01225_trials100_pop20000_seed20260818_alpha181_eminm4_emax5_fixed100.npz,1.371360963999905,0.007257481408892606,0.12332534147746263,0.9927425190776704,0.9324519046268503,181.75164231650663,183.81087783813476,5.587056298105536,0.5587056298105536,183.79908752441406,180.64041900634766,187.24445343017578,12.598213844299316,0.8118026576146774,0.08118026576146774,12.666414737701416,12.158977746963501,13.168641805648804,0.992744405666755,0.0004675353851821993,4.675353851821993e-05,0.9927051272403205,0.9924158833908957,0.9929973716013052,1.0172417346931402,0.002031443763926222,0.00020314437639262222,1.0173956761208,1.0160488102948229,1.0184584219404125,1.326947352330063,0.012592734891138237,0.0012592734891138237,1.3277319466900912,1.3200026406330987,1.3354146757910705,185.87842890778575,14.25727028739126,1.425727028739126,186.49773034144692,177.80464857212775,195.34406748513928,0.9392740201880002,0.0035196625978638325,0.00035196625978638327,0.9390720244891014,0.9369141365641314,0.9412297359267707,,,,,,,0.007255594333244963,4.6753538518220384e-05,0.10705156239795643,0.0008211082204446512
vanhateren,cv,1.518374024325961,0.00132776601351,1736.3448486328125,3.9810717055349776,0.003981071705534978,1000,10000,100,2000,20000,1,10,20260818,/n/home12/binxuwang/Github/AccentuationPredRMT/tables/vanhateren_fixed_vs_cv_cases/vanhateren_disk_d10000_n1000_sigma1p51837_trials100_pop20000_seed20260818_alpha181_eminm4_emax5_fixed100.npz,1.3713403339970682,0.0005538176614318106,0.015284261361185082,0.9994461823756977,0.9800878059254322,173.31494452960365,176.8819645690918,11.151337984979653,1.1151337984979652,176.382568359375,168.62584686279297,184.24907684326172,1.0641905111074448,0.08033468016116362,0.008033468016116362,1.0520241856575012,1.0156883001327515,1.1229136288166046,0.9993871087808708,4.626654677751833e-05,4.626654677751833e-06,0.9993941156409766,0.999353288818347,0.9994150422936248,1.0021570747313158,0.0013238462108908693,0.00013238462108908694,1.0021895818415334,1.0014580483526037,1.0029646843833444,0.8749532694013722,0.017032403139977777,0.0017032403139977778,0.8751278829302409,0.865292682339692,0.888237157238148,27.649358403116576,7.5872250191800115,0.7587225019180012,27.074953277821898,21.688669625402575,31.50782230916869,0.9789531093836544,0.006669880306127805,0.0006669880306127805,0.9796394650134577,0.9757642793213579,0.9841678459192215,3.471552391052246,0.37437163934631357,0.037437163934631354,3.5481338500976562,3.1622776985168457,3.5481338500976562,0.0006128912191293003,4.626654677751293e-06,0.015923886562561298,0.0004369653312332597
vanhateren,fixed,1.518374024325961,0.00132776601351,1736.3448486328125,100.0,0.1,1000,10000,100,2000,20000,1,10,20260818,/n/home12/binxuwang/Github/AccentuationPredRMT/tables/vanhateren_fixed_vs_cv_cases/vanhateren_disk_d10000_n1000_sigma1p51837_trials100_pop20000_seed20260818_alpha181_eminm4_emax5_fixed100.npz,1.3713403339970682,0.007272265180849424,0.12095941163000531,0.9927277353067048,0.9334174123425495,182.50726540879805,184.81464050292968,5.5177397715127485,0.5517739771512749,184.3140640258789,181.38904190063477,189.18533325195312,12.652979421615601,0.820368302904712,0.0820368302904712,12.576963424682617,12.04625916481018,13.264614820480347,0.9927128649406375,0.0004724685327057416,4.724685327057416e-05,0.992756644260738,0.9923606103759142,0.9930622887646452,1.0180628416301285,0.0022986307926262397,0.00022986307926262396,1.0181993719832882,1.0167799982608137,1.019306101113598,1.3245532553766548,0.012550316290555289,0.0012550316290555288,1.3225430791992643,1.3148641141675692,1.3326069866574521,183.16832192131093,14.289469707060706,1.4289469707060705,180.63896876447797,172.14020644494167,192.08733707577858,0.9399435761340772,0.003513313900801024,0.0003513313900801024,0.9405220895898281,0.9377041934786736,0.9426564551173661,,,,,,,0.007287135059362477,4.7246853270573814e-05,0.10549075091018732,0.0008229626573495551
vanhateren,cv,2.530623373877745,0.0036882389264199997,1736.3448486328125,7.943282347242821,0.00794328234724282,1000,10000,100,2000,20000,1,10,20260818,/n/home12/binxuwang/Github/AccentuationPredRMT/tables/vanhateren_fixed_vs_cv_cases/vanhateren_disk_d10000_n1000_sigma2p53062_trials100_pop20000_seed20260818_alpha181_eminm4_emax5_fixed100.npz,1.37145226299981,0.0010068390094639971,0.0228141508175629,0.9989931610580375,0.968313377399244,212.85780019487146,221.19383514404296,18.629423837834338,1.8629423837834338,219.73036193847656,207.50289916992188,232.0111198425293,1.810603964328766,0.16419946262201204,0.016419946262201203,1.7916038036346436,1.717514991760254,1.8918074071407318,0.9989572325072671,9.456615876235491e-05,9.45661587623549e-06,0.9989681751265911,0.9989104656205647,0.999010844537528,1.0028451701684689,0.002261446171403811,0.00022614461714038112,1.002784700010018,1.0014783283826536,1.0043500467784041,0.8393216830711283,0.025637411506284295,0.0025637411506284295,0.8397492863832693,0.8226683635161852,0.858323573669223,45.957967227098344,14.812356174621744,1.4812356174621744,44.58989621130693,34.852286517322085,54.602105604534785,0.9615716999581353,0.015038708171838222,0.0015038708171838222,0.9635832509755798,0.9535351016580842,0.9727545848434382,6.756066908836365,0.7478807847751296,0.07478807847751297,7.079457759857178,6.309573650360107,7.079457759857178,0.001042767492733039,9.456615876235743e-06,0.02646822563115004,0.000853076863520798
vanhateren,fixed,2.530623373877745,0.0036882389264199997,1736.3448486328125,100.0,0.1,1000,10000,100,2000,20000,1,10,20260818,/n/home12/binxuwang/Github/AccentuationPredRMT/tables/vanhateren_fixed_vs_cv_cases/vanhateren_disk_d10000_n1000_sigma2p53062_trials100_pop20000_seed20260818_alpha181_eminm4_emax5_fixed100.npz,1.37145226299981,0.007319573251111395,0.11361907232432282,0.9926804272396145,0.9364600187296468,184.92525930413825,185.9200505065918,5.788658343782145,0.5788658343782145,186.12003326416016,181.7626190185547,189.8360481262207,12.564685144424438,0.8819795751570415,0.08819795751570415,12.613782405853271,11.988564729690552,13.08223843574524,0.9927637155981327,0.00050795184830451,5.0795184830451e-05,0.992735439382456,0.9924656450324104,0.9930955162857595,1.0172564804881636,0.00269926342029456,0.000269926342029456,1.017350931014371,1.015553059542103,1.0190089311234722,1.3126907800769303,0.013399904038377175,0.0013399904038377175,1.3117126183109757,1.3037466084922054,1.3205186638470465,170.08068320388062,14.688646093209076,1.4688646093209077,168.71174779775117,160.19880446630336,178.37862150658708,0.9432357802767697,0.0037112286725115786,0.00037112286725115787,0.9435282036103063,0.9410861081256707,0.9457204320944556,,,,,,,0.007236284401867403,5.0795184830450415e-05,0.09795328579907449,0.0008459521220554101
vanhateren,cv,4.166947142252722,0.010000000000000002,1736.3448486328125,12.589254117941687,0.012589254117941687,1000,10000,100,2000,20000,1,10,20260818,/n/home12/binxuwang/Github/AccentuationPredRMT/tables/vanhateren_fixed_vs_cv_cases/vanhateren_disk_d10000_n1000_sigma4p16695_trials100_pop20000_seed20260818_alpha181_eminm4_emax5_fixed100.npz,1.3728946320006798,0.0018184344381136002,0.05231876680854207,0.9981815656837997,0.9119164757500158,295.4586008846976,280.3153176879883,25.60931457011092,2.560931457011092,275.35723876953125,260.6813735961914,296.1031799316406,3.1453315591812134,0.3043293406218463,0.03043293406218463,3.1792314052581787,2.8863365650177,3.3625356554985046,0.9981885329048213,0.00017527010309125447,1.7527010309125447e-05,0.9981690092220095,0.998063440186927,0.9983376939394899,1.0031262219569976,0.0034643366158196155,0.00034643366158196157,1.0035010605606898,1.0008507149711123,1.005604451827674,0.7908032048752272,0.030780467804840547,0.0030780467804840546,0.7953358050543091,0.7690880206773437,0.8148774591519841,77.61680585658402,23.39530435014834,2.339530435014834,72.73120116358587,59.505383080694074,92.58260847031232,0.9264469924621059,0.029337278769591982,0.002933727876959198,0.9337806616482478,0.9098549383386371,0.948389642462955,12.001375398635865,1.2055750573565471,0.12055750573565471,12.589254379272461,11.220184326171875,12.589254379272461,0.001811467095178604,1.752701030912571e-05,0.04470126191677824,0.001347388127915354
vanhateren,fixed,4.166947142252722,0.010000000000000002,1736.3448486328125,100.0,0.1,1000,10000,100,2000,20000,1,10,20260818,/n/home12/binxuwang/Github/AccentuationPredRMT/tables/vanhateren_fixed_vs_cv_cases/vanhateren_disk_d10000_n1000_sigma4p16695_trials100_pop20000_seed20260818_alpha181_eminm4_emax5_fixed100.npz,1.3728946320006798,0.007446072155086364,0.09562974716357632,0.9925539283441204,0.9442439022240473,191.3908279879779,191.58342498779297,6.0564350404728025,0.6056435040472803,191.8894271850586,186.21205520629883,195.3141746520996,12.808161144256593,0.9618812106328641,0.09618812106328642,12.894569873809814,12.139069318771362,13.343369483947754,0.9926234923008864,0.0005539689949207023,5.5396899492070234e-05,0.9925737275726288,0.9923152537962409,0.993008837312283,1.0166224406839985,0.0038649166893548765,0.00038649166893548766,1.0170979266266158,1.0140002952664657,1.0196355216147224,1.2906541224186838,0.01556445389738305,0.001556445389738305,1.2910632561134179,1.2794566029198438,1.298649260286772,147.10252539307368,15.840048733971468,1.5840048733971468,147.0993665163566,135.601576823029,154.86699441077283,0.9492495028331019,0.0042141666744993965,0.00042141666744993964,0.9491747207289407,0.947114231560404,0.9522935483035675,,,,,,,0.007376507699113838,5.539689949207058e-05,0.08471964858184786,0.0009122639864105236
vanhateren,cv,5.061246747758921,0.014752955705700002,1736.3448486328125,15.848931924611142,0.01584893192461114,1000,10000,100,2000,20000,1,10,20260818,/n/home12/binxuwang/Github/AccentuationPredRMT/tables/vanhateren_fixed_vs_cv_cases/vanhateren_disk_d10000_n1000_sigma5p06125_trials100_pop20000_seed20260818_alpha181_eminm4_emax5_fixed100.npz,1.371562381998956,0.002288573757132101,0.06067397908267886,0.9977114263963006,0.8929936065165525,320.2023274157697,313.54453826904296,31.68558930951133,3.168558930951133,308.3700866699219,291.12103271484375,332.8449020385742,3.9739858651161195,0.42576054204942854,0.042576054204942856,3.9712034463882446,3.6827239990234375,4.2504637241363525,0.9977112922768508,0.0002452050595736672,2.452050595736672e-05,0.9977128947342948,0.9975520624676122,0.99787903652784,1.0039779325270795,0.004956063279938045,0.0004956063279938045,1.0039342859453897,1.0003124852561054,1.007634128296698,0.7631019613814176,0.03596032381617798,0.003596032381617798,0.7635415770680986,0.7412246164965741,0.7879470345144054,99.6677468493478,30.949386055650105,3.0949386055650105,97.08374944660102,78.07773321778643,116.2739508754921,0.8977200817297987,0.043967415355800926,0.0043967415355800924,0.904093699956392,0.8781158498858045,0.9275731336422156,14.675440673828126,1.5797288805743888,0.15797288805743886,14.125375747680664,14.125375747680664,15.848932266235352,0.0022887077231491266,2.452050595736612e-05,0.057400894141406054,0.0017824446612675741
vanhateren,fixed,5.061246747758921,0.014752955705700002,1736.3448486328125,100.0,0.1,1000,10000,100,2000,20000,1,10,20260818,/n/home12/binxuwang/Github/AccentuationPredRMT/tables/vanhateren_fixed_vs_cv_cases/vanhateren_disk_d10000_n1000_sigma5p06125_trials100_pop20000_seed20260818_alpha181_eminm4_emax5_fixed100.npz,1.371562381998956,0.007541329830464684,0.08354431225831528,0.9924586706751284,0.9497674305982239,196.25960568856036,196.79603439331055,7.555093004320145,0.7555093004320146,196.40697479248047,191.45264434814453,201.6844253540039,13.006201553344727,1.0292018214580108,0.10292018214580108,12.990641117095947,12.417210102081299,13.63895559310913,0.9925094363809207,0.0005927404468463771,5.9274044684637706e-05,0.992518397985674,0.9921450191165376,0.9928486497875935,1.0169950427121968,0.005120693610880019,0.0005120693610880019,1.0168548608445063,1.0135190433565127,1.021014818650732,1.2719273046589024,0.015373215529574508,0.0015373215529574508,1.2716004456004064,1.2633364245362675,1.2819513599156287,128.79933727094715,14.481156310999692,1.4481156310999692,128.08462085879563,120.40869724531328,138.03345901700374,0.9542520833773238,0.00405265182439028,0.000405265182439028,0.954379543478006,0.9516267416894535,0.9565505948529365,,,,,,,0.007490563619079316,5.927404468463728e-05,0.07417843141721701,0.0008340023194356851
vanhateren,cv,7.217364162835652,0.030000000000000002,1736.3448486328125,25.11886431509582,0.02511886431509582,1000,10000,100,2000,20000,1,10,20260818,/n/home12/binxuwang/Github/AccentuationPredRMT/tables/vanhateren_fixed_vs_cv_cases/vanhateren_disk_d10000_n1000_sigma7p21736_trials100_pop20000_seed20260818_alpha181_eminm4_emax5_fixed100.npz,1.3713302440010011,0.003482262691364419,0.06823320647629308,0.9965177375420967,0.8746582954778729,352.50351342660116,381.4415072631836,52.724378460154696,5.272437846015469,371.1484680175781,344.6145477294922,409.24935150146484,6.052962164878846,0.702489021571681,0.0702489021571681,5.9561309814453125,5.555539846420288,6.442548751831055,0.9965139631279785,0.00040457920678879536,4.045792067887954e-05,0.9965697303815338,0.9962895914616824,0.9968004398142485,1.0053395333513313,0.0056987024975787325,0.0005698702497578732,1.0053434478508074,1.0022142736019057,1.009055056800051,0.7107021148299495,0.051557916931433564,0.005155791693143357,0.71562817881621,0.6782370311273346,0.7494875707362565,149.889800587961,54.07092078064642,5.407092078064641,140.41440807144463,108.96760620234221,179.76746166765582,0.8165682374588106,0.10001614888603194,0.010001614888603193,0.8420911675639716,0.7749288496660056,0.8882783289433787,21.545806617736815,2.8590086973270425,0.28590086973270423,22.387210845947266,19.95262336730957,22.387210845947266,0.003486036872021656,4.0457920678879925e-05,0.08632490297418932,0.003114065781530756
vanhateren,fixed,7.217364162835652,0.030000000000000002,1736.3448486328125,100.0,0.1,1000,10000,100,2000,20000,1,10,20260818,/n/home12/binxuwang/Github/AccentuationPredRMT/tables/vanhateren_fixed_vs_cv_cases/vanhateren_disk_d10000_n1000_sigma7p21736_trials100_pop20000_seed20260818_alpha181_eminm4_emax5_fixed100.npz,1.3713302440010011,0.007846907682604886,0.05212008657794926,0.992153092843475,0.9655272857127061,211.87819627859153,211.30132125854493,8.075754338427021,0.8075754338427021,210.31153869628906,205.68701171875,218.42860412597656,13.45412932395935,1.2025892349671174,0.12025892349671174,13.312166213989258,12.577293872833252,14.135159492492676,0.9922514647164974,0.0006925981529038079,6.925981529038079e-05,0.9923332244602958,0.9918592441451808,0.9927564539482255,1.0175977947206354,0.005817794847096268,0.0005817794847096269,1.0176829196455692,1.0133878363243163,1.0207683287484455,1.2152757184773995,0.017232275493206377,0.0017232275493206377,1.214523667357483,1.2040704155091606,1.2246818506636035,80.97898563361422,13.041076362026427,1.3041076362026427,79.90732277181564,72.30970893263006,87.6540478646979,0.9685447591376096,0.0041470871109794945,0.0004147087110979495,0.968801151831734,0.9663418919422165,0.9712752351893776,,,,,,,0.007748535283502612,6.925981529038019e-05,0.04663761677144755,0.0007510648804754938
vanhateren,cv,10.122493495517842,0.05901182282280001,1736.3448486328125,35.481338923357605,0.03548133892335761,1000,10000,100,2000,20000,1,10,20260818,/n/home12/binxuwang/Github/AccentuationPredRMT/tables/vanhateren_fixed_vs_cv_cases/vanhateren_disk_d10000_n1000_sigma10p1225_trials100_pop20000_seed20260818_alpha181_eminm4_emax5_fixed100.npz,1.3717840610006533,0.0051733106496335635,0.09546850540096188,0.9948266896972005,0.7993604438762502,415.1058630484846,438.82729187011716,66.51189288520867,6.651189288520866,424.6466979980469,391.817626953125,463.8554382324219,8.819328389167786,1.217742092482577,0.1217742092482577,8.65776538848877,8.040847539901733,9.562139987945557,0.9949207506814604,0.0007013250239095187,7.013250239095188e-05,0.9950137984425698,0.9944929487967354,0.9953690952887423,1.0068141864011502,0.008272317048722843,0.0008272317048722843,1.0063665344379769,1.0020855583861379,1.0121215969863537,0.6740651970841627,0.057825694583290815,0.005782569458329082,0.6758717845042395,0.6439535495551945,0.7158083594063898,190.20593193646994,69.96952032882098,6.996952032882097,182.41886948179743,140.23602631436808,220.11503753009842,0.735261176796859,0.1667323555291904,0.016673235552919042,0.7700119937887671,0.6942925674361675,0.8423725489399889,31.68389657974243,4.3552896517204305,0.43552896517204304,31.62277603149414,28.18383026123047,35.48133850097656,0.005079249318539501,7.013250239095188e-05,0.10954386859628544,0.004029701840847718
vanhateren,fixed,10.122493495517842,0.05901182282280001,1736.3448486328125,100.0,0.1,1000,10000,100,2000,20000,1,10,20260818,/n/home12/binxuwang/Github/AccentuationPredRMT/tables/vanhateren_fixed_vs_cv_cases/vanhateren_disk_d10000_n1000_sigma10p1225_trials100_pop20000_seed20260818_alpha181_eminm4_emax5_fixed100.npz,1.3717840610006533,0.008428356147877437,0.016292020192947,0.9915716444171845,0.9872677661854374,241.5969912262283,239.92166931152343,10.384101964061395,1.0384101964061396,239.7573013305664,233.59366989135742,245.8435287475586,14.528446741104126,1.7359268690891738,0.17359268690891738,14.339374542236328,13.278902053833008,15.490919828414917,0.9916327411847112,0.0009997592761921904,9.997592761921904e-05,0.9917416321109674,0.9910784313147171,0.9923523820373075,1.0173404348987993,0.008468641149918311,0.0008468641149918311,1.0170939150733378,1.0126224985113679,1.0218002845240985,1.1259385778311382,0.019947419172182505,0.0019947419172182505,1.1269210941696377,1.1119168799301926,1.1410912450497857,28.223323444816366,8.713305336802232,0.8713305336802233,27.970718254341676,21.748677408608785,34.56558461487873,0.9873047861971436,0.0034970639698488097,0.000349706396984881,0.9873152967277359,0.9847115565415958,0.9898690627356551,,,,,,,0.008367258815288759,9.997592761921875e-05,0.016254445922444058,0.0005018188261198827
vanhateren,cv,13.177043859048252,0.10000000000000002,1736.3448486328125,44.668359215096345,0.04466835921509635,1000,10000,100,2000,20000,1,10,20260818,/n/home12/binxuwang/Github/AccentuationPredRMT/tables/vanhateren_fixed_vs_cv_cases/vanhateren_disk_d10000_n1000_sigma13p177_trials100_pop20000_seed20260818_alpha181_eminm4_emax5_fixed100.npz,1.3717591610002273,0.0070156308714821565,0.1333918328258666,0.9929843695988665,0.6674417491622576,487.0139380334398,487.8078533935547,81.4109237102835,8.14109237102835,476.7182312011719,425.9757843017578,533.0227203369141,11.909519662857056,1.7742586013290242,0.17742586013290243,11.77299165725708,10.826873064041138,13.159099102020264,0.9931410401152546,0.0010218353817941614,0.00010218353817941615,0.9932196696603632,0.992421379248263,0.9937645606098546,1.0061923529982952,0.009430174035079876,0.0009430174035079876,1.00628772819157,0.9991652259736588,1.011852530865493,0.643286609749854,0.06789781671788744,0.006789781671788744,0.6455984557581312,0.5993245604754861,0.6991543236358404,228.86493212966698,86.52216572098311,8.652216572098311,218.08643829386511,157.15433282123536,278.75534794038106,0.6412772637697425,0.2369068323235144,0.02369068323235144,0.6986493863663673,0.5530383868653552,0.8148385516232391,42.84746500015259,6.387097093310362,0.6387097093310362,42.23953819274902,39.81071853637695,50.11872482299805,0.006858959884745556,0.00010218353817941551,0.13180845516365822,0.004983005869433722
vanhateren,fixed,13.177043859048252,0.10000000000000002,1736.3448486328125,100.0,0.1,1000,10000,100,2000,20000,1,10,20260818,/n/home12/binxuwang/Github/AccentuationPredRMT/tables/vanhateren_fixed_vs_cv_cases/vanhateren_disk_d10000_n1000_sigma13p177_trials100_pop20000_seed20260818_alpha181_eminm4_emax5_fixed100.npz,1.3717591610002273,0.009249832028919725,0.00047154462249834124,0.9907501685912163,0.9995495744182901,283.5839852957394,278.2903855895996,15.25094844585316,1.525094844585316,276.44622802734375,267.1391372680664,290.06272888183594,15.729633617401124,2.1128497119418244,0.21128497119418244,15.88749074935913,14.273056030273438,17.11573314666748,0.9909409506816651,0.0012168376078089945,0.00012168376078089944,0.9908500372135933,0.9901426648282774,0.9917798264316492,1.0152861667860784,0.00953379702085167,0.000953379702085167,1.0156034120118433,1.0086231831369672,1.021160412039995,1.0146997318579256,0.024096169604649775,0.0024096169604649774,1.0144205004223303,1.0004244044358948,1.027156766981034,1.3732773154076796,1.9302713321064684,0.19302713321064685,0.5452547392653879,0.14686780077807937,1.5332597758475044,0.9992631566780443,0.0009936646145236407,9.936646145236407e-05,0.9996800777668436,0.9991377765191695,0.9999163092121212,,,,,,,0.009059049318334744,0.00012168376078089958,0.0007909012524148011,0.00011116866177973532
vanhateren,cv,15.18374024325961,0.132776601351,1736.3448486328125,50.118723362727245,0.05011872336272725,1000,10000,100,2000,20000,1,10,20260818,/n/home12/binxuwang/Github/AccentuationPredRMT/tables/vanhateren_fixed_vs_cv_cases/vanhateren_disk_d10000_n1000_sigma15p1837_trials100_pop20000_seed20260818_alpha181_eminm4_emax5_fixed100.npz,1.371656481998798,0.008259443881924849,0.16036229204098065,0.9917405566718127,0.5515034701813611,534.8263700609062,524.6203942871093,90.4609062883027,9.04609062883027,501.6081848144531,467.2921142578125,572.6950225830078,13.858360481262206,2.0249246057278536,0.20249246057278536,13.730420112609863,12.476540088653564,15.127178192138672,0.9920186589131909,0.0011661995641719799,0.00011661995641719799,0.9920923426452867,0.991287918293391,0.99281448031566,1.0075475566068406,0.011433484769255911,0.0011433484769255912,1.0068935293529608,1.0002866955351222,1.016932106465533,0.6168299188624881,0.06720267767042191,0.006720267767042191,0.6298931251488732,0.570204147003464,0.6657780203411264,262.69221807522024,93.66555201951029,9.366555201951028,237.8429905843035,193.95730827232995,320.7556445067281,0.5504307616688144,0.29241143798350866,0.029241143798350865,0.6547600971472816,0.43174441977005196,0.7479934627540697,48.97539257049561,7.236619297384768,0.7236619297384768,50.11872482299805,44.668357849121094,56.234130859375,0.007981341086808992,0.00011661995641719829,0.15129034896614144,0.00539440953179675
vanhateren,fixed,15.18374024325961,0.132776601351,1736.3448486328125,100.0,0.1,1000,10000,100,2000,20000,1,10,20260818,/n/home12/binxuwang/Github/AccentuationPredRMT/tables/vanhateren_fixed_vs_cv_cases/vanhateren_disk_d10000_n1000_sigma15p1837_trials100_pop20000_seed20260818_alpha181_eminm4_emax5_fixed100.npz,1.371656481998798,0.009906733343559347,0.0052215979317196725,0.9900932673206173,0.9938193299862118,317.15930045536766,308.1845416259766,17.852357944706416,1.7852357944706416,307.481201171875,296.8235168457031,319.17140197753906,16.620027418136598,2.2384543901810305,0.22384543901810305,16.643115997314453,15.203850984573364,17.906967639923096,0.9904281528918503,0.0012891761633315978,0.0001289176163331598,0.9904148556604875,0.9896869751109505,0.9912437607100082,1.0159744945625508,0.011530117080423926,0.0011530117080423925,1.0157209691714664,1.0082539157321895,1.025092055786506,0.9421919734660456,0.024688038145296347,0.0024688038145296346,0.9412721719112831,0.9234686574159944,0.9563357176332969,6.850179369034678,4.608003004225632,0.46080030042256326,5.988652263586815,3.3104970847842847,10.169861678909763,0.9954000260169267,0.0032657942232708526,0.00032657942232708527,0.9961071868561673,0.9931319242965065,0.9979153299055676,,,,,,,0.00957184710814969,0.00012891761633315962,0.003945172166939343,0.0002653852434816705
vanhateren,cv,20.24498699102711,0.23604729129100005,1736.3448486328125,70.79457843841388,0.07079457843841389,1000,10000,100,2000,20000,1,10,20260818,/n/home12/binxuwang/Github/AccentuationPredRMT/tables/vanhateren_fixed_vs_cv_cases/vanhateren_disk_d10000_n1000_sigma20p245_trials100_pop20000_seed20260818_alpha181_eminm4_emax5_fixed100.npz,1.371717311001703,0.011408900902343035,0.17861612799290766,0.9885910998625435,0.46000049708609947,573.4618977194845,573.3961505126953,104.66862607725221,10.466862607725222,568.9812622070312,503.3798065185547,623.3402099609375,19.552286081314087,2.945981783936855,0.2945981783936855,19.212332725524902,17.51698112487793,21.402281761169434,0.9887393992635108,0.001696657081832852,0.0001696657081832852,0.9889351860371213,0.9876739451969916,0.9899115771048184,1.0098912533236435,0.017387927250194432,0.0017387927250194432,1.0082872655550201,0.9971030226256176,1.0228012384153184,0.5917289599349066,0.08218750471623501,0.008218750471623501,0.5826240203145916,0.5416606040755196,0.6374433838478769,301.0344129385809,113.41289302439303,11.341289302439304,302.4762393811741,228.24704157999992,364.7628488330626,0.41999850762361796,0.39238351870856497,0.039238351870856496,0.4868077512502973,0.2839859996692865,0.6764493056690393,69.43565612792969,11.807598221302932,1.1807598221302933,70.7945785522461,63.095733642578125,79.43282318115234,0.01126060073648932,0.00016966570818328534,0.1733724802279994,0.006531703256625184
vanhateren,fixed,20.24498699102711,0.23604729129100005,1736.3448486328125,100.0,0.1,1000,10000,100,2000,20000,1,10,20260818,/n/home12/binxuwang/Github/AccentuationPredRMT/tables/vanhateren_fixed_vs_cv_cases/vanhateren_disk_d10000_n1000_sigma20p245_trials100_pop20000_seed20260818_alpha181_eminm4_emax5_fixed100.npz,1.371717311001703,0.011976461417524441,0.06362588725039937,0.988023539385413,0.8850777688819713,422.94653337669536,408.1443112182617,24.9457394763083,2.49457394763083,409.4953918457031,391.4168701171875,421.8838806152344,20.2831672000885,3.137581747627047,0.3137581747627047,19.981008529663086,18.144663333892822,22.250235080718994,0.9883184684102013,0.0018070038046287603,0.00018070038046287602,0.988492488375569,0.9871855898335871,0.9895500808216872,1.015125511572194,0.017468839154278163,0.0017468839154278163,1.0156391686546389,1.0014340459766695,1.0273611161907419,0.7672725225545923,0.025802126344136728,0.0025802126344136728,0.7669706440550985,0.7482332211130737,0.7854061936608425,95.18845783537678,20.79710727142734,2.079710727142734,94.28819828043954,79.95971356329612,110.06084269302696,0.9052058091978294,0.027046012708249315,0.0027046012708249315,0.9076867593886662,0.8867801012307468,0.9253468578951807,,,,,,,0.011681531589798733,0.00018070038046287635,0.054821170984742804,0.001197752122097339
vanhateren,cv,22.823309457435037,0.29999999999999993,1736.3448486328125,79.43282347242821,0.07943282347242821,1000,10000,100,2000,20000,1,10,20260818,/n/home12/binxuwang/Github/AccentuationPredRMT/tables/vanhateren_fixed_vs_cv_cases/vanhateren_disk_d10000_n1000_sigma22p8233_trials100_pop20000_seed20260818_alpha181_eminm4_emax5_fixed100.npz,1.3722414170006232,0.013035210735846299,0.19835704994014192,0.9869647901380728,0.3491886375824011,606.8743276219479,608.0198239135742,145.9207885731311,14.592078857313108,571.3620300292969,515.3721771240234,661.6985321044922,22.36145528793335,3.892294503605708,0.3892294503605708,22.220285415649414,19.466788291931152,24.518327236175537,0.9871215356180311,0.00224165983310888,0.000224165983310888,0.9872028385184282,0.9858793446155116,0.9887886393608625,1.0065387925728104,0.017161234913522515,0.0017161234913522516,1.0047224605412057,0.9952440071785468,1.0164119527025524,0.574709933471437,0.09094631387795708,0.009094631387795708,0.5788524456049599,0.5182359592600039,0.6324145479584136,328.2736355501748,139.55193788680214,13.955193788680214,307.9673020976165,234.62851560538994,403.00016248114594,0.2705872778161782,0.7190995050343468,0.07190995050343468,0.47066210905737216,0.135794489128413,0.6620642758065995,79.51744716644288,14.760039218430373,1.4760039218430374,79.43282318115234,70.7945785522461,89.12509155273438,0.012878464381969183,0.0002241659833108888,0.18906016037577758,0.008037109563614883
vanhateren,fixed,22.823309457435037,0.29999999999999993,1736.3448486328125,100.0,0.1,1000,10000,100,2000,20000,1,10,20260818,/n/home12/binxuwang/Github/AccentuationPredRMT/tables/vanhateren_fixed_vs_cv_cases/vanhateren_disk_d10000_n1000_sigma22p8233_trials100_pop20000_seed20260818_alpha181_eminm4_emax5_fixed100.npz,1.3722414170006232,0.013258187304104968,0.11084907815410924,0.9867418135847631,0.7483627063030218,488.4576682018763,471.8429006958008,33.84318010783102,3.384318010783102,473.4997863769531,449.4837875366211,494.6567916870117,22.38195170402527,3.714365054893101,0.3714365054893101,22.432869911193848,19.608023166656494,24.454161643981934,0.987109731271614,0.0021391862669548423,0.00021391862669548422,0.9870804063323841,0.9859162990213396,0.9887072990240989,1.0101783510613713,0.016660457861409513,0.0016660457861409513,1.0076436893315828,0.9997713685522254,1.0201189577124867,0.6869150227512842,0.03218051012339515,0.0032180510123395152,0.6835725633557703,0.6682827210393137,0.7081575836894664,171.98049894566347,33.99225351430939,3.399225351430939,173.85384838749724,147.88804385061343,191.0610590458768,0.7849913749888381,0.060589425948592755,0.006058942594859276,0.785721274463137,0.7536141132672088,0.8301607577996617,,,,,,,0.012890268728385772,0.00021391862669548447,0.09904743235831286,0.001957690233082137
vanhateren,cv,30.36748048654781,0.531106405405,1736.3448486328125,112.20184543019653,0.11220184543019653,1000,10000,100,2000,20000,1,10,20260818,/n/home12/binxuwang/Github/AccentuationPredRMT/tables/vanhateren_fixed_vs_cv_cases/vanhateren_disk_d10000_n1000_sigma30p3675_trials100_pop20000_seed20260818_alpha181_eminm4_emax5_fixed100.npz,1.3715828619970125,0.01777659020574595,0.21827529109329863,0.9822234109860493,0.21989832465674514,642.6935871319158,646.4653256225586,146.73495907963593,14.673495907963593,613.2278747558594,535.7004699707031,718.6766510009766,29.47571979522705,5.549983199319159,0.5549983199319158,29.060620307922363,26.23615074157715,32.34014320373535,0.9830242708881038,0.0031963599878729017,0.00031963599878729015,0.983263336006782,0.9813745851066396,0.9848900114731037,1.0108111637996848,0.026424636788222686,0.0026424636788222686,1.0098569808185482,0.9921282279584034,1.0263907237507535,0.5569169045571906,0.105211170977417,0.0105211170977417,0.5501484019089821,0.4847207155697551,0.6284338835909141,359.91186272316475,159.29514645907943,15.929514645907943,351.38526772901287,239.7227628257621,461.02605872321953,0.1242658652948077,0.7362659872878217,0.07362659872878216,0.3312935697278976,-0.1301550394219761,0.6504113307241011,113.24227020263672,24.77421827376246,2.4774218273762463,112.20184326171875,100.0,125.89253997802734,0.01697572911189621,0.00031963599878729053,0.20728132606063662,0.009174165292367325
vanhateren,fixed,30.36748048654781,0.531106405405,1736.3448486328125,100.0,0.1,1000,10000,100,2000,20000,1,10,20260818,/n/home12/binxuwang/Github/AccentuationPredRMT/tables/vanhateren_fixed_vs_cv_cases/vanhateren_disk_d10000_n1000_sigma30p3675_trials100_pop20000_seed20260818_alpha181_eminm4_emax5_fixed100.npz,1.3715828619970125,0.01788997020027613,0.2706587158365469,0.9821100309991204,-0.19312000126699203,725.1957702944817,686.0479278564453,46.54880610989385,4.654880610989386,686.7106628417969,656.42578125,717.3884887695312,28.78277484893799,5.462054812784702,0.5462054812784702,28.4553279876709,25.919405937194824,31.549038887023926,0.9834233534475588,0.0031457200550256423,0.0003145720055025642,0.983611937450054,0.9818301998523706,0.9850724319206501,1.0091633473478763,0.026147088578759945,0.0026147088578759945,1.0106829171430056,0.991039418206211,1.0257266832735703,0.5040760041311274,0.028994047812821132,0.002899404781282113,0.5034642541127468,0.4853916417751149,0.521761817010708,428.48278066484175,49.616602941295255,4.961660294129525,428.0920084992874,397.1225064696472,459.82221788371476,0.006478779337914212,0.22687518990099273,0.022687518990099274,0.02733220019775684,-0.12401342637666524,0.15987480195090675,,,,,,,0.016576646552441107,0.0003145720055025643,0.24677285793903586,0.002857531611900889
vanhateren,cv,41.66947142252722,0.9999999999999999,1736.3448486328125,158.48931924611142,0.15848931924611143,1000,10000,100,2000,20000,1,10,20260818,/n/home12/binxuwang/Github/AccentuationPredRMT/tables/vanhateren_fixed_vs_cv_cases/vanhateren_disk_d10000_n1000_sigma41p6695_trials100_pop20000_seed20260818_alpha181_eminm4_emax5_fixed100.npz,1.3715827019987046,0.0248121817442974,0.26103020504655516,0.9751878199191846,-0.11850972700287876,706.3199142268973,764.768550415039,244.4232660575627,24.44232660575627,688.9843444824219,605.7673492431641,864.0542602539062,41.92599102020264,7.559047476257165,0.7559047476257165,41.30593490600586,37.10918998718262,46.81668281555176,0.9758538800324057,0.004353425232441079,0.0004353425232441079,0.9762109842762341,0.9730372207730423,0.9786279839420136,1.0108617984305284,0.034581657075539285,0.0034581657075539287,1.0062438803330203,0.9884806980381091,1.0363998180565965,0.5026763897316404,0.12833801453936503,0.012833801453936502,0.5021391123471316,0.41506762534479485,0.5764814421727184,457.76424826151276,214.7505226575397,21.47505226575397,430.38527086017757,311.44726886883603,594.106185322363,-0.6278694263918546,1.7605486235321581,0.17605486235321582,0.016870679623728513,-0.9869544620749922,0.46024747146074074,157.3914471435547,42.663448777731624,4.266344877773163,158.48931884765625,125.89253997802734,199.52622985839844,0.02414611996759452,0.00043534252324410746,0.2636367128465026,0.012367964971165317
vanhateren,fixed,41.66947142252722,0.9999999999999999,1736.3448486328125,100.0,0.1,1000,10000,100,2000,20000,1,10,20260818,/n/home12/binxuwang/Github/AccentuationPredRMT/tables/vanhateren_fixed_vs_cv_cases/vanhateren_disk_d10000_n1000_sigma41p6695_trials100_pop20000_seed20260818_alpha181_eminm4_emax5_fixed100.npz,1.3715827019987046,0.027287430767253335,0.482237970411967,0.9727125710621767,-4.307907074373117,1205.5155583733554,1135.657241821289,82.95885586293721,8.295885586293721,1134.1498413085938,1074.4393310546875,1185.0840148925781,43.870869941711426,7.3204228651783945,0.7320422865178394,43.47395133972168,38.76151657104492,49.00232791900635,0.9747337805757565,0.004215995958949313,0.0004215995958949313,0.9749623749142039,0.9717784586641355,0.977676371947908,1.001277415352833,0.03357431473735557,0.0033574314737355574,0.9983953978031905,0.9790665406027129,1.024351437033919,0.3260990294271962,0.02847460778128739,0.002847460778128739,0.3249084899339948,0.3085143111050373,0.3437870842127878,789.9417776874908,66.73263731879163,6.673263731879163,791.3369583048525,747.6972527123291,830.2382373495875,-3.4446416768149084,1.192872704992076,0.11928727049920759,-3.317249067593135,-4.023710259730116,-2.6434718777731385,,,,,,,0.025266219424243452,0.0004215995958949313,0.454945213394382,0.003843282477633202
vanhateren,cv,50.612467477589206,1.47529557057,1736.3448486328125,199.52623149688827,0.19952623149688828,1000,10000,100,2000,20000,1,10,20260818,/n/home12/binxuwang/Github/AccentuationPredRMT/tables/vanhateren_fixed_vs_cv_cases/vanhateren_disk_d10000_n1000_sigma50p6125_trials100_pop20000_seed20260818_alpha181_eminm4_emax5_fixed100.npz,1.3715718519997608,0.030255557883490675,0.2815224122495414,0.9697444441449313,-0.32280210037623414,732.8057381824979,817.2137655639649,378.6740205238408,37.86740205238408,738.9030456542969,578.8438873291016,907.4240570068359,54.67881181716919,11.260587894598729,1.1260587894598728,53.169504165649414,47.60905933380127,62.21059989929199,0.9685092440823476,0.0064852255031396825,0.0006485225503139682,0.9693784882608343,0.9641715181472872,0.9725808733378694,1.012615496782327,0.04392800760099087,0.0043928007600990875,1.0147407781816968,0.9826528180310138,1.042400868408083,0.5081596173319803,0.17724598007111,0.017724598007111,0.4686784415039824,0.37471265670113757,0.633522474254049,474.0376633004387,276.0250548752669,27.60250548752669,490.1818579493598,233.2019264982677,678.883911382935,-1.2838129286774156,3.7744670067078503,0.377446700670785,-0.2853600080048042,-1.7846236237991446,0.6653608246363288,213.72340293884278,79.74901708114992,7.9749017081149915,199.52622985839844,158.48931884765625,258.8510551452637,0.03149075591765251,0.0006485225503139683,0.27300893809987864,0.015896902916065745
vanhateren,fixed,50.612467477589206,1.47529557057,1736.3448486328125,100.0,0.1,1000,10000,100,2000,20000,1,10,20260818,/n/home12/binxuwang/Github/AccentuationPredRMT/tables/vanhateren_fixed_vs_cv_cases/vanhateren_disk_d10000_n1000_sigma50p6125_trials100_pop20000_seed20260818_alpha181_eminm4_emax5_fixed100.npz,1.3715718519997608,0.03681319830508554,0.603183349466766,0.9631868041629801,-11.603133660929425,1692.3933284316029,1605.8607775878907,114.37808046056202,11.437808046056201,1620.6011352539062,1524.293212890625,1683.314453125,61.237785530090335,9.742390087425367,0.9742390087425367,60.767364501953125,54.38870716094971,67.92484664916992,0.9647317837938075,0.005610861284321753,0.0005610861284321753,0.9650027098304804,0.9608805550909696,0.9686763218701774,0.9935614185669159,0.039478279053425616,0.0039478279053425614,0.9939347452902012,0.9705973984887182,1.0224794533223953,0.23631882039122412,0.025158816121770886,0.0025158816121770887,0.23789810227764152,0.21764159894007526,0.2548890057869051,1013.7399025750841,66.64318133587265,6.664318133587265,1008.4680235625641,964.0020108172076,1062.7901885033118,-9.97473374060675,3.188066248080571,0.3188066248080571,-9.262353824510758,-11.922025176762443,-7.545555335176314,,,,,,,0.03526821620619233,0.0005610861284321755,0.5838355804570139,0.0038381305066414136
vanhateren,cv,72.17364162835652,3.0,1736.3448486328125,316.2277660168379,0.3162277660168379,1000,10000,100,2000,20000,1,10,20260818,/n/home12/binxuwang/Github/AccentuationPredRMT/tables/vanhateren_fixed_vs_cv_cases/vanhateren_disk_d10000_n1000_sigma72p1736_trials100_pop20000_seed20260818_alpha181_eminm4_emax5_fixed100.npz,1.3716814309991605,0.04282533925931312,0.304138814915473,0.9571746636118242,-0.6134614238236767,752.158355359075,863.3200509643555,443.4518802846862,44.34518802846862,722.5133361816406,591.7925415039062,934.1000213623047,77.80678077697753,19.809127807830162,1.9809127807830162,77.56232070922852,64.5439338684082,87.01591491699219,0.955189327259362,0.011408521655953165,0.0011408521655953165,0.9553301173034259,0.9498855800531167,0.9628276987032676,1.0152777608606451,0.06100741554284474,0.006100741554284474,1.018008507495636,0.9746086366101746,1.0597425444800264,0.5117782795124579,0.21336699071891854,0.021336699071891854,0.4747637812488961,0.3635203285516376,0.6146975578517431,492.13337747350465,318.8385356582202,31.883853565822022,479.01081728457814,257.8174129512016,703.4046013859938,-2.2866363595153025,6.592804418060212,0.6592804418060212,-0.22392374970462348,-2.0655908242503647,0.6067975343460275,355.9414182281494,180.76855324001562,18.076855324001563,316.2277526855469,244.35951232910156,410.25128173828125,0.04481067274063797,0.0011408521655953165,0.2834306663569783,0.018362627441736116
vanhateren,fixed,72.17364162835652,3.0,1736.3448486328125,100.0,0.1,1000,10000,100,2000,20000,1,10,20260818,/n/home12/binxuwang/Github/AccentuationPredRMT/tables/vanhateren_fixed_vs_cv_cases/vanhateren_disk_d10000_n1000_sigma72p1736_trials100_pop20000_seed20260818_alpha181_eminm4_emax5_fixed100.npz,1.3716814309991605,0.06737098351910578,0.7746186685646778,0.9326290209976441,-57.81944852297007,3254.2523874347235,3028.354169921875,215.0299563055606,21.50299563055606,3025.255126953125,2887.5048828125,3168.1807250976562,110.23604469299316,21.79888965247459,2.179888965247459,106.92246627807617,94.89158058166504,119.73054122924805,0.9365125857459755,0.012554470196193398,0.0012554470196193398,0.9384209499845229,0.9310444919259425,0.9453498072941086,0.9672466130046996,0.05201844881615219,0.005201844881615219,0.969266288855924,0.9369035274062119,1.004674314535135,0.132314452053306,0.019553924398007853,0.0019553924398007854,0.1325671914767405,0.12168742515183505,0.14483187687603327,1307.9134645644158,59.21136384891299,5.921136384891299,1306.495440898543,1269.8109685677946,1339.4737208562767,-46.36328769022559,21.98806325984182,2.198806325984182,-41.818838699804715,-51.096571602315905,-33.864663404757124,,,,,,,0.06348741425402468,0.0012554470196193403,0.753256742515324,0.003410115444264177
vanhateren,cv,91.10244145959577,4.77995764864,1736.3448486328125,446.6835921509635,0.4466835921509635,1000,10000,100,2000,20000,1,10,20260818,/n/home12/binxuwang/Github/AccentuationPredRMT/tables/vanhateren_fixed_vs_cv_cases/vanhateren_disk_d10000_n1000_sigma91p1024_trials100_pop20000_seed20260818_alpha181_eminm4_emax5_fixed100.npz,1.3715149529998598,0.053187938716908106,0.3012817985770774,0.9468120648489685,-0.6319085882406038,739.393022408695,887.6535900878906,493.7659627927089,49.376596279270885,736.6179809570312,590.909912109375,998.7886810302734,97.43375499725342,29.99956834846169,2.999956834846169,92.28165435791016,74.69664001464844,117.99408912658691,0.9438857119460041,0.01727742526035837,0.0017277425260358368,0.946852922430373,0.9320445536959465,0.95698052718418,1.0221887197161825,0.08020126785664987,0.008020126785664987,1.0108350802507975,0.962731820493699,1.0774005287556323,0.5574607568431127,0.3190306871713428,0.03190306871713428,0.4618036199593034,0.34353256675022537,0.6806351060191184,515.0064025956483,355.29139252456787,35.52913925245679,507.88386708502503,203.46103629914364,748.3053503398642,-3.659776544565932,11.952445186072923,1.1952445186072924,-0.35883509833480687,-2.6544354062700863,0.7795967032083603,597.2726069641113,455.4699385040806,45.54699385040806,446.68359375,316.2277526855469,630.9573364257812,0.05611428805399582,0.0017277425260358373,0.2966037552973197,0.020462029348854414
vanhateren,fixed,91.10244145959577,4.77995764864,1736.3448486328125,100.0,0.1,1000,10000,100,2000,20000,1,10,20260818,/n/home12/binxuwang/Github/AccentuationPredRMT/tables/vanhateren_fixed_vs_cv_cases/vanhateren_disk_d10000_n1000_sigma91p1024_trials100_pop20000_seed20260818_alpha181_eminm4_emax5_fixed100.npz,1.3715149529998598,0.10304449667176814,0.8504569690081629,0.8969555102366396,-160.46673132631068,5077.5847819038445,4733.719250488281,388.90494345455676,38.89049434545568,4693.2861328125,4473.5601806640625,4967.78271484375,164.31565299987793,33.26878444833415,3.326878444833415,161.09195709228516,139.1758918762207,188.47494888305664,0.9053669245891685,0.01916024024520808,0.0019160240245208082,0.9072235234728124,0.8914530434254113,0.9198454777080676,0.9394985289475456,0.06056691732598867,0.006056691732598867,0.9281320453620387,0.8946742252933686,0.9817254423221751,0.08409419749613539,0.017766187930928583,0.0017766187930928583,0.08290771919893347,0.0725916345400324,0.09779220266467466,1457.1335128931835,56.619395243166295,5.6619395243166295,1460.3671942180504,1413.3483136966488,1493.4063774484387,-143.3110665740336,107.8241502465183,10.78241502465183,-121.36016157244143,-162.21841187892034,-84.11873100046867,,,,,,,0.0946330754108316,0.0019160240245208085,0.8391959201195095,0.0032608381501951105
vanhateren,cv,131.7704385904825,9.999999999999998,1736.3448486328125,794.3282347242822,0.7943282347242822,1000,10000,100,2000,20000,1,10,20260818,/n/home12/binxuwang/Github/AccentuationPredRMT/tables/vanhateren_fixed_vs_cv_cases/vanhateren_disk_d10000_n1000_sigma131p77_trials100_pop20000_seed20260818_alpha181_eminm4_emax5_fixed100.npz,1.3715176029982104,0.07341292935028197,0.29072148823123656,0.9265870755715379,-0.6355982545123651,716.5101609267332,1032.6833428955078,1104.008344106043,110.4008344106043,651.6342163085938,592.0106048583984,872.9917907714844,137.96709289550782,47.84409299766916,4.784409299766915,128.1316032409668,110.12032508850098,153.29529571533203,0.9205416521930294,0.02755448782846409,0.002755448782846409,0.9262061316092498,0.9117137958879333,0.936579231265489,1.0285820754148762,0.11448178090478303,0.011448178090478303,1.0068830282543024,0.9552736451831632,1.0961138350215696,0.6188394448834192,0.36126329396689455,0.03612632939668946,0.5851266300195452,0.35751142207377945,0.8331530384242222,476.60829852805097,451.6327357214078,45.16327357214078,318.5217943114977,78.83450018005868,745.9491092068051,-19.680287004185278,111.20228854621553,11.120228854621553,0.4972482469294397,-2.2307912904325864,0.9382681371593583,1171.6990769195556,810.5372864636163,81.05372864636163,891.2509155273438,562.34130859375,1584.8931884765625,0.07945834780697064,0.002755448782846409,0.2744894246689127,0.026010543704899445
vanhateren,fixed,131.7704385904825,9.999999999999998,1736.3448486328125,100.0,0.1,1000,10000,100,2000,20000,1,10,20260818,/n/home12/binxuwang/Github/AccentuationPredRMT/tables/vanhateren_fixed_vs_cv_cases/vanhateren_disk_d10000_n1000_sigma131p77_trials100_pop20000_seed20260818_alpha181_eminm4_emax5_fixed100.npz,1.3715176029982104,0.20766341815058942,0.9247997111349865,0.7923365957717801,-829.667745221889,10424.83128914951,9764.724399414063,691.5561337200367,69.15561337200367,9711.65380859375,9310.124267578125,10174.5107421875,331.5174270629883,62.5858415750526,6.258584157505259,325.75579833984375,291.6478042602539,372.3577575683594,0.8090716672301455,0.03604459196243898,0.003604459196243898,0.8123899186291583,0.7855508035390829,0.8320334785512822,0.8576501547033799,0.05981942127622493,0.005981942127622493,0.8441421130513096,0.8171631282040639,0.9008334413181729,0.04147351774146507,0.012301884954268538,0.0012301884954268537,0.04302618676476471,0.0331274774319672,0.05093286299452553,1595.5669398733714,41.051517547313736,4.105151754731374,1590.1426692294144,1563.9757441165643,1623.2089163576015,-888.2660454875772,1430.9910147534395,143.09910147534396,-493.69296789565914,-850.8485502539959,-346.35431544039716,,,,,,,0.19092833276985452,0.003604459196243898,0.9189228402006152,0.002364249105218785
