pc,training_variance
1.000000000000000000e+00,1.606808213632476054e+03
2.000000000000000000e+00,9.370499146310569358e+02
3.000000000000000000e+00,6.785343772941573661e+02
4.000000000000000000e+00,5.713408162783772468e+02
5.000000000000000000e+00,4.807072282454707306e+02
6.000000000000000000e+00,4.427168158285694517e+02
7.000000000000000000e+00,3.895766770245230646e+02
8.000000000000000000e+00,3.464515227509656938e+02
9.000000000000000000e+00,3.266212886853058990e+02
1.000000000000000000e+01,2.914875829883510505e+02
1.100000000000000000e+01,2.683726720396138603e+02
1.200000000000000000e+01,2.470495926852939306e+02
1.300000000000000000e+01,2.337770834842995669e+02
1.400000000000000000e+01,2.212309820419290816e+02
1.500000000000000000e+01,2.061044795649713990e+02
1.600000000000000000e+01,1.964918656670689074e+02
1.700000000000000000e+01,1.940377292785569807e+02
1.800000000000000000e+01,1.827734416858613429e+02
1.900000000000000000e+01,1.788263469917984878e+02
2.000000000000000000e+01,1.710098014119702157e+02
2.100000000000000000e+01,1.648864794131280576e+02
2.200000000000000000e+01,1.582193347609543537e+02
2.300000000000000000e+01,1.506856467418895420e+02
2.400000000000000000e+01,1.444320273937607908e+02
2.500000000000000000e+01,1.398905831081316364e+02
2.600000000000000000e+01,1.378824598439477143e+02
2.700000000000000000e+01,1.345449592320910597e+02
2.800000000000000000e+01,1.320434057232259590e+02
2.900000000000000000e+01,1.278407193913762399e+02
3.000000000000000000e+01,1.235244581204202063e+02
3.100000000000000000e+01,1.226229506170647312e+02
3.200000000000000000e+01,1.152660600103858712e+02
3.300000000000000000e+01,1.115063195964153948e+02
3.400000000000000000e+01,1.097316985456703691e+02
3.500000000000000000e+01,1.062076215125450744e+02
3.600000000000000000e+01,1.054079907299490344e+02
3.700000000000000000e+01,1.024470457663390732e+02
3.800000000000000000e+01,1.010837414997060790e+02
3.900000000000000000e+01,9.981772940308827913e+01
4.000000000000000000e+01,9.879579612761919805e+01
4.100000000000000000e+01,9.619991470440348280e+01
4.200000000000000000e+01,9.460933099543254343e+01
4.300000000000000000e+01,9.181063476077700614e+01
4.400000000000000000e+01,9.128614109804287580e+01
4.500000000000000000e+01,8.993871185495486031e+01
4.600000000000000000e+01,8.855914130691662933e+01
4.700000000000000000e+01,8.739795975322171273e+01
4.800000000000000000e+01,8.543698606390937300e+01
4.900000000000000000e+01,8.449703901338058643e+01
5.000000000000000000e+01,8.113523773467495914e+01
5.100000000000000000e+01,8.030093455762172994e+01
5.200000000000000000e+01,7.890655623320814982e+01
5.300000000000000000e+01,7.841847475998162054e+01
5.400000000000000000e+01,7.754081531904149927e+01
5.500000000000000000e+01,7.649297413742156948e+01
5.600000000000000000e+01,7.595523973003155049e+01
5.700000000000000000e+01,7.376623294252244989e+01
5.800000000000000000e+01,7.263049580817866513e+01
5.900000000000000000e+01,7.186622829333754225e+01
6.000000000000000000e+01,7.131948909002974801e+01
6.100000000000000000e+01,7.051451118390718875e+01
6.200000000000000000e+01,6.963442540440574646e+01
6.300000000000000000e+01,6.905829289115389713e+01
6.400000000000000000e+01,6.801223324831741479e+01
6.500000000000000000e+01,6.711861651602163192e+01
6.600000000000000000e+01,6.643509800935223097e+01
6.700000000000000000e+01,6.549862696488770553e+01
6.800000000000000000e+01,6.474448889559162978e+01
6.900000000000000000e+01,6.440683034277614638e+01
7.000000000000000000e+01,6.363709978811338885e+01
7.100000000000000000e+01,6.287542975909151011e+01
7.200000000000000000e+01,6.224708466004528162e+01
7.300000000000000000e+01,6.156716405624644750e+01
7.400000000000000000e+01,6.094977745185457962e+01
7.500000000000000000e+01,6.004071642358192662e+01
7.600000000000000000e+01,5.931080933387423926e+01
7.700000000000000000e+01,5.879886700722910575e+01
7.800000000000000000e+01,5.829508334246011714e+01
7.900000000000000000e+01,5.786441256013938528e+01
8.000000000000000000e+01,5.751308353194285417e+01
8.100000000000000000e+01,5.677114326183276916e+01
8.200000000000000000e+01,5.642386411865434326e+01
8.300000000000000000e+01,5.608989516119792285e+01
8.400000000000000000e+01,5.523256839408583119e+01
8.500000000000000000e+01,5.489236205543168978e+01
8.600000000000000000e+01,5.410710091090174956e+01
8.700000000000000000e+01,5.354890291702669458e+01
8.800000000000000000e+01,5.311881695334533759e+01
8.900000000000000000e+01,5.277461093523164237e+01
9.000000000000000000e+01,5.242513589353505665e+01
9.100000000000000000e+01,5.184104622188701228e+01
9.200000000000000000e+01,5.132784787390988868e+01
9.300000000000000000e+01,5.113303908760051542e+01
9.400000000000000000e+01,5.078128881133013550e+01
9.500000000000000000e+01,5.024477836702205735e+01
9.600000000000000000e+01,4.972421147955969190e+01
9.700000000000000000e+01,4.966826579860779844e+01
9.800000000000000000e+01,4.884722622872264708e+01
9.900000000000000000e+01,4.854190112692513992e+01
1.000000000000000000e+02,4.848839936196946354e+01
1.010000000000000000e+02,4.802542421309332354e+01
1.020000000000000000e+02,4.780622117683645200e+01
1.030000000000000000e+02,4.774872642079201768e+01
1.040000000000000000e+02,4.729207190470979327e+01
1.050000000000000000e+02,4.710238623245275846e+01
1.060000000000000000e+02,4.673746881873307046e+01
1.070000000000000000e+02,4.638371973102592705e+01
1.080000000000000000e+02,4.619893971368286856e+01
1.090000000000000000e+02,4.588502769472680143e+01
1.100000000000000000e+02,4.545401677055732392e+01
1.110000000000000000e+02,4.532571869943544840e+01
1.120000000000000000e+02,4.510385170618524597e+01
1.130000000000000000e+02,4.496372927384432217e+01
1.140000000000000000e+02,4.438163264485113757e+01
1.150000000000000000e+02,4.403368557995979415e+01
1.160000000000000000e+02,4.380459869897531888e+01
1.170000000000000000e+02,4.345924604244780198e+01
1.180000000000000000e+02,4.290764276492176776e+01
1.190000000000000000e+02,4.283546882942967216e+01
1.200000000000000000e+02,4.250792885857038073e+01
1.210000000000000000e+02,4.229661157829926310e+01
1.220000000000000000e+02,4.206284123592414659e+01
1.230000000000000000e+02,4.161489311530219481e+01
1.240000000000000000e+02,4.144736738746373561e+01
1.250000000000000000e+02,4.117827290712531152e+01
1.260000000000000000e+02,4.098981775202586419e+01
1.270000000000000000e+02,4.052968782403748094e+01
1.280000000000000000e+02,4.032608916233184004e+01
1.290000000000000000e+02,4.020581223880628841e+01
1.300000000000000000e+02,4.001228980703674409e+01
1.310000000000000000e+02,3.988121668898876493e+01
1.320000000000000000e+02,3.963431268468323054e+01
1.330000000000000000e+02,3.940479306362084344e+01
1.340000000000000000e+02,3.931541589298747397e+01
1.350000000000000000e+02,3.886554682917751080e+01
1.360000000000000000e+02,3.878486206580858919e+01
1.370000000000000000e+02,3.848403686957068714e+01
1.380000000000000000e+02,3.826691066362575810e+01
1.390000000000000000e+02,3.818336362154790464e+01
1.400000000000000000e+02,3.792772538948137395e+01
1.410000000000000000e+02,3.784659715823956105e+01
1.420000000000000000e+02,3.774602111265486570e+01
1.430000000000000000e+02,3.749063989736182378e+01
1.440000000000000000e+02,3.734791702617184939e+01
1.450000000000000000e+02,3.715874206876265617e+01
1.460000000000000000e+02,3.708413159288929251e+01
1.470000000000000000e+02,3.679822225986571738e+01
1.480000000000000000e+02,3.665216756926246688e+01
1.490000000000000000e+02,3.638351035483029960e+01
1.500000000000000000e+02,3.626196063475805431e+01
1.510000000000000000e+02,3.593468539233841597e+01
1.520000000000000000e+02,3.574066114063626287e+01
1.530000000000000000e+02,3.550356754656252889e+01
1.540000000000000000e+02,3.529690286462735571e+01
1.550000000000000000e+02,3.522470034123809057e+01
1.560000000000000000e+02,3.506594354758395582e+01
1.570000000000000000e+02,3.497082465732272283e+01
1.580000000000000000e+02,3.480195798312652755e+01
1.590000000000000000e+02,3.468485059297984208e+01
1.600000000000000000e+02,3.461238292813834505e+01
1.610000000000000000e+02,3.436856044991654358e+01
1.620000000000000000e+02,3.428306665380046070e+01
1.630000000000000000e+02,3.405666267169299744e+01
1.640000000000000000e+02,3.397661515545333089e+01
1.650000000000000000e+02,3.374498976949787732e+01
1.660000000000000000e+02,3.353083667850311400e+01
1.670000000000000000e+02,3.335838773659442325e+01
1.680000000000000000e+02,3.320876643129451367e+01
1.690000000000000000e+02,3.316044783619580727e+01
1.700000000000000000e+02,3.298064773753482370e+01
1.710000000000000000e+02,3.294025509777776506e+01
1.720000000000000000e+02,3.270064847680310294e+01
1.730000000000000000e+02,3.248501967336385121e+01
1.740000000000000000e+02,3.243898716123144510e+01
1.750000000000000000e+02,3.224023252280819207e+01
1.760000000000000000e+02,3.213045540862027849e+01
1.770000000000000000e+02,3.207076292842160825e+01
1.780000000000000000e+02,3.177864145618703873e+01
1.790000000000000000e+02,3.162283307589747849e+01
1.800000000000000000e+02,3.153013109894150290e+01
1.810000000000000000e+02,3.139136242308189040e+01
1.820000000000000000e+02,3.112988740798869713e+01
1.830000000000000000e+02,3.101181023685013471e+01
1.840000000000000000e+02,3.093243442126518161e+01
1.850000000000000000e+02,3.083871230698201416e+01
1.860000000000000000e+02,3.076124051277366434e+01
1.870000000000000000e+02,3.055124602664686861e+01
1.880000000000000000e+02,3.039959940320565934e+01
1.890000000000000000e+02,3.029849452336574700e+01
1.900000000000000000e+02,3.018567532095179118e+01
1.910000000000000000e+02,3.012094692220003722e+01
1.920000000000000000e+02,3.001703434382974578e+01
1.930000000000000000e+02,2.994238965025856913e+01
1.940000000000000000e+02,2.982174340608641572e+01
1.950000000000000000e+02,2.975495490489257122e+01
1.960000000000000000e+02,2.968891232889907528e+01
1.970000000000000000e+02,2.963290574752390683e+01
1.980000000000000000e+02,2.948906064372288327e+01
1.990000000000000000e+02,2.925047398403340893e+01
2.000000000000000000e+02,2.916773471956578945e+01
2.010000000000000000e+02,2.911661896989478748e+01
2.020000000000000000e+02,2.902571261817223558e+01
2.030000000000000000e+02,2.884043235988182374e+01
2.040000000000000000e+02,2.869542019029295687e+01
2.050000000000000000e+02,2.852744467963623975e+01
2.060000000000000000e+02,2.831284538275669860e+01
2.070000000000000000e+02,2.829591775174668200e+01
2.080000000000000000e+02,2.813913434054666496e+01
2.090000000000000000e+02,2.811395577947209290e+01
2.100000000000000000e+02,2.802783994828462610e+01
2.110000000000000000e+02,2.800056989134453289e+01
2.120000000000000000e+02,2.786719480751831668e+01
2.130000000000000000e+02,2.777567553767282149e+01
2.140000000000000000e+02,2.760108320956952710e+01
2.150000000000000000e+02,2.746521493714223183e+01
2.160000000000000000e+02,2.728886137041222781e+01
2.170000000000000000e+02,2.717015941880957897e+01
2.180000000000000000e+02,2.709387010277355401e+01
2.190000000000000000e+02,2.699960515764347235e+01
2.200000000000000000e+02,2.690729781102356810e+01
2.210000000000000000e+02,2.686572649879813923e+01
2.220000000000000000e+02,2.678573469886012504e+01
2.230000000000000000e+02,2.656514712685098445e+01
2.240000000000000000e+02,2.645723833843049988e+01
2.250000000000000000e+02,2.637403401116881696e+01
2.260000000000000000e+02,2.627859323885947518e+01
2.270000000000000000e+02,2.619031564465509376e+01
2.280000000000000000e+02,2.614489855669400598e+01
2.290000000000000000e+02,2.610465842597887942e+01
2.300000000000000000e+02,2.602038454108268795e+01
2.310000000000000000e+02,2.590924376801904572e+01
2.320000000000000000e+02,2.582034976052818820e+01
2.330000000000000000e+02,2.572635806063205521e+01
2.340000000000000000e+02,2.562507316581232431e+01
2.350000000000000000e+02,2.549065801045812307e+01
2.360000000000000000e+02,2.543898055127397484e+01
2.370000000000000000e+02,2.530503699472527046e+01
2.380000000000000000e+02,2.523690386513295536e+01
2.390000000000000000e+02,2.514579114749135158e+01
2.400000000000000000e+02,2.507384404144022838e+01
2.410000000000000000e+02,2.501779009542945786e+01
2.420000000000000000e+02,2.488311863270793722e+01
2.430000000000000000e+02,2.487671213866605768e+01
2.440000000000000000e+02,2.471830174102853306e+01
2.450000000000000000e+02,2.460844715777568936e+01
2.460000000000000000e+02,2.453561242767505846e+01
2.470000000000000000e+02,2.450659666428352068e+01
2.480000000000000000e+02,2.448651513662612444e+01
2.490000000000000000e+02,2.438280060144795769e+01
2.500000000000000000e+02,2.433341097484868953e+01
2.510000000000000000e+02,2.420261863060341057e+01
2.520000000000000000e+02,2.414836447111271056e+01
2.530000000000000000e+02,2.406485880628719798e+01
2.540000000000000000e+02,2.402693109250571624e+01
2.550000000000000000e+02,2.400983028718314216e+01
2.560000000000000000e+02,2.383869013796761038e+01
2.570000000000000000e+02,2.382078370156781233e+01
2.580000000000000000e+02,2.372129478874649067e+01
2.590000000000000000e+02,2.361549937921471098e+01
2.600000000000000000e+02,2.355550847737511688e+01
2.610000000000000000e+02,2.349349278467405355e+01
2.620000000000000000e+02,2.342917932203997111e+01
2.630000000000000000e+02,2.334734283470091043e+01
2.640000000000000000e+02,2.330685620723911455e+01
2.650000000000000000e+02,2.317957128221034679e+01
2.660000000000000000e+02,2.313471972544314426e+01
2.670000000000000000e+02,2.306815046246588707e+01
2.680000000000000000e+02,2.298771659608435058e+01
2.690000000000000000e+02,2.287885892850417946e+01
2.700000000000000000e+02,2.285422727386193742e+01
2.710000000000000000e+02,2.277763253504654628e+01
2.720000000000000000e+02,2.272772207325034444e+01
2.730000000000000000e+02,2.272048111775522017e+01
2.740000000000000000e+02,2.259188343589863024e+01
2.750000000000000000e+02,2.256802774377712595e+01
2.760000000000000000e+02,2.249550519984246932e+01
2.770000000000000000e+02,2.243316742869980729e+01
2.780000000000000000e+02,2.235082788652336205e+01
2.790000000000000000e+02,2.232551806942430872e+01
2.800000000000000000e+02,2.216891005757642574e+01
2.810000000000000000e+02,2.207997997725965078e+01
2.820000000000000000e+02,2.203740987326685286e+01
2.830000000000000000e+02,2.198314481765310546e+01
2.840000000000000000e+02,2.190362510897451642e+01
2.850000000000000000e+02,2.183535605596588525e+01
2.860000000000000000e+02,2.180010615969979071e+01
2.870000000000000000e+02,2.167164677795933514e+01
2.880000000000000000e+02,2.166625963212716144e+01
2.890000000000000000e+02,2.160829492073631641e+01
2.900000000000000000e+02,2.157184903522803410e+01
2.910000000000000000e+02,2.146154152517598490e+01
2.920000000000000000e+02,2.131657286864411560e+01
2.930000000000000000e+02,2.128670272708510325e+01
2.940000000000000000e+02,2.128069696637308184e+01
2.950000000000000000e+02,2.118479429070077202e+01
2.960000000000000000e+02,2.111495280834460786e+01
2.970000000000000000e+02,2.108953745942543634e+01
2.980000000000000000e+02,2.100721636016151805e+01
2.990000000000000000e+02,2.094833865797615147e+01
3.000000000000000000e+02,2.079301433822251965e+01
3.010000000000000000e+02,2.075641645120215983e+01
3.020000000000000000e+02,2.073499184415691587e+01
3.030000000000000000e+02,2.065191767828054736e+01
3.040000000000000000e+02,2.058908757548117663e+01
3.050000000000000000e+02,2.056412011979394094e+01
3.060000000000000000e+02,2.050714742723583939e+01
3.070000000000000000e+02,2.041238444969992827e+01
3.080000000000000000e+02,2.038188924138763269e+01
3.090000000000000000e+02,2.036348974530983114e+01
3.100000000000000000e+02,2.031546392973726967e+01
3.110000000000000000e+02,2.025721322730526097e+01
3.120000000000000000e+02,2.018059690562705910e+01
3.130000000000000000e+02,2.015555691744096123e+01
3.140000000000000000e+02,2.009588791710245204e+01
3.150000000000000000e+02,2.003201995744833397e+01
3.160000000000000000e+02,2.001145405807242383e+01
3.170000000000000000e+02,1.994281228857418498e+01
3.180000000000000000e+02,1.987324008716139545e+01
3.190000000000000000e+02,1.985772443976370738e+01
3.200000000000000000e+02,1.978600778756144152e+01
3.210000000000000000e+02,1.968133998072572410e+01
3.220000000000000000e+02,1.963077016282512233e+01
3.230000000000000000e+02,1.961731560543415753e+01
3.240000000000000000e+02,1.955944719745033922e+01
3.250000000000000000e+02,1.954428561041653012e+01
3.260000000000000000e+02,1.947118061752176033e+01
3.270000000000000000e+02,1.937242658635942760e+01
3.280000000000000000e+02,1.934243749026039438e+01
3.290000000000000000e+02,1.931746337436524996e+01
3.300000000000000000e+02,1.923872645476126308e+01
3.310000000000000000e+02,1.920327457550299854e+01
3.320000000000000000e+02,1.917395880399012142e+01
3.330000000000000000e+02,1.914050431699568122e+01
3.340000000000000000e+02,1.907221712599532992e+01
3.350000000000000000e+02,1.903162003165272509e+01
3.360000000000000000e+02,1.895146623275300612e+01
3.370000000000000000e+02,1.887222810159609310e+01
3.380000000000000000e+02,1.881758706225604527e+01
3.390000000000000000e+02,1.877396347041080915e+01
3.400000000000000000e+02,1.872580974754691141e+01
3.410000000000000000e+02,1.868661533957795839e+01
3.420000000000000000e+02,1.859884619368661163e+01
3.430000000000000000e+02,1.857849429825458287e+01
3.440000000000000000e+02,1.854867722266986618e+01
3.450000000000000000e+02,1.849867792454196902e+01
3.460000000000000000e+02,1.839679471356657103e+01
3.470000000000000000e+02,1.837596338780581462e+01
3.480000000000000000e+02,1.836369339682117641e+01
3.490000000000000000e+02,1.834306949990402558e+01
3.500000000000000000e+02,1.830007406201158204e+01
3.510000000000000000e+02,1.819387425329089680e+01
3.520000000000000000e+02,1.808926436195139686e+01
3.530000000000000000e+02,1.808224956044832510e+01
3.540000000000000000e+02,1.803240158115606562e+01
3.550000000000000000e+02,1.793672791987409809e+01
3.560000000000000000e+02,1.788200520654453030e+01
3.570000000000000000e+02,1.782807079504012293e+01
3.580000000000000000e+02,1.776044264217140523e+01
3.590000000000000000e+02,1.773930943305362717e+01
3.600000000000000000e+02,1.771130646822461330e+01
3.610000000000000000e+02,1.769635664526543550e+01
3.620000000000000000e+02,1.768696771880883745e+01
3.630000000000000000e+02,1.762159791336796388e+01
3.640000000000000000e+02,1.757902154261179462e+01
3.650000000000000000e+02,1.755499625331483315e+01
3.660000000000000000e+02,1.751480774972953114e+01
3.670000000000000000e+02,1.744653316604171778e+01
3.680000000000000000e+02,1.742756899792201253e+01
3.690000000000000000e+02,1.736205128649655904e+01
3.700000000000000000e+02,1.732289604072464684e+01
3.710000000000000000e+02,1.729582757991709840e+01
3.720000000000000000e+02,1.725477808503364940e+01
3.730000000000000000e+02,1.719762043576305288e+01
3.740000000000000000e+02,1.711640645956547147e+01
3.750000000000000000e+02,1.706584807437055673e+01
3.760000000000000000e+02,1.706112327734270551e+01
3.770000000000000000e+02,1.702163507083051286e+01
3.780000000000000000e+02,1.697826734654405456e+01
3.790000000000000000e+02,1.696759247960822137e+01
3.800000000000000000e+02,1.692618583522279252e+01
3.810000000000000000e+02,1.685534773037841560e+01
3.820000000000000000e+02,1.677072356146193144e+01
3.830000000000000000e+02,1.675325724607762723e+01
3.840000000000000000e+02,1.672845451119755111e+01
3.850000000000000000e+02,1.665786655807936256e+01
3.860000000000000000e+02,1.661746989522075424e+01
3.870000000000000000e+02,1.659399889775896497e+01
3.880000000000000000e+02,1.658590322082066137e+01
3.890000000000000000e+02,1.650815921353603599e+01
3.900000000000000000e+02,1.643860995640885392e+01
3.910000000000000000e+02,1.642675970090366278e+01
3.920000000000000000e+02,1.638101528924907768e+01
3.930000000000000000e+02,1.635975464403511737e+01
3.940000000000000000e+02,1.627989181665233076e+01
3.950000000000000000e+02,1.625651520041507681e+01
3.960000000000000000e+02,1.624353558113479679e+01
3.970000000000000000e+02,1.618131903417704365e+01
3.980000000000000000e+02,1.616610422615214304e+01
3.990000000000000000e+02,1.614426374481951854e+01
4.000000000000000000e+02,1.607575819831643926e+01
4.010000000000000000e+02,1.604027687836344640e+01
4.020000000000000000e+02,1.599176931058230444e+01
4.030000000000000000e+02,1.595712506536165520e+01
4.040000000000000000e+02,1.590683335865227477e+01
4.050000000000000000e+02,1.587621175888460989e+01
4.060000000000000000e+02,1.584517529637437683e+01
4.070000000000000000e+02,1.580424584523019682e+01
4.080000000000000000e+02,1.580173884836028542e+01
4.090000000000000000e+02,1.577036838462751334e+01
4.100000000000000000e+02,1.575571210006467382e+01
4.110000000000000000e+02,1.567304967979534425e+01
4.120000000000000000e+02,1.563448881284961089e+01
4.130000000000000000e+02,1.562396838107500940e+01
4.140000000000000000e+02,1.555881573536469986e+01
4.150000000000000000e+02,1.553650152104258453e+01
4.160000000000000000e+02,1.548202538668659933e+01
4.170000000000000000e+02,1.545211127888556213e+01
4.180000000000000000e+02,1.542624654986970079e+01
4.190000000000000000e+02,1.541176254215691621e+01
4.200000000000000000e+02,1.533563924100446485e+01
4.210000000000000000e+02,1.527335014608108565e+01
4.220000000000000000e+02,1.525475266744356340e+01
4.230000000000000000e+02,1.523289632428125628e+01
4.240000000000000000e+02,1.519904127051501419e+01
4.250000000000000000e+02,1.515020130610600546e+01
4.260000000000000000e+02,1.512637580299761808e+01
4.270000000000000000e+02,1.509301159827704453e+01
4.280000000000000000e+02,1.498586114679742565e+01
4.290000000000000000e+02,1.494121057935210395e+01
4.300000000000000000e+02,1.492781379472582692e+01
4.310000000000000000e+02,1.492022539786068158e+01
4.320000000000000000e+02,1.488971210063728634e+01
4.330000000000000000e+02,1.484239349099577154e+01
4.340000000000000000e+02,1.480714267503100245e+01
4.350000000000000000e+02,1.475427790859496291e+01
4.360000000000000000e+02,1.473677530682171621e+01
4.370000000000000000e+02,1.472337973913077036e+01
4.380000000000000000e+02,1.469215842472283207e+01
4.390000000000000000e+02,1.465494005046923931e+01
4.400000000000000000e+02,1.462315606568401272e+01
4.410000000000000000e+02,1.459820703160854372e+01
4.420000000000000000e+02,1.456013986083887346e+01
4.430000000000000000e+02,1.453344121392756350e+01
4.440000000000000000e+02,1.449448557977865981e+01
4.450000000000000000e+02,1.444456285683506991e+01
4.460000000000000000e+02,1.440272790241567691e+01
4.470000000000000000e+02,1.438494173025624079e+01
4.480000000000000000e+02,1.433605107661536060e+01
4.490000000000000000e+02,1.432696359627844451e+01
4.500000000000000000e+02,1.426456666106293092e+01
4.510000000000000000e+02,1.422454372981057880e+01
4.520000000000000000e+02,1.419782797339985336e+01
4.530000000000000000e+02,1.414826885064702466e+01
4.540000000000000000e+02,1.410404142738241795e+01
4.550000000000000000e+02,1.408771952826177731e+01
4.560000000000000000e+02,1.407480661884857831e+01
4.570000000000000000e+02,1.397970757997446967e+01
4.580000000000000000e+02,1.392847035284493096e+01
4.590000000000000000e+02,1.390044610714848794e+01
4.600000000000000000e+02,1.388272796641463103e+01
4.610000000000000000e+02,1.385559003911169107e+01
4.620000000000000000e+02,1.384912301304333582e+01
4.630000000000000000e+02,1.381987988494495845e+01
4.640000000000000000e+02,1.378338927560875504e+01
4.650000000000000000e+02,1.376796909585260309e+01
4.660000000000000000e+02,1.373422164944978618e+01
4.670000000000000000e+02,1.371333013644234811e+01
4.680000000000000000e+02,1.364969754098073729e+01
4.690000000000000000e+02,1.362702314514453050e+01
4.700000000000000000e+02,1.358878514391470027e+01
4.710000000000000000e+02,1.356953884851096426e+01
4.720000000000000000e+02,1.350793518188044118e+01
4.730000000000000000e+02,1.346071977032868361e+01
4.740000000000000000e+02,1.341732026197568928e+01
4.750000000000000000e+02,1.340426161454669263e+01
4.760000000000000000e+02,1.337875605681480273e+01
4.770000000000000000e+02,1.336123336445300502e+01
4.780000000000000000e+02,1.333005501412302607e+01
4.790000000000000000e+02,1.327423553804363543e+01
4.800000000000000000e+02,1.323432040948717692e+01
4.810000000000000000e+02,1.321868080272534129e+01
4.820000000000000000e+02,1.318023513090096976e+01
4.830000000000000000e+02,1.316695287203068432e+01
4.840000000000000000e+02,1.312667933058323833e+01
4.850000000000000000e+02,1.309142060573208965e+01
4.860000000000000000e+02,1.308675722374757022e+01
4.870000000000000000e+02,1.305959094094096429e+01
4.880000000000000000e+02,1.301553080151242447e+01
4.890000000000000000e+02,1.300952829542729638e+01
4.900000000000000000e+02,1.297242992657815286e+01
4.910000000000000000e+02,1.292255054171044470e+01
4.920000000000000000e+02,1.290457371837068834e+01
4.930000000000000000e+02,1.286101643236681724e+01
4.940000000000000000e+02,1.284526324402660791e+01
4.950000000000000000e+02,1.280691613676028773e+01
4.960000000000000000e+02,1.278967049027333758e+01
4.970000000000000000e+02,1.277069717952237049e+01
4.980000000000000000e+02,1.275907564755622303e+01
4.990000000000000000e+02,1.271647809031742327e+01
5.000000000000000000e+02,1.268601631640949989e+01
5.010000000000000000e+02,1.265116540824921820e+01
5.020000000000000000e+02,1.263234251460297308e+01
5.030000000000000000e+02,1.259518363524780504e+01
5.040000000000000000e+02,1.254742706597950708e+01
5.050000000000000000e+02,1.253573877077622001e+01
5.060000000000000000e+02,1.249134389649680266e+01
5.070000000000000000e+02,1.244492977958510949e+01
5.080000000000000000e+02,1.242369470843125967e+01
5.090000000000000000e+02,1.240559597735373210e+01
5.100000000000000000e+02,1.238934623184665007e+01
5.110000000000000000e+02,1.233628128081350717e+01
5.120000000000000000e+02,1.231453527051834307e+01
5.130000000000000000e+02,1.225791225506070248e+01
5.140000000000000000e+02,1.220901242728719183e+01
5.150000000000000000e+02,1.217468365975708444e+01
5.160000000000000000e+02,1.216617562931794971e+01
5.170000000000000000e+02,1.211865538210227733e+01
5.180000000000000000e+02,1.211859214956227326e+01
5.190000000000000000e+02,1.206243964101294353e+01
5.200000000000000000e+02,1.204327008291489243e+01
5.210000000000000000e+02,1.203079103898332747e+01
5.220000000000000000e+02,1.198897044821714708e+01
5.230000000000000000e+02,1.195170979309133052e+01
5.240000000000000000e+02,1.193074420267575242e+01
5.250000000000000000e+02,1.190664211867217936e+01
5.260000000000000000e+02,1.188035600549165949e+01
5.270000000000000000e+02,1.186601344976623551e+01
5.280000000000000000e+02,1.181335038856368946e+01
5.290000000000000000e+02,1.178849853115954893e+01
5.300000000000000000e+02,1.175718819049450126e+01
5.310000000000000000e+02,1.174676809623831453e+01
5.320000000000000000e+02,1.172140400898518386e+01
5.330000000000000000e+02,1.167688056208211300e+01
5.340000000000000000e+02,1.163071867835369666e+01
5.350000000000000000e+02,1.160282932711760040e+01
5.360000000000000000e+02,1.156994772924443282e+01
5.370000000000000000e+02,1.155625275845016908e+01
5.380000000000000000e+02,1.151283924762122624e+01
5.390000000000000000e+02,1.147121210120385548e+01
5.400000000000000000e+02,1.145881455957067274e+01
5.410000000000000000e+02,1.142295135934009842e+01
5.420000000000000000e+02,1.140993732679391037e+01
5.430000000000000000e+02,1.139161008374218298e+01
5.440000000000000000e+02,1.137632426199509261e+01
5.450000000000000000e+02,1.135578846048531609e+01
5.460000000000000000e+02,1.130295927756712082e+01
5.470000000000000000e+02,1.128974775108112105e+01
5.480000000000000000e+02,1.125981041158650875e+01
5.490000000000000000e+02,1.124346110393902087e+01
5.500000000000000000e+02,1.119475417586195753e+01
5.510000000000000000e+02,1.117761601979701425e+01
5.520000000000000000e+02,1.113408159691619836e+01
5.530000000000000000e+02,1.108155513992166874e+01
5.540000000000000000e+02,1.104939862729271915e+01
5.550000000000000000e+02,1.103621840626987449e+01
5.560000000000000000e+02,1.101465682610199970e+01
5.570000000000000000e+02,1.099902806556995571e+01
5.580000000000000000e+02,1.096062485008176779e+01
5.590000000000000000e+02,1.093880373365874448e+01
5.600000000000000000e+02,1.090845957752797268e+01
5.610000000000000000e+02,1.088083558909679205e+01
5.620000000000000000e+02,1.085847210911757443e+01
5.630000000000000000e+02,1.084686335513018740e+01
5.640000000000000000e+02,1.081942797943633217e+01
5.650000000000000000e+02,1.081897463742730459e+01
5.660000000000000000e+02,1.072604406250787257e+01
5.670000000000000000e+02,1.070972212497917475e+01
5.680000000000000000e+02,1.068803063661611930e+01
5.690000000000000000e+02,1.066997364045685615e+01
5.700000000000000000e+02,1.063553662002934175e+01
5.710000000000000000e+02,1.061743669952266522e+01
5.720000000000000000e+02,1.058529457859160061e+01
5.730000000000000000e+02,1.055384894643961857e+01
5.740000000000000000e+02,1.052045102023281586e+01
5.750000000000000000e+02,1.050871316938360778e+01
5.760000000000000000e+02,1.049943457024802207e+01
5.770000000000000000e+02,1.045053006033766430e+01
5.780000000000000000e+02,1.041139314632116353e+01
5.790000000000000000e+02,1.038782809411706154e+01
5.800000000000000000e+02,1.033761377608172261e+01
5.810000000000000000e+02,1.031796474032538669e+01
5.820000000000000000e+02,1.026996753672147378e+01
5.830000000000000000e+02,1.024810359993090358e+01
5.840000000000000000e+02,1.021019818900120946e+01
5.850000000000000000e+02,1.020353807597775209e+01
5.860000000000000000e+02,1.016980140187943782e+01
5.870000000000000000e+02,1.014969410081972789e+01
5.880000000000000000e+02,1.010989967806086831e+01
5.890000000000000000e+02,1.009310384712558317e+01
5.900000000000000000e+02,1.005568062740748481e+01
5.910000000000000000e+02,1.005432815046770934e+01
5.920000000000000000e+02,1.004033485244403145e+01
5.930000000000000000e+02,1.002523129942017022e+01
5.940000000000000000e+02,9.961030023156265401e+00
5.950000000000000000e+02,9.927114399786592713e+00
5.960000000000000000e+02,9.916204047566731461e+00
5.970000000000000000e+02,9.885432996852932419e+00
5.980000000000000000e+02,9.873869262560294402e+00
5.990000000000000000e+02,9.839372116562962844e+00
6.000000000000000000e+02,9.806124254983043187e+00
6.010000000000000000e+02,9.776867842321802726e+00
6.020000000000000000e+02,9.756195438069326542e+00
6.030000000000000000e+02,9.724294329922082980e+00
6.040000000000000000e+02,9.690398105657235917e+00
6.050000000000000000e+02,9.672474274967537866e+00
6.060000000000000000e+02,9.640143273323529272e+00
6.070000000000000000e+02,9.623412416112588019e+00
6.080000000000000000e+02,9.594126843315613939e+00
6.090000000000000000e+02,9.542846160050222792e+00
6.100000000000000000e+02,9.531945491773633705e+00
6.110000000000000000e+02,9.505632109412079700e+00
6.120000000000000000e+02,9.476052971729796326e+00
6.130000000000000000e+02,9.435299881517535070e+00
6.140000000000000000e+02,9.415941128166766205e+00
6.150000000000000000e+02,9.379162350777461299e+00
6.160000000000000000e+02,9.372193716263206298e+00
6.170000000000000000e+02,9.335020961228675418e+00
6.180000000000000000e+02,9.322572258158560388e+00
6.190000000000000000e+02,9.297478288273167024e+00
6.200000000000000000e+02,9.275106177198379598e+00
6.210000000000000000e+02,9.220396810148974609e+00
6.220000000000000000e+02,9.213043303111028592e+00
6.230000000000000000e+02,9.148287018607693000e+00
6.240000000000000000e+02,9.099336502247236780e+00
6.250000000000000000e+02,9.073178983444602608e+00
6.260000000000000000e+02,9.061217771561464573e+00
6.270000000000000000e+02,9.029728436124530688e+00
6.280000000000000000e+02,9.021439421940206316e+00
6.290000000000000000e+02,8.995976153785353091e+00
6.300000000000000000e+02,8.960657274241052406e+00
6.310000000000000000e+02,8.947694938073960103e+00
6.320000000000000000e+02,8.932335821361164108e+00
6.330000000000000000e+02,8.908237493442744181e+00
6.340000000000000000e+02,8.856404021859651365e+00
6.350000000000000000e+02,8.825738412904984287e+00
6.360000000000000000e+02,8.784814136537702822e+00
6.370000000000000000e+02,8.773019900768487034e+00
6.380000000000000000e+02,8.754360422488620230e+00
6.390000000000000000e+02,8.744333468856909874e+00
6.400000000000000000e+02,8.702616555330088488e+00
6.410000000000000000e+02,8.660633924919295623e+00
6.420000000000000000e+02,8.654329873370024018e+00
6.430000000000000000e+02,8.632005686998663663e+00
6.440000000000000000e+02,8.626490781641880545e+00
6.450000000000000000e+02,8.563422782517443821e+00
6.460000000000000000e+02,8.523071414641625765e+00
6.470000000000000000e+02,8.459699069659935233e+00
6.480000000000000000e+02,8.454280597165912070e+00
6.490000000000000000e+02,8.433332989127327650e+00
6.500000000000000000e+02,8.396396302662989086e+00
6.510000000000000000e+02,8.387166686081748423e+00
6.520000000000000000e+02,8.343397744240199643e+00
6.530000000000000000e+02,8.316750632965209888e+00
6.540000000000000000e+02,8.307490030015225457e+00
6.550000000000000000e+02,8.292161637717418543e+00
6.560000000000000000e+02,8.229687552977354770e+00
6.570000000000000000e+02,8.187996697973817462e+00
6.580000000000000000e+02,8.183839159163960986e+00
6.590000000000000000e+02,8.149204820164422713e+00
6.600000000000000000e+02,8.119815308592535530e+00
6.610000000000000000e+02,8.092829596863385433e+00
6.620000000000000000e+02,8.039316964668001830e+00
6.630000000000000000e+02,8.003346452564713331e+00
6.640000000000000000e+02,7.981962843733991342e+00
6.650000000000000000e+02,7.944936342319761202e+00
6.660000000000000000e+02,7.936285509139757721e+00
6.670000000000000000e+02,7.891115221796932033e+00
6.680000000000000000e+02,7.845250594860694981e+00
6.690000000000000000e+02,7.839896693997792987e+00
6.700000000000000000e+02,7.780795583918340697e+00
6.710000000000000000e+02,7.751307172953130653e+00
6.720000000000000000e+02,7.740694794936148426e+00
6.730000000000000000e+02,7.698627413144265574e+00
6.740000000000000000e+02,7.678420143644596685e+00
6.750000000000000000e+02,7.670988179793146067e+00
6.760000000000000000e+02,7.642342326190540547e+00
6.770000000000000000e+02,7.600924248526588656e+00
6.780000000000000000e+02,7.567379690380271029e+00
6.790000000000000000e+02,7.509138410947151954e+00
6.800000000000000000e+02,7.495264613876764237e+00
6.810000000000000000e+02,7.470287160511395186e+00
6.820000000000000000e+02,7.434989776565618769e+00
6.830000000000000000e+02,7.379918743974662299e+00
6.840000000000000000e+02,7.348256241731236926e+00
6.850000000000000000e+02,7.337295834083143120e+00
6.860000000000000000e+02,7.311908329571958909e+00
6.870000000000000000e+02,7.286132883256170700e+00
6.880000000000000000e+02,7.272376849063667770e+00
6.890000000000000000e+02,7.219824357276520388e+00
6.900000000000000000e+02,7.174775354700138941e+00
6.910000000000000000e+02,7.156281286707577571e+00
6.920000000000000000e+02,7.092086656443804316e+00
6.930000000000000000e+02,7.076272024020550333e+00
6.940000000000000000e+02,7.049131029983229269e+00
6.950000000000000000e+02,6.998487248057446486e+00
6.960000000000000000e+02,6.971282257266021354e+00
6.970000000000000000e+02,6.920012260274179816e+00
6.980000000000000000e+02,6.894037933804137097e+00
6.990000000000000000e+02,6.884154228817706667e+00
7.000000000000000000e+02,6.873041176176424294e+00
7.010000000000000000e+02,6.859318734233172066e+00
7.020000000000000000e+02,6.819725639699471209e+00
7.030000000000000000e+02,6.747544235900411635e+00
7.040000000000000000e+02,6.728063715100341291e+00
7.050000000000000000e+02,6.721098612631863922e+00
7.060000000000000000e+02,6.644058221441534684e+00
7.070000000000000000e+02,6.629504903801782589e+00
7.080000000000000000e+02,6.606322513456338363e+00
7.090000000000000000e+02,6.543610907783478758e+00
7.100000000000000000e+02,6.512023852941663193e+00
7.110000000000000000e+02,6.460049647045829957e+00
7.120000000000000000e+02,6.450294715868176709e+00
7.130000000000000000e+02,6.404371000449414097e+00
7.140000000000000000e+02,6.357782271204812652e+00
7.150000000000000000e+02,6.280879280257400943e+00
7.160000000000000000e+02,6.268193334017748697e+00
7.170000000000000000e+02,6.186477806999945095e+00
7.180000000000000000e+02,6.177892723970915156e+00
7.190000000000000000e+02,6.158027198766802712e+00
7.200000000000000000e+02,6.044477581600538940e+00
7.210000000000000000e+02,6.006885164875399141e+00
7.220000000000000000e+02,5.977743951855416960e+00
7.230000000000000000e+02,5.947106446995733542e+00
7.240000000000000000e+02,5.859307161184372781e+00
7.250000000000000000e+02,5.837103853609189485e+00
7.260000000000000000e+02,5.778015700980353664e+00
7.270000000000000000e+02,5.772142602469415351e+00
7.280000000000000000e+02,5.641596394559392991e+00
7.290000000000000000e+02,5.607755394997502307e+00
7.300000000000000000e+02,5.589055802740500845e+00
7.310000000000000000e+02,5.574096403936942501e+00
7.320000000000000000e+02,5.482212713147937677e+00
7.330000000000000000e+02,5.424799476515506313e+00
7.340000000000000000e+02,5.345413283064412546e+00
7.350000000000000000e+02,5.227322123682900390e+00
7.360000000000000000e+02,5.098204751095818388e+00
7.370000000000000000e+02,5.015219829109153871e+00
7.380000000000000000e+02,4.974522297137020210e+00
7.390000000000000000e+02,4.920949577354336135e+00
7.400000000000000000e+02,4.818150437316694124e+00
7.410000000000000000e+02,4.780860150115768370e+00
7.420000000000000000e+02,4.735322830625998236e+00
7.430000000000000000e+02,4.658785666256839875e+00
7.440000000000000000e+02,4.635788238193951472e+00
7.450000000000000000e+02,4.613465948045139875e+00
7.460000000000000000e+02,4.571856703178720949e+00
7.470000000000000000e+02,4.491028750748523812e+00
7.480000000000000000e+02,4.457186893329312838e+00
7.490000000000000000e+02,4.344013962411348295e+00
7.500000000000000000e+02,4.259535901438486150e+00
