pc,variance,mean_power,power_se,power_over_variance
1.000000000000000000e+00,1.606808213632476054e+03,1.610577987789203647e+01,2.202179665666178732e+00,1.002346125769549949e-02
2.000000000000000000e+00,9.370499146310569358e+02,1.928837907361899795e+01,5.535409459813954491e+00,2.058415327983182178e-02
3.000000000000000000e+00,6.785343772941573661e+02,1.152694705701353861e+01,1.816586923887018701e+00,1.698800745067687371e-02
4.000000000000000000e+00,5.713408162783772468e+02,1.861809702460231364e+01,3.367311669450112177e+00,3.258667417790597071e-02
5.000000000000000000e+00,4.807072282454707306e+02,1.032120149996470460e+01,1.510347487942515166e+00,2.147086811578842111e-02
6.000000000000000000e+00,4.427168158285694517e+02,1.442818169289660446e+01,2.411805582534483960e+00,3.259009185339718784e-02
7.000000000000000000e+00,3.895766770245230646e+02,1.194626308685787386e+01,2.568349599844395925e+00,3.066472864366539403e-02
8.000000000000000000e+00,3.464515227509656938e+02,1.580180007204573656e+01,4.235204965502072483e+00,4.561042175994214215e-02
9.000000000000000000e+00,3.266212886853058990e+02,1.134766883103310242e+01,2.335653752098262981e+00,3.474258789654825763e-02
1.000000000000000000e+01,2.914875829883510505e+02,1.107057368675958919e+01,1.416244797616885931e+00,3.797957214253620817e-02
1.100000000000000000e+01,2.683726720396138603e+02,8.866177951062010010e+00,1.020552530769439636e+00,3.303681363560479617e-02
1.200000000000000000e+01,2.470495926852939306e+02,7.176878618697081436e+00,9.277581608730206542e-01,2.905035600621047945e-02
1.300000000000000000e+01,2.337770834842995669e+02,8.768859438593031186e+00,1.565853195959840294e+00,3.750949112675514702e-02
1.400000000000000000e+01,2.212309820419290816e+02,1.080999690103623578e+01,1.047031175878480491e+00,4.886294316131298970e-02
1.500000000000000000e+01,2.061044795649713990e+02,1.123198295941279135e+01,2.161664703709600843e+00,5.449654943512314414e-02
1.600000000000000000e+01,1.964918656670689074e+02,8.740323422920720731e+00,9.120021317253541593e-01,4.448185879475598237e-02
1.700000000000000000e+01,1.940377292785569807e+02,9.800587221310530950e+00,1.150506018595905955e+00,5.050866786449036139e-02
1.800000000000000000e+01,1.827734416858613429e+02,9.579882779988366792e+00,8.980767386932680951e-01,5.241397596732692843e-02
1.900000000000000000e+01,1.788263469917984878e+02,9.725698892759442771e+00,1.024174244762597885e+00,5.438627504483717345e-02
2.000000000000000000e+01,1.710098014119702157e+02,8.347219505033603326e+00,6.264614744410069713e-01,4.881135137350858799e-02
2.100000000000000000e+01,1.648864794131280576e+02,8.164706716403044240e+00,8.915705525820949440e-01,4.951713897624149263e-02
2.200000000000000000e+01,1.582193347609543537e+02,7.744100561590430587e+00,5.823908528206249713e-01,4.894534902002086602e-02
2.300000000000000000e+01,1.506856467418895420e+02,1.096840263650149083e+01,1.273151488447715529e+00,7.278996290396086422e-02
2.400000000000000000e+01,1.444320273937607908e+02,8.280913612899194476e+00,1.432634278333025701e+00,5.733433063515187833e-02
2.500000000000000000e+01,1.398905831081316364e+02,8.599222113223536468e+00,9.441326414425388336e-01,6.147105775216170354e-02
2.600000000000000000e+01,1.378824598439477143e+02,8.703550095483915783e+00,7.998453553261167803e-01,6.312296796368732643e-02
2.700000000000000000e+01,1.345449592320910597e+02,7.478561506398156311e+00,9.562345434557669721e-01,5.558410771448956539e-02
2.800000000000000000e+01,1.320434057232259590e+02,8.625898122081460784e+00,1.077087354230820138e+00,6.532623174050861126e-02
2.900000000000000000e+01,1.278407193913762399e+02,1.014061655062717904e+01,1.765046921734366281e+00,7.932227383344367388e-02
3.000000000000000000e+01,1.235244581204202063e+02,8.274190904386760081e+00,1.165539235400990581e+00,6.698423154644002342e-02
3.100000000000000000e+01,1.226229506170647312e+02,7.843959144341593692e+00,8.643397344409290417e-01,6.396811612238267886e-02
3.200000000000000000e+01,1.152660600103858712e+02,8.529816733891767200e+00,1.006857955705645180e+00,7.400111301733745817e-02
3.300000000000000000e+01,1.115063195964153948e+02,6.570838076130383065e+00,6.103934321020352272e-01,5.892794327633441714e-02
3.400000000000000000e+01,1.097316985456703691e+02,7.579710838024249497e+00,8.669368983496088532e-01,6.907494314297496496e-02
3.500000000000000000e+01,1.062076215125450744e+02,6.535031841617589876e+00,8.067711152988253920e-01,6.153072395887975582e-02
3.600000000000000000e+01,1.054079907299490344e+02,7.745298728974104208e+00,1.252307068930327949e+00,7.347923696617311706e-02
3.700000000000000000e+01,1.024470457663390732e+02,7.544113255512752581e+00,1.233740128532876845e+00,7.363914888008916970e-02
3.800000000000000000e+01,1.010837414997060790e+02,6.816574660590080548e+00,6.421472472199648562e-01,6.743492632403105813e-02
3.900000000000000000e+01,9.981772940308827913e+01,5.347855038850095610e+00,4.212833230316888611e-01,5.357620405543544323e-02
4.000000000000000000e+01,9.879579612761919805e+01,5.936219804908968278e+00,5.342922025887313353e-01,6.008575301362896470e-02
4.100000000000000000e+01,9.619991470440348280e+01,6.723131270362848966e+00,9.473677447161157339e-01,6.988708140772501021e-02
4.200000000000000000e+01,9.460933099543254343e+01,8.264022918232910797e+00,9.073038092484768669e-01,8.734892035788598130e-02
4.300000000000000000e+01,9.181063476077700614e+01,6.655775493879048099e+00,1.004545942769851985e+00,7.249460273552649214e-02
4.400000000000000000e+01,9.128614109804287580e+01,7.696565867655968063e+00,1.070668667494303117e+00,8.431253391891901927e-02
4.500000000000000000e+01,8.993871185495486031e+01,6.130449513088931823e+00,6.242769214654102505e-01,6.816252297426245166e-02
4.600000000000000000e+01,8.855914130691662933e+01,6.447121838193838883e+00,6.721094485806972108e-01,7.280018463424629827e-02
4.700000000000000000e+01,8.739795975322171273e+01,8.382077343669536162e+00,2.205284928453230098e+00,9.590701393187330004e-02
4.800000000000000000e+01,8.543698606390937300e+01,6.478953084414294850e+00,7.256968820795225428e-01,7.583311845256160422e-02
4.900000000000000000e+01,8.449703901338058643e+01,6.453435556323752209e+00,5.920092082444387005e-01,7.637469468370144954e-02
5.000000000000000000e+01,8.113523773467495914e+01,7.432205831992287237e+00,1.104085913061350732e+00,9.160268755601326529e-02
5.100000000000000000e+01,8.030093455762172994e+01,6.850219720113139843e+00,1.023771727285905264e+00,8.530684926459494721e-02
5.200000000000000000e+01,7.890655623320814982e+01,6.956211865156416430e+00,8.256912926266396502e-01,8.815759041108507665e-02
5.300000000000000000e+01,7.841847475998162054e+01,7.122398493890064408e+00,1.133400293517236479e+00,9.082551676361798332e-02
5.400000000000000000e+01,7.754081531904149927e+01,5.801308480630487097e+00,5.223272072593970750e-01,7.481619140527498435e-02
5.500000000000000000e+01,7.649297413742156948e+01,6.222055446708992577e+00,7.254857437516336605e-01,8.134152864197582988e-02
5.600000000000000000e+01,7.595523973003155049e+01,7.455673820233016613e+00,2.151508107160061467e+00,9.815878202389710649e-02
5.700000000000000000e+01,7.376623294252244989e+01,4.859926490287419298e+00,5.612440618661642677e-01,6.588280703007026728e-02
5.800000000000000000e+01,7.263049580817866513e+01,4.962495675276310081e+00,5.231337714167647590e-01,6.832523473862202323e-02
5.900000000000000000e+01,7.186622829333754225e+01,4.824200880853664053e+00,6.497724398165821702e-01,6.712750892063856778e-02
6.000000000000000000e+01,7.131948909002974801e+01,6.021546215389989243e+00,9.493042117906256294e-01,8.443058541528143668e-02
6.100000000000000000e+01,7.051451118390718875e+01,5.387961902554546434e+00,4.978596485238335201e-01,7.640926402371751858e-02
6.200000000000000000e+01,6.963442540440574646e+01,5.152302471007513596e+00,4.685589783444167322e-01,7.399073721202170661e-02
6.300000000000000000e+01,6.905829289115389713e+01,6.517002205747450816e+00,1.030863877362988568e+00,9.436958159419335523e-02
6.400000000000000000e+01,6.801223324831741479e+01,5.252917023479797720e+00,3.722594211643253104e-01,7.723488514633876367e-02
6.500000000000000000e+01,6.711861651602163192e+01,5.448472055148078752e+00,6.750558838643345716e-01,8.117676343712321163e-02
6.600000000000000000e+01,6.643509800935223097e+01,6.781226220202637656e+00,9.713896747715918822e-01,1.020729467313802735e-01
6.700000000000000000e+01,6.549862696488770553e+01,5.093543970818302569e+00,5.752727927006803244e-01,7.776566024122663623e-02
6.800000000000000000e+01,6.474448889559162978e+01,4.816901732098936684e+00,4.937612876694711384e-01,7.439863707730826059e-02
6.900000000000000000e+01,6.440683034277614638e+01,4.806477457237717132e+00,4.373277221867712394e-01,7.462682811213376677e-02
7.000000000000000000e+01,6.363709978811338885e+01,5.058670745113526657e+00,6.586438392001477959e-01,7.949247784636506720e-02
7.100000000000000000e+01,6.287542975909151011e+01,6.128250151331358531e+00,1.112901633291469849e+00,9.746653302906832517e-02
7.200000000000000000e+01,6.224708466004528162e+01,5.404886394530927340e+00,6.088023589229685228e-01,8.682955071790177115e-02
7.300000000000000000e+01,6.156716405624644750e+01,4.909638502636586743e+00,5.774749971046911901e-01,7.974443159589494901e-02
7.400000000000000000e+01,6.094977745185457962e+01,4.739904119365648150e+00,3.205484375951401788e-01,7.776737368909658610e-02
7.500000000000000000e+01,6.004071642358192662e+01,4.943492442156617095e+00,6.910101911358579319e-01,8.233566713762568989e-02
7.600000000000000000e+01,5.931080933387423926e+01,4.977297262113808074e+00,5.378691708330797239e-01,8.391888962592725099e-02
7.700000000000000000e+01,5.879886700722910575e+01,5.304915265968404903e+00,7.653655805932242373e-01,9.022138581881491981e-02
7.800000000000000000e+01,5.829508334246011714e+01,5.013297572764952470e+00,6.118279719562340624e-01,8.599863462436188599e-02
7.900000000000000000e+01,5.786441256013938528e+01,5.738451324185493974e+00,6.696413614360903210e-01,9.917064859548055389e-02
8.000000000000000000e+01,5.751308353194285417e+01,5.779493052126232655e+00,1.341779204591217134e+00,1.004900571696228651e-01
8.100000000000000000e+01,5.677114326183276916e+01,5.271945891321882627e+00,5.065447111909511246e-01,9.286312708213877165e-02
8.200000000000000000e+01,5.642386411865434326e+01,5.126993995253503300e+00,7.088278671921304230e-01,9.086570151366969716e-02
8.300000000000000000e+01,5.608989516119792285e+01,4.787754773756399018e+00,6.223544666950988624e-01,8.535859730164890857e-02
8.400000000000000000e+01,5.523256839408583119e+01,4.669134010988305938e+00,3.990798703933426950e-01,8.453588429337401122e-02
8.500000000000000000e+01,5.489236205543168978e+01,4.869141276416356412e+00,5.484328006164833624e-01,8.870343876802705418e-02
8.600000000000000000e+01,5.410710091090174956e+01,4.701320345868571948e+00,4.342576181783909806e-01,8.688915626084353638e-02
8.700000000000000000e+01,5.354890291702669458e+01,4.537505195895761290e+00,4.056252753948460521e-01,8.473572657364361604e-02
8.800000000000000000e+01,5.311881695334533759e+01,4.963369423678983594e+00,3.613514149226612626e-01,9.343900539122226845e-02
8.900000000000000000e+01,5.277461093523164237e+01,4.741272151305038207e+00,5.461412810027824749e-01,8.984002093589715798e-02
9.000000000000000000e+01,5.242513589353505665e+01,4.466901757113515004e+00,5.069146161650210924e-01,8.520534436353006946e-02
9.100000000000000000e+01,5.184104622188701228e+01,4.507788027061807590e+00,6.181521201363093798e-01,8.695403267456905394e-02
9.200000000000000000e+01,5.132784787390988868e+01,4.513430835678808428e+00,3.822552744113476564e-01,8.793337384349987629e-02
9.300000000000000000e+01,5.113303908760051542e+01,5.186378448910436312e+00,5.564526946837163868e-01,1.014291061406538824e-01
9.400000000000000000e+01,5.078128881133013550e+01,4.499009684847115054e+00,4.832583158452041783e-01,8.859581531225951823e-02
9.500000000000000000e+01,5.024477836702205735e+01,4.009232624835092018e+00,4.831396751437938564e-01,7.979401552035772505e-02
9.600000000000000000e+01,4.972421147955969190e+01,4.628498874677655195e+00,3.720848295624931135e-01,9.308340417987942539e-02
9.700000000000000000e+01,4.966826579860779844e+01,3.929025479893442530e+00,4.666791702012750842e-01,7.910534859068046876e-02
9.800000000000000000e+01,4.884722622872264708e+01,3.950364307621625048e+00,2.106549453642319047e-01,8.087182451516095050e-02
9.900000000000000000e+01,4.854190112692513992e+01,4.644159859197797502e+00,6.322467750814587673e-01,9.567321739324673169e-02
1.000000000000000000e+02,4.848839936196946354e+01,4.894400290770096085e+00,6.190231678868509668e-01,1.009396134987471660e-01
1.010000000000000000e+02,4.802542421309332354e+01,4.099516646885336790e+00,3.780920233549486253e-01,8.536138335177209657e-02
1.020000000000000000e+02,4.780622117683645200e+01,4.648420557471423464e+00,9.213950767962493238e-01,9.723463689541148036e-02
1.030000000000000000e+02,4.774872642079201768e+01,4.024865797953737001e+00,4.068193788429245727e-01,8.429263144076494518e-02
1.040000000000000000e+02,4.729207190470979327e+01,3.894850810546460540e+00,3.923142987296965312e-01,8.235737310038586390e-02
1.050000000000000000e+02,4.710238623245275846e+01,3.974568150787158860e+00,4.375879791715706069e-01,8.438146065832961840e-02
1.060000000000000000e+02,4.673746881873307046e+01,4.542069236080490846e+00,5.023505577364956176e-01,9.718261067360074723e-02
1.070000000000000000e+02,4.638371973102592705e+01,4.280199176723188614e+00,7.587798224258311963e-01,9.227804931436270341e-02
1.080000000000000000e+02,4.619893971368286856e+01,4.312995432962955178e+00,3.558819848708337230e-01,9.335702203757639817e-02
1.090000000000000000e+02,4.588502769472680143e+01,4.159972314004529714e+00,3.781811140646393343e-01,9.066077810131957515e-02
1.100000000000000000e+02,4.545401677055732392e+01,4.429570908238403604e+00,5.185861987315147914e-01,9.745169344654358579e-02
1.110000000000000000e+02,4.532571869943544840e+01,4.335248013059918470e+00,5.681066056395694952e-01,9.564653661220193226e-02
1.120000000000000000e+02,4.510385170618524597e+01,4.151737279821099413e+00,3.847968791690224433e-01,9.204839770373218766e-02
1.130000000000000000e+02,4.496372927384432217e+01,3.813675873278393080e+00,3.482310810200598961e-01,8.481671638159318793e-02
1.140000000000000000e+02,4.438163264485113757e+01,5.195093953521817909e+00,9.069181406822560687e-01,1.170550438081848776e-01
1.150000000000000000e+02,4.403368557995979415e+01,4.241964612106339239e+00,2.926113155876267635e-01,9.633453471441652538e-02
1.160000000000000000e+02,4.380459869897531888e+01,4.086393623642072370e+00,4.782903632273359795e-01,9.328686359447602161e-02
1.170000000000000000e+02,4.345924604244780198e+01,3.810022669534497197e+00,3.062741314243352386e-01,8.766886258940495558e-02
1.180000000000000000e+02,4.290764276492176776e+01,4.175238608393994966e+00,4.683953951473197042e-01,9.730757364763399642e-02
1.190000000000000000e+02,4.283546882942967216e+01,3.862082289288315984e+00,4.076969803641056211e-01,9.016085022127531823e-02
1.200000000000000000e+02,4.250792885857038073e+01,3.992815944360490477e+00,3.852248394443916757e-01,9.393108654258663925e-02
1.210000000000000000e+02,4.229661157829926310e+01,3.847269590020527374e+00,2.824733041051424309e-01,9.095928601510980260e-02
1.220000000000000000e+02,4.206284123592414659e+01,4.079810681011510454e+00,3.907542048930315870e-01,9.699322635217308419e-02
1.230000000000000000e+02,4.161489311530219481e+01,4.006470241181879999e+00,4.947869473460635437e-01,9.627491364885093494e-02
1.240000000000000000e+02,4.144736738746373561e+01,4.206381643922666669e+00,5.358322328473456020e-01,1.014873056857873712e-01
1.250000000000000000e+02,4.117827290712531152e+01,3.692780100478162630e+00,2.815168179690996642e-01,8.967787718554801057e-02
1.260000000000000000e+02,4.098981775202586419e+01,3.459660479424484070e+00,2.685073137179326830e-01,8.440292416897840488e-02
1.270000000000000000e+02,4.052968782403748094e+01,3.150664888394273611e+00,3.233723273387592023e-01,7.773721085820124721e-02
1.280000000000000000e+02,4.032608916233184004e+01,4.211064291223426181e+00,4.489731542002095011e-01,1.044253082482626549e-01
1.290000000000000000e+02,4.020581223880628841e+01,3.352901032763578648e+00,3.416832103972895496e-01,8.339344104898815946e-02
1.300000000000000000e+02,4.001228980703674409e+01,3.966834289765250876e+00,3.934932252417375209e-01,9.914039683546492510e-02
1.310000000000000000e+02,3.988121668898876493e+01,3.213814546736170286e+00,2.641318500529463709e-01,8.058466650601225911e-02
1.320000000000000000e+02,3.963431268468323054e+01,3.636794505002430178e+00,4.573040100788164364e-01,9.175873778701548744e-02
1.330000000000000000e+02,3.940479306362084344e+01,4.001605295949204333e+00,3.600041764899806762e-01,1.015512323459846489e-01
1.340000000000000000e+02,3.931541589298747397e+01,3.466854759577430833e+00,2.937091091644540297e-01,8.818054396305646803e-02
1.350000000000000000e+02,3.886554682917751080e+01,3.735744758829445455e+00,3.086074497618939705e-01,9.611970147361754979e-02
1.360000000000000000e+02,3.878486206580858919e+01,3.684789617714973708e+00,2.876019302385376952e-01,9.500587140061943214e-02
1.370000000000000000e+02,3.848403686957068714e+01,4.954347676371593678e+00,1.163710614184900960e+00,1.287377333402617841e-01
1.380000000000000000e+02,3.826691066362575810e+01,3.647043317333324097e+00,3.468553799497002266e-01,9.530540234594860050e-02
1.390000000000000000e+02,3.818336362154790464e+01,3.545607862210341743e+00,4.596627974702032771e-01,9.285739981821453104e-02
1.400000000000000000e+02,3.792772538948137395e+01,3.454438661803714616e+00,3.851930421872838961e-01,9.107951047235081365e-02
1.410000000000000000e+02,3.784659715823956105e+01,3.728743066323751520e+00,3.902002192541815795e-01,9.852254486007255840e-02
1.420000000000000000e+02,3.774602111265486570e+01,3.394974159961768656e+00,3.175670774393382634e-01,8.994257036600759869e-02
1.430000000000000000e+02,3.749063989736182378e+01,4.016990587356199960e+00,8.374563398564714989e-01,1.071464930540935168e-01
1.440000000000000000e+02,3.734791702617184939e+01,3.626469127501915857e+00,3.116862772229316847e-01,9.709963543510709283e-02
1.450000000000000000e+02,3.715874206876265617e+01,3.334333201589922968e+00,3.904175975500706053e-01,8.973213343497213335e-02
1.460000000000000000e+02,3.708413159288929251e+01,3.437792509113740014e+00,6.065688361545280571e-01,9.270252157591094000e-02
1.470000000000000000e+02,3.679822225986571738e+01,3.463540467050865601e+00,2.624913413839506937e-01,9.412249435833221212e-02
1.480000000000000000e+02,3.665216756926246688e+01,3.215608779418199337e+00,2.560990363769440892e-01,8.773311355574230086e-02
1.490000000000000000e+02,3.638351035483029960e+01,3.496197981192398885e+00,2.991373956228097764e-01,9.609292635855411213e-02
1.500000000000000000e+02,3.626196063475805431e+01,3.931133916828568609e+00,4.672646252172139025e-01,1.084093040755350762e-01
1.510000000000000000e+02,3.593468539233841597e+01,3.628405159639064514e+00,2.892404820615954164e-01,1.009722255816012104e-01
1.520000000000000000e+02,3.574066114063626287e+01,3.276980430685070722e+00,2.776791499452553880e-01,9.168773956895899524e-02
1.530000000000000000e+02,3.550356754656252889e+01,3.501824105665966691e+00,3.213897042808969151e-01,9.863302050064022553e-02
1.540000000000000000e+02,3.529690286462735571e+01,3.281064666335377744e+00,2.359551345192632266e-01,9.295616329056119453e-02
1.550000000000000000e+02,3.522470034123809057e+01,3.207371789425597974e+00,3.483580650629162223e-01,9.105462241990115724e-02
1.560000000000000000e+02,3.506594354758395582e+01,3.399444158283062567e+00,2.820978766306824759e-01,9.694432302014255320e-02
1.570000000000000000e+02,3.497082465732272283e+01,3.507340309836503245e+00,3.195809933452442575e-01,1.002933257709747172e-01
1.580000000000000000e+02,3.480195798312652755e+01,3.439094520362602658e+00,3.707056370672981438e-01,9.881899524245223165e-02
1.590000000000000000e+02,3.468485059297984208e+01,3.451889889895285446e+00,4.086155297155260047e-01,9.952154415778116658e-02
1.600000000000000000e+02,3.461238292813834505e+01,3.463529654206673136e+00,4.239540801417697735e-01,1.000662006252963226e-01
1.610000000000000000e+02,3.436856044991654358e+01,3.053717706171303892e+00,2.518627231676967004e-01,8.885206904785326876e-02
1.620000000000000000e+02,3.428306665380046070e+01,3.121538532546718869e+00,1.847759643897614046e-01,9.105190513056625468e-02
1.630000000000000000e+02,3.405666267169299744e+01,3.176247628474778040e+00,3.216804377983114582e-01,9.326361948890522779e-02
1.640000000000000000e+02,3.397661515545333089e+01,3.530164635712742971e+00,3.621884996968881554e-01,1.038998328574276125e-01
1.650000000000000000e+02,3.374498976949787732e+01,3.430016945403119966e+00,3.759145421532966713e-01,1.016452210782270021e-01
1.660000000000000000e+02,3.353083667850311400e+01,3.488067721779784414e+00,4.795123982549514552e-01,1.040256691243261616e-01
1.670000000000000000e+02,3.335838773659442325e+01,3.075246574256571552e+00,3.000778750003960660e-01,9.218810568842333852e-02
1.680000000000000000e+02,3.320876643129451367e+01,2.992521449171264170e+00,2.767738640938363082e-01,9.011239412829380457e-02
1.690000000000000000e+02,3.316044783619580727e+01,3.336241280232667528e+00,4.249036150378456833e-01,1.006090537954388436e-01
1.700000000000000000e+02,3.298064773753482370e+01,3.244617978501414424e+00,3.419952508390295964e-01,9.837944980106497206e-02
1.710000000000000000e+02,3.294025509777776506e+01,2.969974351064950113e+00,2.868084343259020286e-01,9.016245752344863307e-02
1.720000000000000000e+02,3.270064847680310294e+01,3.234822105953919724e+00,3.404824606717212765e-01,9.892226168690841648e-02
1.730000000000000000e+02,3.248501967336385121e+01,2.697955271894763474e+00,3.370570637801570957e-01,8.305228991771110292e-02
1.740000000000000000e+02,3.243898716123144510e+01,3.154183855257158164e+00,4.020367191299215048e-01,9.723435073912521653e-02
1.750000000000000000e+02,3.224023252280819207e+01,3.377273244783899564e+00,5.191299059169163232e-01,1.047533773956085545e-01
1.760000000000000000e+02,3.213045540862027849e+01,3.274647481486633982e+00,2.496310281034153089e-01,1.019172445532184751e-01
1.770000000000000000e+02,3.207076292842160825e+01,3.033084569269082209e+00,3.853186649938216690e-01,9.457475570626713846e-02
1.780000000000000000e+02,3.177864145618703873e+01,3.078949972867214502e+00,3.197784174154985060e-01,9.688740083845744089e-02
1.790000000000000000e+02,3.162283307589747849e+01,2.741778966403277007e+00,2.842684190444521586e-01,8.670250890623161510e-02
1.800000000000000000e+02,3.153013109894150290e+01,3.184421898188419142e+00,3.873080037058850844e-01,1.009961515286983136e-01
1.810000000000000000e+02,3.139136242308189040e+01,2.761098421216843235e+00,2.660817450643254145e-01,8.795726620602561940e-02
1.820000000000000000e+02,3.112988740798869713e+01,2.667834544242314365e+00,3.666355508751481529e-01,8.570010258237176215e-02
1.830000000000000000e+02,3.101181023685013471e+01,2.741715771828062476e+00,2.997756699324886642e-01,8.840876269035684298e-02
1.840000000000000000e+02,3.093243442126518161e+01,3.045103419386880450e+00,3.338608305567468126e-01,9.844370403945501558e-02
1.850000000000000000e+02,3.083871230698201416e+01,2.542350900125501578e+00,2.007622640294029759e-01,8.244024182390724542e-02
1.860000000000000000e+02,3.076124051277366434e+01,2.947498509748483819e+00,3.438852720456234691e-01,9.581858405627462216e-02
1.870000000000000000e+02,3.055124602664686861e+01,3.074256011198759353e+00,3.705742387481342215e-01,1.006262071444610218e-01
1.880000000000000000e+02,3.039959940320565934e+01,2.553851089815290631e+00,3.135007228384384392e-01,8.400936656902081856e-02
1.890000000000000000e+02,3.029849452336574700e+01,2.816972302277233275e+00,2.625942106562549339e-01,9.297400239159823998e-02
1.900000000000000000e+02,3.018567532095179118e+01,2.931769331720151861e+00,3.235926573954127639e-01,9.712452348830569182e-02
1.910000000000000000e+02,3.012094692220003722e+01,3.060260872630752083e+00,3.787974751854589206e-01,1.015990925031393516e-01
1.920000000000000000e+02,3.001703434382974578e+01,2.768662304630947979e+00,2.159757828062443819e-01,9.223637061934034098e-02
1.930000000000000000e+02,2.994238965025856913e+01,2.865186635840458962e+00,3.188298358091102847e-01,9.568997896651566804e-02
1.940000000000000000e+02,2.982174340608641572e+01,2.944036227859772481e+00,3.311656229410759322e-01,9.872113067872868852e-02
1.950000000000000000e+02,2.975495490489257122e+01,2.790353073852827936e+00,2.420977186361049360e-01,9.377776181384880894e-02
1.960000000000000000e+02,2.968891232889907528e+01,3.049991543892714319e+00,3.637117079811220677e-01,1.027316699953289975e-01
1.970000000000000000e+02,2.963290574752390683e+01,3.100749621604905748e+00,4.545404086787265818e-01,1.046387299316403063e-01
1.980000000000000000e+02,2.948906064372288327e+01,3.625852764280201423e+00,5.731505224357360539e-01,1.229558583803858768e-01
1.990000000000000000e+02,2.925047398403340893e+01,2.768784711796612896e+00,2.115036198521949851e-01,9.465777249654055980e-02
2.000000000000000000e+02,2.916773471956578945e+01,3.229376665225494492e+00,3.013433047467767301e-01,1.107174313080686590e-01
2.010000000000000000e+02,2.911661896989478748e+01,2.936126061295776246e+00,2.864862411766893602e-01,1.008402130869519020e-01
2.020000000000000000e+02,2.902571261817223558e+01,2.555596631698021870e+00,1.431855559200510830e-01,8.804595653916968967e-02
2.030000000000000000e+02,2.884043235988182374e+01,2.589477346154137827e+00,2.376811492608515430e-01,8.978635666212142485e-02
2.040000000000000000e+02,2.869542019029295687e+01,3.027472315808539260e+00,4.935475913551373717e-01,1.055036760476735641e-01
2.050000000000000000e+02,2.852744467963623975e+01,2.617665051282663136e+00,1.941564379777446780e-01,9.175953474554390810e-02
2.060000000000000000e+02,2.831284538275669860e+01,2.809589821828760492e+00,4.021063731537323771e-01,9.923375004689136136e-02
2.070000000000000000e+02,2.829591775174668200e+01,2.804358866486972524e+00,2.828241245150858174e-01,9.910824915066986096e-02
2.080000000000000000e+02,2.813913434054666496e+01,2.978020169766958158e+00,3.468884839902206529e-01,1.058319752742295505e-01
2.090000000000000000e+02,2.811395577947209290e+01,2.666081043042815679e+00,1.849909688074474756e-01,9.483123129152469521e-02
2.100000000000000000e+02,2.802783994828462610e+01,2.672731842675516667e+00,2.290038717079769248e-01,9.535989386292662018e-02
2.110000000000000000e+02,2.800056989134453289e+01,3.054414322818423511e+00,2.550877660690166748e-01,1.090840055995644792e-01
2.120000000000000000e+02,2.786719480751831668e+01,3.196240745372850522e+00,3.582752953328911527e-01,1.146954606464563736e-01
2.130000000000000000e+02,2.777567553767282149e+01,2.718376632831810191e+00,3.296642885314126636e-01,9.786896556826529814e-02
2.140000000000000000e+02,2.760108320956952710e+01,2.843239854502361830e+00,3.906803069420360930e-01,1.030118938780122534e-01
2.150000000000000000e+02,2.746521493714223183e+01,2.466634600874893835e+00,3.084900863819658445e-01,8.980940460579364681e-02
2.160000000000000000e+02,2.728886137041222781e+01,2.936873831294400716e+00,4.131679782929537637e-01,1.076217065794722871e-01
2.170000000000000000e+02,2.717015941880957897e+01,2.849510471456526695e+00,3.065037957653594103e-01,1.048764722920191711e-01
2.180000000000000000e+02,2.709387010277355401e+01,2.258165078357816213e+00,2.261652990732244684e-01,8.334597714509052457e-02
2.190000000000000000e+02,2.699960515764347235e+01,2.613936631987498593e+00,2.388064584534423385e-01,9.681388363738735459e-02
2.200000000000000000e+02,2.690729781102356810e+01,2.504915533593357502e+00,2.557902811633365192e-01,9.309428063665041442e-02
2.210000000000000000e+02,2.686572649879813923e+01,2.410409517378449440e+00,2.101956566763376888e-01,8.972061550192142465e-02
2.220000000000000000e+02,2.678573469886012504e+01,2.626573189193258884e+00,1.846133993075911306e-01,9.805865766694961405e-02
2.230000000000000000e+02,2.656514712685098445e+01,2.596289396846726216e+00,2.118176184272281548e-01,9.773291992132432382e-02
2.240000000000000000e+02,2.645723833843049988e+01,2.726434096300097920e+00,2.830421633079583388e-01,1.030505928632699381e-01
2.250000000000000000e+02,2.637403401116881696e+01,2.828320879905672935e+00,3.092443854518212021e-01,1.072388425186659722e-01
2.260000000000000000e+02,2.627859323885947518e+01,2.482512278817146090e+00,2.535737738376088179e-01,9.446899444929687806e-02
2.270000000000000000e+02,2.619031564465509376e+01,2.285725916228836141e+00,2.153259678390018195e-01,8.727370632874774381e-02
2.280000000000000000e+02,2.614489855669400598e+01,2.444797029091147600e+00,2.049794058796818585e-01,9.350952438349370566e-02
2.290000000000000000e+02,2.610465842597887942e+01,2.404378173488263215e+00,2.306039376671030483e-01,9.210532979414394472e-02
2.300000000000000000e+02,2.602038454108268795e+01,2.441472112078698409e+00,2.738536828264126477e-01,9.382920948858163024e-02
2.310000000000000000e+02,2.590924376801904572e+01,2.308414952632393824e+00,3.039342032370714319e-01,8.909619181868114191e-02
2.320000000000000000e+02,2.582034976052818820e+01,2.569414592398882924e+00,2.487692112841352610e-01,9.951122336564051374e-02
2.330000000000000000e+02,2.572635806063205521e+01,2.869428208127298596e+00,2.702591060329284645e-01,1.115365105843823951e-01
2.340000000000000000e+02,2.562507316581232431e+01,2.593440310858283304e+00,3.120710332311624757e-01,1.012071377933983912e-01
2.350000000000000000e+02,2.549065801045812307e+01,2.171004297086901680e+00,1.926363339917954165e-01,8.516862515656510590e-02
2.360000000000000000e+02,2.543898055127397484e+01,2.382959857374800983e+00,2.234548009592293161e-01,9.367355946405891975e-02
2.370000000000000000e+02,2.530503699472527046e+01,2.701351274955150483e+00,2.456246796471153460e-01,1.067515244304221289e-01
2.380000000000000000e+02,2.523690386513295536e+01,2.925340858097893459e+00,3.972220114922564438e-01,1.159152039303646131e-01
2.390000000000000000e+02,2.514579114749135158e+01,2.224351877865953231e+00,1.557043974072920833e-01,8.845821810970794230e-02
2.400000000000000000e+02,2.507384404144022838e+01,3.204754447998476419e+00,3.524411935055593581e-01,1.278126498155564561e-01
2.410000000000000000e+02,2.501779009542945786e+01,2.599669974790828952e+00,2.585023004525169310e-01,1.039128542079248985e-01
2.420000000000000000e+02,2.488311863270793722e+01,2.706943021466194033e+00,3.424796666301400672e-01,1.087863246332804040e-01
2.430000000000000000e+02,2.487671213866605768e+01,2.390052258829020282e+00,1.654094104475122007e-01,9.607588999328188495e-02
2.440000000000000000e+02,2.471830174102853306e+01,2.481872814210875688e+00,1.862626885605676852e-01,1.004062835793995134e-01
2.450000000000000000e+02,2.460844715777568936e+01,2.421207801400336201e+00,2.008987876483830648e-01,9.838929640204020777e-02
2.460000000000000000e+02,2.453561242767505846e+01,2.292914179629901739e+00,2.010023667284063231e-01,9.345249426273127824e-02
2.470000000000000000e+02,2.450659666428352068e+01,2.403937426194500127e+00,2.652386126423705859e-01,9.809348311910050244e-02
2.480000000000000000e+02,2.448651513662612444e+01,2.530740368077180058e+00,2.378174195232649057e-01,1.033524106618087801e-01
2.490000000000000000e+02,2.438280060144795769e+01,2.262481519052887524e+00,2.185359596513290481e-01,9.279005951918958828e-02
2.500000000000000000e+02,2.433341097484868953e+01,2.342735319537810668e+00,2.243836178918612034e-01,9.627648675967748204e-02
2.510000000000000000e+02,2.420261863060341057e+01,2.266071136380498174e+00,1.782527098334902305e-01,9.362917174239675233e-02
2.520000000000000000e+02,2.414836447111271056e+01,2.436570942100923176e+00,2.386869878561715397e-01,1.009000400426973837e-01
2.530000000000000000e+02,2.406485880628719798e+01,2.307265428150232278e+00,2.310315422882066594e-01,9.587695679924100600e-02
2.540000000000000000e+02,2.402693109250571624e+01,2.435048663898237820e+00,2.619860869936523340e-01,1.013466370100740144e-01
2.550000000000000000e+02,2.400983028718314216e+01,2.135617016141956981e+00,2.719066756132608176e-01,8.894760981638366593e-02
2.560000000000000000e+02,2.383869013796761038e+01,2.201631747038740095e+00,2.982236109508489275e-01,9.235539932339764668e-02
2.570000000000000000e+02,2.382078370156781233e+01,2.236318609713926264e+00,2.056904167357232471e-01,9.388098383877850617e-02
2.580000000000000000e+02,2.372129478874649067e+01,2.215009064837210495e+00,2.225803774307347771e-01,9.337639806609640547e-02
2.590000000000000000e+02,2.361549937921471098e+01,2.377814274397930028e+00,2.442565733333396383e-01,1.006887144843006815e-01
2.600000000000000000e+02,2.355550847737511688e+01,2.421637786999724540e+00,2.328157916890922774e-01,1.028055832174325085e-01
2.610000000000000000e+02,2.349349278467405355e+01,2.082783417717608998e+00,1.633467572480902241e-01,8.865363004160495275e-02
2.620000000000000000e+02,2.342917932203997111e+01,2.236444109291951143e+00,1.849135812790426991e-01,9.545550352197418320e-02
2.630000000000000000e+02,2.334734283470091043e+01,2.217003383307999620e+00,2.456354598056362248e-01,9.495741759584266917e-02
2.640000000000000000e+02,2.330685620723911455e+01,2.553641490779345880e+00,3.024864085770853084e-01,1.095661065599308204e-01
2.650000000000000000e+02,2.317957128221034679e+01,2.313033479635291378e+00,2.488023265036139187e-01,9.978758672773546667e-02
2.660000000000000000e+02,2.313471972544314426e+01,2.765372101487228562e+00,2.864249066692364787e-01,1.195334170591192680e-01
2.670000000000000000e+02,2.306815046246588707e+01,2.276689365852980540e+00,2.489728753935561700e-01,9.869405739993653004e-02
2.680000000000000000e+02,2.298771659608435058e+01,2.310711693299862368e+00,2.311098544968044621e-01,1.005194092958959229e-01
2.690000000000000000e+02,2.287885892850417946e+01,2.234194941560160963e+00,2.226490263593864094e-01,9.765325047643154399e-02
2.700000000000000000e+02,2.285422727386193742e+01,2.722003839938736736e+00,1.946692735132431185e-01,1.191028603733128577e-01
2.710000000000000000e+02,2.277763253504654628e+01,2.126317090099670182e+00,1.802621643756534553e-01,9.335110164886699369e-02
2.720000000000000000e+02,2.272772207325034444e+01,2.076954286959066032e+00,1.733353379624903434e-01,9.138418184915950149e-02
2.730000000000000000e+02,2.272048111775522017e+01,2.018635135404067249e+00,1.907865085821347506e-01,8.884649602893215925e-02
2.740000000000000000e+02,2.259188343589863024e+01,2.312842960586251273e+00,2.084513082970921027e-01,1.023749510371114446e-01
2.750000000000000000e+02,2.256802774377712595e+01,2.101759254205669336e+00,2.173497662298505828e-01,9.312994817569759942e-02
2.760000000000000000e+02,2.249550519984246932e+01,2.296958516947923634e+00,1.787161243850878822e-01,1.021074430888535278e-01
2.770000000000000000e+02,2.243316742869980729e+01,2.141602340295710505e+00,2.127743389359204595e-01,9.546589205926657440e-02
2.780000000000000000e+02,2.235082788652336205e+01,2.199905606204640485e+00,2.599825555385810727e-01,9.842613514692642729e-02
2.790000000000000000e+02,2.232551806942430872e+01,2.202712744773287934e+00,2.215689830885674838e-01,9.866345488259872787e-02
2.800000000000000000e+02,2.216891005757642574e+01,2.065456916056310543e+00,1.759816362750958596e-01,9.316907825833421752e-02
2.810000000000000000e+02,2.207997997725965078e+01,2.200307402566171078e+00,1.675180282072061821e-01,9.965169374393842427e-02
2.820000000000000000e+02,2.203740987326685286e+01,2.240554850334712800e+00,2.321043414651293157e-01,1.016705167812250732e-01
2.830000000000000000e+02,2.198314481765310546e+01,2.074353886899936494e+00,1.958260247778115248e-01,9.436110729863227131e-02
2.840000000000000000e+02,2.190362510897451642e+01,2.054884499418434984e+00,2.549149969023689066e-01,9.381481326469984228e-02
2.850000000000000000e+02,2.183535605596588525e+01,2.344654466886625599e+00,3.348789240358420738e-01,1.073788062295423784e-01
2.860000000000000000e+02,2.180010615969979071e+01,2.056397344693645213e+00,1.901313455943764441e-01,9.432969406796520850e-02
2.870000000000000000e+02,2.167164677795933514e+01,1.994133100129918956e+00,2.450991803605939989e-01,9.201576237196738839e-02
2.880000000000000000e+02,2.166625963212716144e+01,2.115492916481664487e+00,1.644830351239160993e-01,9.763996889175875771e-02
2.890000000000000000e+02,2.160829492073631641e+01,2.320842774925323759e+00,2.693204006609848933e-01,1.074051785871422970e-01
2.900000000000000000e+02,2.157184903522803410e+01,2.134752360159919871e+00,2.426647589286629880e-01,9.896010104065489088e-02
2.910000000000000000e+02,2.146154152517598490e+01,2.205077877924114027e+00,2.108086613473216797e-01,1.027455495374082761e-01
2.920000000000000000e+02,2.131657286864411560e+01,2.126065211337840655e+00,2.542350955609703478e-01,9.973766535732407623e-02
2.930000000000000000e+02,2.128670272708510325e+01,1.977062905511127067e+00,2.049631803990742684e-01,9.287783696981502524e-02
2.940000000000000000e+02,2.128069696637308184e+01,2.017491448368882168e+00,2.125032347417186163e-01,9.480382393287412057e-02
2.950000000000000000e+02,2.118479429070077202e+01,2.130037199208902887e+00,2.187799406744500852e-01,1.005455691464466617e-01
2.960000000000000000e+02,2.111495280834460786e+01,2.098089292341542400e+00,1.967041680878356402e-01,9.936509502935661486e-02
2.970000000000000000e+02,2.108953745942543634e+01,2.054624009955614117e+00,2.542212097316365882e-01,9.742385360079823531e-02
2.980000000000000000e+02,2.100721636016151805e+01,2.061722130829593880e+00,1.876335582833197624e-01,9.814351865959179688e-02
2.990000000000000000e+02,2.094833865797615147e+01,1.933767087601513834e+00,1.656079760443849025e-01,9.231123857476999928e-02
3.000000000000000000e+02,2.079301433822251965e+01,2.042569786665599629e+00,2.422727150067410518e-01,9.823346213496660095e-02
3.010000000000000000e+02,2.075641645120215983e+01,2.223064200917551414e+00,2.299880000989318607e-01,1.071025052009301481e-01
3.020000000000000000e+02,2.073499184415691587e+01,1.854099913634231767e+00,1.962578401478237977e-01,8.941888801160603750e-02
3.030000000000000000e+02,2.065191767828054736e+01,2.017763946854889134e+00,2.148174513401501506e-01,9.770346649100557224e-02
3.040000000000000000e+02,2.058908757548117663e+01,2.118466327165804408e+00,2.896947179286711305e-01,1.028926764918233622e-01
3.050000000000000000e+02,2.056412011979394094e+01,2.149998388482777578e+00,2.624479202087990903e-01,1.045509545732181411e-01
3.060000000000000000e+02,2.050714742723583939e+01,1.934909806793296383e+00,1.848484413248566993e-01,9.435294760808686509e-02
3.070000000000000000e+02,2.041238444969992827e+01,2.115680611932095445e+00,2.303470548187140921e-01,1.036469118610587881e-01
3.080000000000000000e+02,2.038188924138763269e+01,2.461953344616635508e+00,2.679701065427286255e-01,1.207912237898620678e-01
3.090000000000000000e+02,2.036348974530983114e+01,2.107820822207572498e+00,1.886549138622909405e-01,1.035098035047284093e-01
3.100000000000000000e+02,2.031546392973726967e+01,1.893274077528252830e+00,2.016702273549093594e-01,9.319374069311434083e-02
3.110000000000000000e+02,2.025721322730526097e+01,1.853799324109309365e+00,1.934021587730643255e-01,9.151304788609924967e-02
3.120000000000000000e+02,2.018059690562705910e+01,2.259153894849418975e+00,2.334409752968827634e-01,1.119468321682540318e-01
3.130000000000000000e+02,2.015555691744096123e+01,1.984900389205241922e+00,1.595261736769268968e-01,9.847906447515088202e-02
3.140000000000000000e+02,2.009588791710245204e+01,1.801528352445016079e+00,1.207393312140735420e-01,8.964661625684322566e-02
3.150000000000000000e+02,2.003201995744833397e+01,2.012502512396868948e+00,2.202881838074894905e-01,1.004642825172794157e-01
3.160000000000000000e+02,2.001145405807242383e+01,2.612100208976953830e+00,4.827905595575089359e-01,1.305302553925739573e-01
3.170000000000000000e+02,1.994281228857418498e+01,1.937774389992596769e+00,1.898275249412778032e-01,9.716655614829228238e-02
3.180000000000000000e+02,1.987324008716139545e+01,1.867381095125889345e+00,1.671092520314999275e-01,9.396460199422959625e-02
3.190000000000000000e+02,1.985772443976370738e+01,2.045776760681605744e+00,1.912870010981281843e-01,1.030217116209489053e-01
3.200000000000000000e+02,1.978600778756144152e+01,1.911878036979828277e+00,1.758221304458305878e-01,9.662778148615400187e-02
3.210000000000000000e+02,1.968133998072572410e+01,1.993410243870090026e+00,1.288653060756728141e-01,1.012842746389357174e-01
3.220000000000000000e+02,1.963077016282512233e+01,2.163977880690014732e+00,2.121548483829880927e-01,1.102339777166740642e-01
3.230000000000000000e+02,1.961731560543415753e+01,2.174519145275616960e+00,2.172623927603458127e-01,1.108469267157662086e-01
3.240000000000000000e+02,1.955944719745033922e+01,2.036499452123642140e+00,2.739536181634001921e-01,1.041184564965163678e-01
3.250000000000000000e+02,1.954428561041653012e+01,1.852163098658589080e+00,1.833669623781753466e-01,9.476750061774785738e-02
3.260000000000000000e+02,1.947118061752176033e+01,2.131270307178987800e+00,1.820347087137641484e-01,1.094576825639990425e-01
3.270000000000000000e+02,1.937242658635942760e+01,1.876790064041354400e+00,1.972599834000837715e-01,9.687945160999322791e-02
3.280000000000000000e+02,1.934243749026039438e+01,2.065602018653027283e+00,1.746696641679069684e-01,1.067911952510189749e-01
3.290000000000000000e+02,1.931746337436524996e+01,2.161143368465016756e+00,2.447425598192788099e-01,1.118751114772608968e-01
3.300000000000000000e+02,1.923872645476126308e+01,1.888526686318620307e+00,2.058837437767943035e-01,9.816277032470833996e-02
3.310000000000000000e+02,1.920327457550299854e+01,1.903580081508876587e+00,1.928375544584436940e-01,9.912788957031383463e-02
3.320000000000000000e+02,1.917395880399012142e+01,2.113489133047051549e+00,1.820052077657624279e-01,1.102270613310816216e-01
3.330000000000000000e+02,1.914050431699568122e+01,1.925420868836552390e+00,1.983146439733693978e-01,1.005940510735073984e-01
3.340000000000000000e+02,1.907221712599532992e+01,1.958140890675602153e+00,1.753078115614166155e-01,1.026698090599370700e-01
3.350000000000000000e+02,1.903162003165272509e+01,1.840460169624049014e+00,1.622001257017365583e-01,9.670538643389579858e-02
3.360000000000000000e+02,1.895146623275300612e+01,1.890738494510265655e+00,1.928629867049550251e-01,9.976739906501710942e-02
3.370000000000000000e+02,1.887222810159609310e+01,1.907414430763865854e+00,1.715404349969189279e-01,1.010699118564886839e-01
3.380000000000000000e+02,1.881758706225604527e+01,1.852501376858874282e+00,1.483346618230617919e-01,9.844521355102886506e-02
3.390000000000000000e+02,1.877396347041080915e+01,2.031204779433784857e+00,1.494984957870457987e-01,1.081926457689724175e-01
3.400000000000000000e+02,1.872580974754691141e+01,1.826803833884140804e+00,1.977589198051966923e-01,9.755539859222658872e-02
3.410000000000000000e+02,1.868661533957795839e+01,1.931419541755036606e+00,1.685814543250721831e-01,1.033584470304967640e-01
3.420000000000000000e+02,1.859884619368661163e+01,1.796606993186005807e+00,1.847662454395514742e-01,9.659776603754403890e-02
3.430000000000000000e+02,1.857849429825458287e+01,1.935211565915491816e+00,2.796535666660070474e-01,1.041640692107810712e-01
3.440000000000000000e+02,1.854867722266986618e+01,1.767888194248903533e+00,2.339593250471359576e-01,9.531074227159561096e-02
3.450000000000000000e+02,1.849867792454196902e+01,1.945240892184837422e+00,2.358791697031535628e-01,1.051556711306438907e-01
3.460000000000000000e+02,1.839679471356657103e+01,1.832246641672953702e+00,1.814930881690200171e-01,9.959597148310721237e-02
3.470000000000000000e+02,1.837596338780581462e+01,1.872942663799498364e+00,2.057080688742278229e-01,1.019235086766864390e-01
3.480000000000000000e+02,1.836369339682117641e+01,2.167110012864365221e+00,2.536488247799569828e-01,1.180105747811875383e-01
3.490000000000000000e+02,1.834306949990402558e+01,1.912258879413525126e+00,1.757141236332211698e-01,1.042496665797145033e-01
3.500000000000000000e+02,1.830007406201158204e+01,1.923914446823529634e+00,1.471428456921412276e-01,1.051315115066834283e-01
3.510000000000000000e+02,1.819387425329089680e+01,1.872410275087609932e+00,1.150253942633167464e-01,1.029143242951088000e-01
3.520000000000000000e+02,1.808926436195139686e+01,1.825674902461918325e+00,1.318030749183935757e-01,1.009258787937229174e-01
3.530000000000000000e+02,1.808224956044832510e+01,1.822352939753927981e+00,1.421380828583456435e-01,1.007813178145709199e-01
3.540000000000000000e+02,1.803240158115606562e+01,1.675327519902668261e+00,1.370772846625563646e-01,9.290651122440576892e-02
3.550000000000000000e+02,1.793672791987409809e+01,1.829230655449358478e+00,1.610906457425501093e-01,1.019824052425163941e-01
3.560000000000000000e+02,1.788200520654453030e+01,1.769317341565424417e+00,1.622616304491959205e-01,9.894401221390329570e-02
3.570000000000000000e+02,1.782807079504012293e+01,1.940495571637076422e+00,1.907388728190171912e-01,1.088449554607408276e-01
3.580000000000000000e+02,1.776044264217140523e+01,2.012859414754710308e+00,1.993499646865535824e-01,1.133338540772211578e-01
3.590000000000000000e+02,1.773930943305362717e+01,1.879806274478199146e+00,1.486051600597536326e-01,1.059684020718167918e-01
3.600000000000000000e+02,1.771130646822461330e+01,1.901096610276354015e+00,1.434359157494741466e-01,1.073380223919145199e-01
3.610000000000000000e+02,1.769635664526543550e+01,1.739416663976647515e+00,1.607921580897747893e-01,9.829236033407018347e-02
3.620000000000000000e+02,1.768696771880883745e+01,1.733240087612638147e+00,1.939742455153194156e-01,9.799532148008954779e-02
3.630000000000000000e+02,1.762159791336796388e+01,1.736803260968874385e+00,2.038769474258848857e-01,9.856105385603616820e-02
3.640000000000000000e+02,1.757902154261179462e+01,1.636298812518572676e+00,1.481351148481140356e-01,9.308247381984038893e-02
3.650000000000000000e+02,1.755499625331483315e+01,1.839463157241276958e+00,1.720427639146815402e-01,1.047828852081890416e-01
3.660000000000000000e+02,1.751480774972953114e+01,1.672303446920994974e+00,1.085749093231882512e-01,9.547940638667981594e-02
3.670000000000000000e+02,1.744653316604171778e+01,1.707708203936920244e+00,1.718497540499742959e-01,9.788238085379838416e-02
3.680000000000000000e+02,1.742756899792201253e+01,1.977945240369697100e+00,1.754959348583635947e-01,1.134951891801741636e-01
3.690000000000000000e+02,1.736205128649655904e+01,1.804825621655004042e+00,1.346272994276640766e-01,1.039523263624222843e-01
3.700000000000000000e+02,1.732289604072464684e+01,1.765297607433353066e+00,1.209195334925129706e-01,1.019054552589410828e-01
3.710000000000000000e+02,1.729582757991709840e+01,1.856544358156740682e+00,1.332672471295138772e-01,1.073405912251606392e-01
3.720000000000000000e+02,1.725477808503364940e+01,1.710285063672054351e+00,1.394792761366513700e-01,9.911950505787794907e-02
3.730000000000000000e+02,1.719762043576305288e+01,1.785195386133406004e+00,1.705478041546859835e-01,1.038047904825850076e-01
3.740000000000000000e+02,1.711640645956547147e+01,1.705107848844546581e+00,1.976711544888720418e-01,9.961833127020948420e-02
3.750000000000000000e+02,1.706584807437055673e+01,1.909295924614664131e+00,1.884595829028621605e-01,1.118781742515357058e-01
3.760000000000000000e+02,1.706112327734270551e+01,1.920622673855274298e+00,1.931622927802149892e-01,1.125730494196636594e-01
3.770000000000000000e+02,1.702163507083051286e+01,2.029840137601021777e+00,2.090972656975327582e-01,1.192505966174483706e-01
3.780000000000000000e+02,1.697826734654405456e+01,1.716162896185251086e+00,1.550090832611076830e-01,1.010799783721498535e-01
3.790000000000000000e+02,1.696759247960822137e+01,1.890564208446082972e+00,2.170367596728721149e-01,1.114220659600457242e-01
3.800000000000000000e+02,1.692618583522279252e+01,1.668631501312588084e+00,1.891371164499071611e-01,9.858284184971105590e-02
3.810000000000000000e+02,1.685534773037841560e+01,2.021870298685404244e+00,1.931136433061696189e-01,1.199542323912656389e-01
3.820000000000000000e+02,1.677072356146193144e+01,1.680211315190429433e+00,1.490482160269087919e-01,1.001871689693490247e-01
3.830000000000000000e+02,1.675325724607762723e+01,1.814994488294028985e+00,1.980307028969513217e-01,1.083368124559160733e-01
3.840000000000000000e+02,1.672845451119755111e+01,1.890458386617317910e+00,2.139242437184935008e-01,1.130085499142732403e-01
3.850000000000000000e+02,1.665786655807936256e+01,1.795995348164290295e+00,1.160905647237154559e-01,1.078166487828659259e-01
3.860000000000000000e+02,1.661746989522075424e+01,1.686359391047660194e+00,1.054655213589335283e-01,1.014811160592301309e-01
3.870000000000000000e+02,1.659399889775896497e+01,1.635686815157246787e+00,1.462875933400356043e-01,9.857098492263656475e-02
3.880000000000000000e+02,1.658590322082066137e+01,1.750847904492724982e+00,1.394538103163869835e-01,1.055624093052011658e-01
3.890000000000000000e+02,1.650815921353603599e+01,1.812806429641329542e+00,2.168663070748116928e-01,1.098127541776372090e-01
3.900000000000000000e+02,1.643860995640885392e+01,1.652304930666939287e+00,1.460429097590361103e-01,1.005136647836067099e-01
3.910000000000000000e+02,1.642675970090366278e+01,1.858300156872624287e+00,1.550196571469318330e-01,1.131263980668321401e-01
3.920000000000000000e+02,1.638101528924907768e+01,1.710884437000252944e+00,1.680490523861794538e-01,1.044431255810567977e-01
3.930000000000000000e+02,1.635975464403511737e+01,1.971624351726891877e+00,2.345953294142628376e-01,1.205167433513900654e-01
3.940000000000000000e+02,1.627989181665233076e+01,1.666659860202707844e+00,1.452856422313120177e-01,1.023753645892117869e-01
3.950000000000000000e+02,1.625651520041507681e+01,1.749095298000412413e+00,1.179818856510666258e-01,1.075934956807811371e-01
3.960000000000000000e+02,1.624353558113479679e+01,1.668241620653128976e+00,1.370764800856429932e-01,1.027018786840114273e-01
3.970000000000000000e+02,1.618131903417704365e+01,1.786926592661140401e+00,2.212087426541310686e-01,1.104314542520865999e-01
3.980000000000000000e+02,1.616610422615214304e+01,1.656763344920772152e+00,1.359269987145599878e-01,1.024837723265820538e-01
3.990000000000000000e+02,1.614426374481951854e+01,1.676286670353758224e+00,2.133449317235213971e-01,1.038317198510620570e-01
4.000000000000000000e+02,1.607575819831643926e+01,1.853240938325851017e+00,1.880456629116467326e-01,1.152817127169737388e-01
4.010000000000000000e+02,1.604027687836344640e+01,1.858846930934876740e+00,1.528107231427984214e-01,1.158862122537457490e-01
4.020000000000000000e+02,1.599176931058230444e+01,1.765837107845044773e+00,1.825685918098172711e-01,1.104216221201070880e-01
4.030000000000000000e+02,1.595712506536165520e+01,1.830450972203522042e+00,1.450168895425314186e-01,1.147105737848045370e-01
4.040000000000000000e+02,1.590683335865227477e+01,1.507653742731139168e+00,1.352397469374846950e-01,9.478025630482099506e-02
4.050000000000000000e+02,1.587621175888460989e+01,1.452050410695094218e+00,1.448871097161543442e-01,9.146076109009448896e-02
4.060000000000000000e+02,1.584517529637437683e+01,1.552036042656667503e+00,9.792748766212940048e-02,9.795007083397792857e-02
4.070000000000000000e+02,1.580424584523019682e+01,1.690646296600831322e+00,1.571137992456879684e-01,1.069741835932701002e-01
4.080000000000000000e+02,1.580173884836028542e+01,1.753112340749503062e+00,1.940520272854107386e-01,1.109442674362018100e-01
4.090000000000000000e+02,1.577036838462751334e+01,1.632963367608056160e+00,1.492274900406597160e-01,1.035463045492215906e-01
4.100000000000000000e+02,1.575571210006467382e+01,1.591153736702869415e+00,1.575224394103756087e-01,1.009890080878247387e-01
4.110000000000000000e+02,1.567304967979534425e+01,1.675105082153209413e+00,1.534164780548923634e-01,1.068780560501026017e-01
4.120000000000000000e+02,1.563448881284961089e+01,1.530128532238183903e+00,1.098327579230554546e-01,9.786879190962789743e-02
4.130000000000000000e+02,1.562396838107500940e+01,1.638525541641998373e+00,1.554726077009628282e-01,1.048725587301309742e-01
4.140000000000000000e+02,1.555881573536469986e+01,1.552475617785421536e+00,1.086512868700578449e-01,9.978109158119877198e-02
4.150000000000000000e+02,1.553650152104258453e+01,1.665690654469623055e+00,1.402416796089558104e-01,1.072114370287041291e-01
4.160000000000000000e+02,1.548202538668659933e+01,1.523489750875201443e+00,1.562289540933967102e-01,9.840377552831623686e-02
4.170000000000000000e+02,1.545211127888556213e+01,1.713515175284940684e+00,1.914918506215615990e-01,1.108919774365307864e-01
4.180000000000000000e+02,1.542624654986970079e+01,1.584008723494119808e+00,1.102054240231997023e-01,1.026827049842204964e-01
4.190000000000000000e+02,1.541176254215691621e+01,1.679249636132534418e+00,1.576569394029789795e-01,1.089589611531556201e-01
4.200000000000000000e+02,1.533563924100446485e+01,1.464432203366268004e+00,1.323265971451584588e-01,9.549208744104165092e-02
4.210000000000000000e+02,1.527335014608108565e+01,1.870564103827460301e+00,1.409379979956717210e-01,1.224724167217117882e-01
4.220000000000000000e+02,1.525475266744356340e+01,1.473459156060317188e+00,1.355123446960005973e-01,9.659017017070023470e-02
4.230000000000000000e+02,1.523289632428125628e+01,1.539343469688450039e+00,1.245141370933959685e-01,1.010538926359483280e-01
4.240000000000000000e+02,1.519904127051501419e+01,1.685517152888352133e+00,1.429252477316550474e-01,1.108962810804473148e-01
4.250000000000000000e+02,1.515020130610600546e+01,1.568045241014878188e+00,1.720239285415781083e-01,1.034999607815710598e-01
4.260000000000000000e+02,1.512637580299761808e+01,1.796143083400323137e+00,1.808018991966917344e-01,1.187424606391425663e-01
4.270000000000000000e+02,1.509301159827704453e+01,1.769513123716662140e+00,1.284324457693732102e-01,1.172405594598935064e-01
4.280000000000000000e+02,1.498586114679742565e+01,1.644562624331595613e+00,1.909765747499822530e-01,1.097409490333526305e-01
4.290000000000000000e+02,1.494121057935210395e+01,1.667260059127431138e+00,2.379625472846989831e-01,1.115880169329444421e-01
4.300000000000000000e+02,1.492781379472582692e+01,1.626023419846896800e+00,1.041082721436270703e-01,1.089257571273691827e-01
4.310000000000000000e+02,1.492022539786068158e+01,1.535557215003664044e+00,1.444334479471152954e-01,1.029178295941720889e-01
4.320000000000000000e+02,1.488971210063728634e+01,1.669559481439467419e+00,1.757621827357823130e-01,1.121283924198916843e-01
4.330000000000000000e+02,1.484239349099577154e+01,1.378368519799014091e+00,1.068176038862364424e-01,9.286699753885448161e-02
4.340000000000000000e+02,1.480714267503100245e+01,1.616510897597941421e+00,1.777217464950864856e-01,1.091710219233473361e-01
4.350000000000000000e+02,1.475427790859496291e+01,1.683346173422113123e+00,1.276777017944970283e-01,1.140920744377124652e-01
4.360000000000000000e+02,1.473677530682171621e+01,1.742638068835032472e+00,2.028684706939992977e-01,1.182509763875111697e-01
4.370000000000000000e+02,1.472337973913077036e+01,1.590769762653014840e+00,1.251736860633147208e-01,1.080437909527781903e-01
4.380000000000000000e+02,1.469215842472283207e+01,1.750760763974387846e+00,1.689185102579565390e-01,1.191629380355947315e-01
4.390000000000000000e+02,1.465494005046923931e+01,1.340745839600366418e+00,1.622057361681478183e-01,9.148763727337368146e-02
4.400000000000000000e+02,1.462315606568401272e+01,1.603362606877334118e+00,1.497951183784018980e-01,1.096454554458271974e-01
4.410000000000000000e+02,1.459820703160854372e+01,1.537977754354394211e+00,1.846660446662093391e-01,1.053538801733878288e-01
4.420000000000000000e+02,1.456013986083887346e+01,1.527879208786382170e+00,1.465592630533411045e-01,1.049357508505659592e-01
4.430000000000000000e+02,1.453344121392756350e+01,1.584023695149999300e+00,1.854192951838517234e-01,1.089916470458497655e-01
4.440000000000000000e+02,1.449448557977865981e+01,1.696727000367604932e+00,1.579831284439063011e-01,1.170601737487474842e-01
4.450000000000000000e+02,1.444456285683506991e+01,1.604506933350679176e+00,1.964159768722561761e-01,1.110803386196929643e-01
4.460000000000000000e+02,1.440272790241567691e+01,1.694848804639616846e+00,1.927840967096812186e-01,1.176755414754000056e-01
4.470000000000000000e+02,1.438494173025624079e+01,1.652422299838450570e+00,1.842790546722376244e-01,1.148716714203204259e-01
4.480000000000000000e+02,1.433605107661536060e+01,1.729123536002272754e+00,1.898206890031553518e-01,1.206136562126776807e-01
4.490000000000000000e+02,1.432696359627844451e+01,1.569378327212886948e+00,1.300142171117725509e-01,1.095401908901720706e-01
4.500000000000000000e+02,1.426456666106293092e+01,1.544523218475780668e+00,1.937034044714078529e-01,1.082769112567412428e-01
4.510000000000000000e+02,1.422454372981057880e+01,1.664142105463855881e+00,2.427554467900099877e-01,1.169908952493351056e-01
4.520000000000000000e+02,1.419782797339985336e+01,1.655634304663987866e+00,1.788576308206405452e-01,1.166118020140741868e-01
4.530000000000000000e+02,1.414826885064702466e+01,1.385400087669145019e+00,1.098997511812737360e-01,9.792011321623905751e-02
4.540000000000000000e+02,1.410404142738241795e+01,1.458358941361530103e+00,7.492769380298959503e-02,1.034000749976659861e-01
4.550000000000000000e+02,1.408771952826177731e+01,1.361686638718185183e+00,1.264064763309816486e-01,9.665770503071605124e-02
4.560000000000000000e+02,1.407480661884857831e+01,1.324907942563456231e+00,7.972776093570863032e-02,9.413329635301542764e-02
4.570000000000000000e+02,1.397970757997446967e+01,1.579197347925772821e+00,2.065288734610929156e-01,1.129635465471343497e-01
4.580000000000000000e+02,1.392847035284493096e+01,1.373264130086656820e+00,1.490768436328493984e-01,9.859403762927661241e-02
4.590000000000000000e+02,1.390044610714848794e+01,1.602068004852532868e+00,1.645494441615634185e-01,1.152529920625100096e-01
4.600000000000000000e+02,1.388272796641463103e+01,1.464465137219349122e+00,1.439027418323688134e-01,1.054882830494274643e-01
4.610000000000000000e+02,1.385559003911169107e+01,1.435353865366055581e+00,1.981311719965383467e-01,1.035938463330919185e-01
4.620000000000000000e+02,1.384912301304333582e+01,1.496738765441830932e+00,1.053042569890912938e-01,1.080746242222108411e-01
4.630000000000000000e+02,1.381987988494495845e+01,1.479520542237682701e+00,9.857988291486147192e-02,1.070574096558853938e-01
4.640000000000000000e+02,1.378338927560875504e+01,1.601977584298796220e+00,1.350904582006146049e-01,1.162252296779917732e-01
4.650000000000000000e+02,1.376796909585260309e+01,1.357591117468955000e+00,1.346180241042095882e-01,9.860503811545517916e-02
4.660000000000000000e+02,1.373422164944978618e+01,1.392519110052675257e+00,1.629086922052655761e-01,1.013904643157161889e-01
4.670000000000000000e+02,1.371333013644234811e+01,1.362269770593102391e+00,1.576280098184440481e-01,9.933909247710391577e-02
4.680000000000000000e+02,1.364969754098073729e+01,1.461888201218928929e+00,1.789624289842968174e-01,1.071004098684146810e-01
4.690000000000000000e+02,1.362702314514453050e+01,1.524199456724366630e+00,1.339092858815175147e-01,1.118512414993187154e-01
4.700000000000000000e+02,1.358878514391470027e+01,1.467162968923785948e+00,1.611680510025655100e-01,1.079686633783305955e-01
4.710000000000000000e+02,1.356953884851096426e+01,1.467557846050915993e+00,1.422164847494896411e-01,1.081509005158238362e-01
4.720000000000000000e+02,1.350793518188044118e+01,1.432811647454919513e+00,1.223784598222446840e-01,1.060718480036012129e-01
4.730000000000000000e+02,1.346071977032868361e+01,1.431118467165767072e+00,1.355659240635568585e-01,1.063181235167205418e-01
4.740000000000000000e+02,1.341732026197568928e+01,1.663336277173155908e+00,1.871666371652933591e-01,1.239693355078513304e-01
4.750000000000000000e+02,1.340426161454669263e+01,1.476417362159837543e+00,1.102691525378832055e-01,1.101453705258622212e-01
4.760000000000000000e+02,1.337875605681480273e+01,1.724242113613955407e+00,1.697009893017108750e-01,1.288791055230930627e-01
4.770000000000000000e+02,1.336123336445300502e+01,1.581959670534964779e+00,1.240955576588384374e-01,1.183992246362301770e-01
4.780000000000000000e+02,1.333005501412302607e+01,1.432420329419861194e+00,1.150149662882951201e-01,1.074579458150945188e-01
4.790000000000000000e+02,1.327423553804363543e+01,1.339959451548736968e+00,1.071117072577196655e-01,1.009443781307364785e-01
4.800000000000000000e+02,1.323432040948717692e+01,1.527307204680659058e+00,2.103418128179604107e-01,1.154050345936759314e-01
4.810000000000000000e+02,1.321868080272534129e+01,1.510682599181800700e+00,1.610488546456524117e-01,1.142839154471706475e-01
4.820000000000000000e+02,1.318023513090096976e+01,1.419637101757420083e+00,1.325284883927010382e-01,1.077095429374465979e-01
4.830000000000000000e+02,1.316695287203068432e+01,1.324371073660074005e+00,1.307346820122245179e-01,1.005829584514812414e-01
4.840000000000000000e+02,1.312667933058323833e+01,1.444360912894658844e+00,1.522376265967796405e-01,1.100324672005592169e-01
4.850000000000000000e+02,1.309142060573208965e+01,1.417219139234544567e+00,2.045610764269459037e-01,1.082555653749306540e-01
4.860000000000000000e+02,1.308675722374757022e+01,1.446447009023696273e+00,1.676308294223967377e-01,1.105275343840669694e-01
4.870000000000000000e+02,1.305959094094096429e+01,1.467783366467735995e+00,1.273689306672107224e-01,1.123912206060245778e-01
4.880000000000000000e+02,1.301553080151242447e+01,1.474666887137173976e+00,1.108737505537158441e-01,1.133005568213795305e-01
4.890000000000000000e+02,1.300952829542729638e+01,1.513627217660335811e+00,1.678512457370013866e-01,1.163475864218965483e-01
4.900000000000000000e+02,1.297242992657815286e+01,1.726481631471415756e+00,2.180654655376592643e-01,1.330885301553387801e-01
4.910000000000000000e+02,1.292255054171044470e+01,1.622519408304114563e+00,1.539278709156878255e-01,1.255572112538517471e-01
4.920000000000000000e+02,1.290457371837068834e+01,1.334618825893567173e+00,1.662966534335180158e-01,1.034221552001854255e-01
4.930000000000000000e+02,1.286101643236681724e+01,1.635609578775554240e+00,1.786160557121589942e-01,1.271757630803798389e-01
4.940000000000000000e+02,1.284526324402660791e+01,1.637172882765547399e+00,2.277890448581941507e-01,1.274534317953255336e-01
4.950000000000000000e+02,1.280691613676028773e+01,1.346805158988271689e+00,1.067005408524390048e-01,1.051623314001779164e-01
4.960000000000000000e+02,1.278967049027333758e+01,1.305279684401258633e+00,1.611652038988503066e-01,1.020573348933372371e-01
4.970000000000000000e+02,1.277069717952237049e+01,1.356876065882720583e+00,1.190701888110131529e-01,1.062491770659515639e-01
4.980000000000000000e+02,1.275907564755622303e+01,1.332422793553792895e+00,1.531977819971583332e-01,1.044294140390173986e-01
4.990000000000000000e+02,1.271647809031742327e+01,1.537248547366401485e+00,1.597273925867184474e-01,1.208863441943797967e-01
5.000000000000000000e+02,1.268601631640949989e+01,1.293975801144086279e+00,1.265580098909379059e-01,1.020001684429740624e-01
5.010000000000000000e+02,1.265116540824921820e+01,1.349733231186227567e+00,1.170272676123006589e-01,1.066884502439697235e-01
5.020000000000000000e+02,1.263234251460297308e+01,1.391076319299911601e+00,1.463880909537169928e-01,1.101202186128051042e-01
5.030000000000000000e+02,1.259518363524780504e+01,1.407371855477457245e+00,1.202599809738727488e-01,1.117388913281825158e-01
5.040000000000000000e+02,1.254742706597950708e+01,1.393839805363080497e+00,1.475054233993244868e-01,1.110857068970156486e-01
5.050000000000000000e+02,1.253573877077622001e+01,1.286575398235626944e+00,1.340988292422846950e-01,1.026325948363681073e-01
5.060000000000000000e+02,1.249134389649680266e+01,1.471166464564533261e+00,1.426777931768305474e-01,1.177748748857296163e-01
5.070000000000000000e+02,1.244492977958510949e+01,1.379151710995240032e+00,1.390879305380340603e-01,1.108203690516298273e-01
5.080000000000000000e+02,1.242369470843125967e+01,1.380803127486682103e+00,1.178292493281813541e-01,1.111427123647532184e-01
5.090000000000000000e+02,1.240559597735373210e+01,1.305003148930482748e+00,1.485211136317350356e-01,1.051947162645591877e-01
5.100000000000000000e+02,1.238934623184665007e+01,1.472465219400394210e+00,1.598816908372627243e-01,1.188493074489630347e-01
5.110000000000000000e+02,1.233628128081350717e+01,1.370308788527872412e+00,1.106583455204115246e-01,1.110795674429943258e-01
5.120000000000000000e+02,1.231453527051834307e+01,1.300767976713338658e+00,1.393563144786447439e-01,1.056286695469090819e-01
5.130000000000000000e+02,1.225791225506070248e+01,1.362061124945749047e+00,1.491168262562279079e-01,1.111168930405273120e-01
5.140000000000000000e+02,1.220901242728719183e+01,1.370318365411597350e+00,1.600080699352793845e-01,1.122382644438079391e-01
5.150000000000000000e+02,1.217468365975708444e+01,1.387787028047567706e+00,1.294135020416535831e-01,1.139895759784576995e-01
5.160000000000000000e+02,1.216617562931794971e+01,1.590289468693212083e+00,2.289985548457406650e-01,1.307139989711265937e-01
5.170000000000000000e+02,1.211865538210227733e+01,1.236792725771950430e+00,1.204687227086054385e-01,1.020569268434299293e-01
5.180000000000000000e+02,1.211859214956227326e+01,1.381731553769160126e+00,1.527340075966001076e-01,1.140174978014313889e-01
5.190000000000000000e+02,1.206243964101294353e+01,1.356942533302972764e+00,8.986764329860011391e-02,1.124932081474874362e-01
5.200000000000000000e+02,1.204327008291489243e+01,1.392925894196067160e+00,1.064366610972606181e-01,1.156601059850125290e-01
5.210000000000000000e+02,1.203079103898332747e+01,1.498167101444360050e+00,1.734858531816509675e-01,1.245277302705910805e-01
5.220000000000000000e+02,1.198897044821714708e+01,1.358694647172268732e+00,1.784734184730230877e-01,1.133287176776982680e-01
5.230000000000000000e+02,1.195170979309133052e+01,1.423019374009578009e+00,1.368139641224531966e-01,1.190640836035152389e-01
5.240000000000000000e+02,1.193074420267575242e+01,1.361357371191105781e+00,8.217990687872321620e-02,1.141049835672270224e-01
5.250000000000000000e+02,1.190664211867217936e+01,1.413158582815574160e+00,2.187274012919555588e-01,1.186865758398362447e-01
5.260000000000000000e+02,1.188035600549165949e+01,1.430846095879632296e+00,1.442179136511765047e-01,1.204379814222930611e-01
5.270000000000000000e+02,1.186601344976623551e+01,1.181643630523329325e+00,1.133699150896190916e-01,9.958219207535182194e-02
5.280000000000000000e+02,1.181335038856368946e+01,1.282947429999585998e+00,9.999935280861887987e-02,1.086014879607385825e-01
5.290000000000000000e+02,1.178849853115954893e+01,1.280174729327162586e+00,7.239880463424787360e-02,1.085952316949766044e-01
5.300000000000000000e+02,1.175718819049450126e+01,1.635362475104296109e+00,1.571603703571696209e-01,1.390946924219908787e-01
5.310000000000000000e+02,1.174676809623831453e+01,1.272646264142090367e+00,1.117162828388453544e-01,1.083401199134621379e-01
5.320000000000000000e+02,1.172140400898518386e+01,1.272289936690891299e+00,9.537531419155743928e-02,1.085441586789092916e-01
5.330000000000000000e+02,1.167688056208211300e+01,1.411301720279786176e+00,1.302538835273774620e-01,1.208629062168069257e-01
5.340000000000000000e+02,1.163071867835369666e+01,1.320578987726540365e+00,1.292014117228323655e-01,1.135423376875508289e-01
5.350000000000000000e+02,1.160282932711760040e+01,1.384488483827226224e+00,1.704896967686453935e-01,1.193233516407470746e-01
5.360000000000000000e+02,1.156994772924443282e+01,1.294720865337231075e+00,1.495198561845468288e-01,1.119037782741808401e-01
5.370000000000000000e+02,1.155625275845016908e+01,1.367847114071656822e+00,9.952556644461812985e-02,1.183642433808363148e-01
5.380000000000000000e+02,1.151283924762122624e+01,1.293144566124402539e+00,1.370125515510105807e-01,1.123219510245130059e-01
5.390000000000000000e+02,1.147121210120385548e+01,1.262837065667820058e+00,1.307856987800269932e-01,1.100875003030665489e-01
5.400000000000000000e+02,1.145881455957067274e+01,1.312096192263379368e+00,1.327102109690259102e-01,1.145054041534763895e-01
5.410000000000000000e+02,1.142295135934009842e+01,1.220022910767254221e+00,1.497621615152712748e-01,1.068045264650181181e-01
5.420000000000000000e+02,1.140993732679391037e+01,1.437776548857403247e+00,1.113831427456260098e-01,1.260109067804499050e-01
5.430000000000000000e+02,1.139161008374218298e+01,1.340342879624366157e+00,1.338132061047466737e-01,1.176605299664592180e-01
5.440000000000000000e+02,1.137632426199509261e+01,1.489502925696103874e+00,1.323073726335302902e-01,1.309300694488894912e-01
5.450000000000000000e+02,1.135578846048531609e+01,1.390944909502853433e+00,1.457747190929158387e-01,1.224877439680140123e-01
5.460000000000000000e+02,1.130295927756712082e+01,1.351490385476350031e+00,1.326374562593080064e-01,1.195696058251435601e-01
5.470000000000000000e+02,1.128974775108112105e+01,1.312758627623212382e+00,1.516349135069719745e-01,1.162788271772946247e-01
5.480000000000000000e+02,1.125981041158650875e+01,1.207501145844627199e+00,9.623365518542367769e-02,1.072399180542232683e-01
5.490000000000000000e+02,1.124346110393902087e+01,1.318523368700506238e+00,1.521049424726538257e-01,1.172702388091667186e-01
5.500000000000000000e+02,1.119475417586195753e+01,1.221562956465193306e+00,1.023407569824206637e-01,1.091192300675184051e-01
5.510000000000000000e+02,1.117761601979701425e+01,1.298358135016106862e+00,1.358714969441173759e-01,1.161569813023229092e-01
5.520000000000000000e+02,1.113408159691619836e+01,1.234589809310827402e+00,9.471775283219759090e-02,1.108838478112798426e-01
5.530000000000000000e+02,1.108155513992166874e+01,1.399611906585387588e+00,1.524619524191289099e-01,1.263010370758558543e-01
5.540000000000000000e+02,1.104939862729271915e+01,1.372073977145903401e+00,1.171602309875729997e-01,1.241763487251508202e-01
5.550000000000000000e+02,1.103621840626987449e+01,1.229587147988968177e+00,1.169105676689148332e-01,1.114138106663798561e-01
5.560000000000000000e+02,1.101465682610199970e+01,1.322848486086423803e+00,1.340865129571343906e-01,1.200989288156124463e-01
5.570000000000000000e+02,1.099902806556995571e+01,1.395695604629609843e+00,1.033595077145944563e-01,1.268926305405591870e-01
5.580000000000000000e+02,1.096062485008176779e+01,1.320903375447588957e+00,1.262298518852309204e-01,1.205135102710622186e-01
5.590000000000000000e+02,1.093880373365874448e+01,1.450736760949279613e+00,1.528397314664992346e-01,1.326229811113034673e-01
5.600000000000000000e+02,1.090845957752797268e+01,1.307781129027506539e+00,1.165029688484897630e-01,1.198868749279327767e-01
5.610000000000000000e+02,1.088083558909679205e+01,1.316866019143242639e+00,1.188231243599071757e-01,1.210261848329751699e-01
5.620000000000000000e+02,1.085847210911757443e+01,1.208767966212069389e+00,1.030273474243176002e-01,1.113202625622714131e-01
5.630000000000000000e+02,1.084686335513018740e+01,1.435082989794778108e+00,2.202686706718942344e-01,1.323039613213191357e-01
5.640000000000000000e+02,1.081942797943633217e+01,1.369319428308141351e+00,1.331219722542015538e-01,1.265611667188601130e-01
5.650000000000000000e+02,1.081897463742730459e+01,1.505520646571970378e+00,1.645420619373260396e-01,1.391555759234107403e-01
5.660000000000000000e+02,1.072604406250787257e+01,1.409119351148786503e+00,1.610330433128321082e-01,1.313736306635419626e-01
5.670000000000000000e+02,1.070972212497917475e+01,1.167298332639349789e+00,9.074580432403150931e-02,1.089942688537887394e-01
5.680000000000000000e+02,1.068803063661611930e+01,1.347721720061714423e+00,1.129292259153188011e-01,1.260963563712621804e-01
5.690000000000000000e+02,1.066997364045685615e+01,1.233267957347539578e+00,1.077888329675344425e-01,1.155830369319201800e-01
5.700000000000000000e+02,1.063553662002934175e+01,1.374829979860854312e+00,1.221966594484650420e-01,1.292675705024333155e-01
5.710000000000000000e+02,1.061743669952266522e+01,1.239106632980011335e+00,1.321719190971522018e-01,1.167048759552028747e-01
5.720000000000000000e+02,1.058529457859160061e+01,1.282663181257233997e+00,1.298161289228954851e-01,1.211740657507422436e-01
5.730000000000000000e+02,1.055384894643961857e+01,1.359022330371307152e+00,1.135630005153886180e-01,1.287703033526719776e-01
5.740000000000000000e+02,1.052045102023281586e+01,1.303764532480193417e+00,7.551776475890813189e-02,1.239266767149818788e-01
5.750000000000000000e+02,1.050871316938360778e+01,1.309318496799381171e+00,1.096580165863366152e-01,1.245936087221400229e-01
5.760000000000000000e+02,1.049943457024802207e+01,1.291455499328991507e+00,9.483553886542084310e-02,1.230023855749866474e-01
5.770000000000000000e+02,1.045053006033766430e+01,1.169297859577120624e+00,1.123030882569043404e-01,1.118888566250714894e-01
5.780000000000000000e+02,1.041139314632116353e+01,1.316751639548876529e+00,1.224902334557201045e-01,1.264721849461757086e-01
5.790000000000000000e+02,1.038782809411706154e+01,1.240452620467170197e+00,1.236340289712268836e-01,1.194140497155199987e-01
5.800000000000000000e+02,1.033761377608172261e+01,1.223469658872047727e+00,9.815391932289867227e-02,1.183512641672497118e-01
5.810000000000000000e+02,1.031796474032538669e+01,1.168619044339947566e+00,6.760087123350010108e-02,1.132606161923261356e-01
5.820000000000000000e+02,1.026996753672147378e+01,1.203375173335906156e+00,7.910994063558399181e-02,1.171741944687845483e-01
5.830000000000000000e+02,1.024810359993090358e+01,1.264645097901543336e+00,1.175596089112878606e-01,1.234028408836606583e-01
5.840000000000000000e+02,1.021019818900120946e+01,1.282098616020485249e+00,1.401256063201173074e-01,1.255703946473446242e-01
5.850000000000000000e+02,1.020353807597775209e+01,1.202868819406613277e+00,1.224485212995666678e-01,1.178874239944803226e-01
5.860000000000000000e+02,1.016980140187943782e+01,1.285227645753463932e+00,9.753047773850802293e-02,1.263768676462006801e-01
5.870000000000000000e+02,1.014969410081972789e+01,1.176198535317706462e+00,1.153874965365856708e-01,1.158851216237849202e-01
5.880000000000000000e+02,1.010989967806086831e+01,1.323263440010440162e+00,1.027772777679262783e-01,1.308878903004355998e-01
5.890000000000000000e+02,1.009310384712558317e+01,1.283214231006612804e+00,1.431054989660359988e-01,1.271377219973873207e-01
5.900000000000000000e+02,1.005568062740748481e+01,1.270401807717635112e+00,1.470343704365178472e-01,1.263367299330353799e-01
5.910000000000000000e+02,1.005432815046770934e+01,1.303920218221423566e+00,8.775109655125784558e-02,1.296874538713725655e-01
5.920000000000000000e+02,1.004033485244403145e+01,1.260364690303901636e+00,1.404395468604510144e-01,1.255301450426329068e-01
5.930000000000000000e+02,1.002523129942017022e+01,1.456498267805755642e+00,1.664683533458114206e-01,1.452832582416323237e-01
5.940000000000000000e+02,9.961030023156265401e+00,1.235999996292580949e+00,1.200603771630577299e-01,1.240835529477643667e-01
5.950000000000000000e+02,9.927114399786592713e+00,1.146897774263444303e+00,1.023247792191282202e-01,1.155318381631725427e-01
5.960000000000000000e+02,9.916204047566731461e+00,1.247197997246419998e+00,7.710435739857258997e-02,1.257737326968842717e-01
5.970000000000000000e+02,9.885432996852932419e+00,1.211496407970689582e+00,9.041507792514121011e-02,1.225537018314093451e-01
5.980000000000000000e+02,9.873869262560294402e+00,1.370088284201500528e+00,9.375803710345070874e-02,1.387590059954102173e-01
5.990000000000000000e+02,9.839372116562962844e+00,1.213659151162351346e+00,1.234695700783337985e-01,1.233472153288476675e-01
6.000000000000000000e+02,9.806124254983043187e+00,1.132551266165771064e+00,1.049367859445206330e-01,1.154942805859570931e-01
6.010000000000000000e+02,9.776867842321802726e+00,1.225809095115973246e+00,1.626330785022729042e-01,1.253785071952930319e-01
6.020000000000000000e+02,9.756195438069326542e+00,1.291711340730836710e+00,1.224980713350284911e-01,1.323990841440601807e-01
6.030000000000000000e+02,9.724294329922082980e+00,1.304529865941483235e+00,1.414695528505745814e-01,1.341516229025881413e-01
6.040000000000000000e+02,9.690398105657235917e+00,1.185547463931266643e+00,1.334103715673702339e-01,1.223424931571331781e-01
6.050000000000000000e+02,9.672474274967537866e+00,1.299055865596205006e+00,8.520533197598025021e-02,1.343044011973414942e-01
6.060000000000000000e+02,9.640143273323529272e+00,1.265627055967158521e+00,1.301005244044653453e-01,1.312871624501097123e-01
6.070000000000000000e+02,9.623412416112588019e+00,1.211141584354103129e+00,1.025550951520020487e-01,1.258536506578763203e-01
6.080000000000000000e+02,9.594126843315613939e+00,1.314875102992319578e+00,1.585260699357473602e-01,1.370500019924600632e-01
6.090000000000000000e+02,9.542846160050222792e+00,1.196949742052246579e+00,9.571426721114197067e-02,1.254290095404773098e-01
6.100000000000000000e+02,9.531945491773633705e+00,1.356171519538383441e+00,8.811560577898612523e-02,1.422764660906634115e-01
6.110000000000000000e+02,9.505632109412079700e+00,1.153402612439550001e+00,1.326374431614351646e-01,1.213388651237090193e-01
6.120000000000000000e+02,9.476052971729796326e+00,1.299107367586725292e+00,1.213974042712739204e-01,1.370937215592180347e-01
6.130000000000000000e+02,9.435299881517535070e+00,1.308951776312053061e+00,1.281914713157762675e-01,1.387292182282527098e-01
6.140000000000000000e+02,9.415941128166766205e+00,1.287671479883569337e+00,1.015222031190507745e-01,1.367544106697566042e-01
6.150000000000000000e+02,9.379162350777461299e+00,1.204517584810163022e+00,1.103313305507832714e-01,1.284248571206700329e-01
6.160000000000000000e+02,9.372193716263206298e+00,1.088643213570521295e+00,8.397021887611787194e-02,1.161567127748800859e-01
6.170000000000000000e+02,9.335020961228675418e+00,1.159552480764850291e+00,8.720235442662516157e-02,1.242153055232379510e-01
6.180000000000000000e+02,9.322572258158560388e+00,1.180515156316382042e+00,1.163122256496161994e-01,1.266297673673985602e-01
6.190000000000000000e+02,9.297478288273167024e+00,1.386620523549473072e+00,1.697371205065295319e-01,1.491394204489195907e-01
6.200000000000000000e+02,9.275106177198379598e+00,1.252188420684817283e+00,1.339969864277309464e-01,1.350052923127884608e-01
6.210000000000000000e+02,9.220396810148974609e+00,1.220969879740423147e+00,6.900484472726722829e-02,1.324205351332049529e-01
6.220000000000000000e+02,9.213043303111028592e+00,1.200366350389324488e+00,1.000042044754906739e-01,1.302898847749894840e-01
6.230000000000000000e+02,9.148287018607693000e+00,1.280044620137829714e+00,9.355119238544150340e-02,1.399217818083547393e-01
6.240000000000000000e+02,9.099336502247236780e+00,1.109678266191484131e+00,7.472422431069090931e-02,1.219515583270747439e-01
6.250000000000000000e+02,9.073178983444602608e+00,1.224241883235387185e+00,1.095751932465595935e-01,1.349297622662578300e-01
6.260000000000000000e+02,9.061217771561464573e+00,1.238340077474984868e+00,1.156951066499563585e-01,1.366637585249856901e-01
6.270000000000000000e+02,9.029728436124530688e+00,1.222027220717244234e+00,1.187306712310709222e-01,1.353337732537309990e-01
6.280000000000000000e+02,9.021439421940206316e+00,1.361232155616059369e+00,1.655497087699481784e-01,1.508885768611972211e-01
6.290000000000000000e+02,8.995976153785353091e+00,1.216576000382077138e+00,1.172467758825382067e-01,1.352355741705876802e-01
6.300000000000000000e+02,8.960657274241052406e+00,1.336556167949791263e+00,1.314096470573526132e-01,1.491582734440643487e-01
6.310000000000000000e+02,8.947694938073960103e+00,1.221112569306967544e+00,1.230770811673523174e-01,1.364723068631817637e-01
6.320000000000000000e+02,8.932335821361164108e+00,1.199928582648336128e+00,1.066286902290820848e-01,1.343353638562016783e-01
6.330000000000000000e+02,8.908237493442744181e+00,1.123495600121458882e+00,9.421937461792882773e-02,1.261187301021612361e-01
6.340000000000000000e+02,8.856404021859651365e+00,1.087120010180096852e+00,1.086053920562120578e-01,1.227495953771794435e-01
6.350000000000000000e+02,8.825738412904984287e+00,1.243998477697269456e+00,1.099912003237044494e-01,1.409512065164197914e-01
6.360000000000000000e+02,8.784814136537702822e+00,1.253011599401885334e+00,1.333434774068045225e-01,1.426338201272094319e-01
6.370000000000000000e+02,8.773019900768487034e+00,1.153918670157472848e+00,1.257252625581271044e-01,1.315303832898399583e-01
6.380000000000000000e+02,8.754360422488620230e+00,1.175819711260217559e+00,9.899646015164059731e-02,1.343124631057816265e-01
6.390000000000000000e+02,8.744333468856909874e+00,1.290501359833202910e+00,2.291886639222131539e-01,1.475814439636074227e-01
6.400000000000000000e+02,8.702616555330088488e+00,1.110117270846031623e+00,9.599193297845544370e-02,1.275613217919061848e-01
6.410000000000000000e+02,8.660633924919295623e+00,1.253510223633261367e+00,1.074497728078567527e-01,1.447365440567264516e-01
6.420000000000000000e+02,8.654329873370024018e+00,1.171431043551108608e+00,1.229834337922807858e-01,1.353577990082956706e-01
6.430000000000000000e+02,8.632005686998663663e+00,1.104325916127283147e+00,1.123641464972604809e-01,1.279338726329379561e-01
6.440000000000000000e+02,8.626490781641880545e+00,1.275571718816554068e+00,1.174323080158393567e-01,1.478668152675837455e-01
6.450000000000000000e+02,8.563422782517443821e+00,1.125110716173229886e+00,1.448390481140487962e-01,1.313856322112446073e-01
6.460000000000000000e+02,8.523071414641625765e+00,1.213863888764723953e+00,7.698705964949172087e-02,1.424209454210896009e-01
6.470000000000000000e+02,8.459699069659935233e+00,1.088410038342509711e+00,8.722369921733062748e-02,1.286582453323912301e-01
6.480000000000000000e+02,8.454280597165912070e+00,1.135340268394190666e+00,9.531517340859760323e-02,1.342917656145438676e-01
6.490000000000000000e+02,8.433332989127327650e+00,1.164951421743423809e+00,1.204030828678428894e-01,1.381365378605750593e-01
6.500000000000000000e+02,8.396396302662989086e+00,1.094572694072628583e+00,1.176822904994561103e-01,1.303621999982868263e-01
6.510000000000000000e+02,8.387166686081748423e+00,1.187919415437388215e+00,1.270059167118905707e-01,1.416353650641884732e-01
6.520000000000000000e+02,8.343397744240199643e+00,1.237778487736974631e+00,1.391720704775893380e-01,1.483542467565405754e-01
6.530000000000000000e+02,8.316750632965209888e+00,1.163749123548239117e+00,1.288420383837847183e-01,1.399283415971944444e-01
6.540000000000000000e+02,8.307490030015225457e+00,1.147603162991724934e+00,1.161984308080112327e-01,1.381407812522673084e-01
6.550000000000000000e+02,8.292161637717418543e+00,1.319019121960691487e+00,1.371138897777740839e-01,1.590681874749100555e-01
6.560000000000000000e+02,8.229687552977354770e+00,1.572708643938164119e+00,1.401778859575997516e-01,1.911018655099714081e-01
6.570000000000000000e+02,8.187996697973817462e+00,1.154872317532470660e+00,7.733393976397691383e-02,1.410445509605851022e-01
6.580000000000000000e+02,8.183839159163960986e+00,1.048023819165520454e+00,9.620720675139020350e-02,1.280601681903758005e-01
6.590000000000000000e+02,8.149204820164422713e+00,1.244923092450445745e+00,1.203990841955499269e-01,1.527662047921538868e-01
6.600000000000000000e+02,8.119815308592535530e+00,1.079133163538069651e+00,9.780065006463066479e-02,1.329011957200690874e-01
6.610000000000000000e+02,8.092829596863385433e+00,1.255274852521896189e+00,1.328638615057881611e-01,1.551095123772796291e-01
6.620000000000000000e+02,8.039316964668001830e+00,1.338134650383047131e+00,1.753830236082432326e-01,1.664487986061522207e-01
6.630000000000000000e+02,8.003346452564713331e+00,1.105238477401106367e+00,8.615661898009119302e-02,1.380970427747666707e-01
6.640000000000000000e+02,7.981962843733991342e+00,1.223082413115198275e+00,9.564377281266472908e-02,1.532307825856823735e-01
6.650000000000000000e+02,7.944936342319761202e+00,1.221467852126629339e+00,9.604643380506502903e-02,1.537416789131862693e-01
6.660000000000000000e+02,7.936285509139757721e+00,1.296629789421779533e+00,1.383920782617669987e-01,1.633799323283577076e-01
6.670000000000000000e+02,7.891115221796932033e+00,1.111237387820577682e+00,9.658108692411314367e-02,1.408213359692308819e-01
6.680000000000000000e+02,7.845250594860694981e+00,1.087532512414131514e+00,1.192959312650528486e-01,1.386230432367014098e-01
6.690000000000000000e+02,7.839896693997792987e+00,1.062235157819616749e+00,8.166713016712572049e-02,1.354909636287505714e-01
6.700000000000000000e+02,7.780795583918340697e+00,1.211790454922761384e+00,9.950726221169094166e-02,1.557412017644234647e-01
6.710000000000000000e+02,7.751307172953130653e+00,1.183228594444154291e+00,1.110581899985211840e-01,1.526489104409162745e-01
6.720000000000000000e+02,7.740694794936148426e+00,1.043201430291599285e+00,1.097683135106260199e-01,1.347684488185798002e-01
6.730000000000000000e+02,7.698627413144265574e+00,1.256334882985652435e+00,1.478757704503524950e-01,1.631894642466586720e-01
6.740000000000000000e+02,7.678420143644596685e+00,1.599036709475474272e+00,2.133908320863388830e-01,2.082507442366242079e-01
6.750000000000000000e+02,7.670988179793146067e+00,1.321226307981577808e+00,1.415790124919654724e-01,1.722367805834900401e-01
6.760000000000000000e+02,7.642342326190540547e+00,1.217712530963821926e+00,1.508606962865099987e-01,1.593376060623042101e-01
6.770000000000000000e+02,7.600924248526588656e+00,1.231747928407621595e+00,1.722554519205016510e-01,1.620523883850561175e-01
6.780000000000000000e+02,7.567379690380271029e+00,1.276705996300745216e+00,1.800144118007616645e-01,1.687117666269219440e-01
6.790000000000000000e+02,7.509138410947151954e+00,1.063787341474902393e+00,7.702653418361041227e-02,1.416656989467748318e-01
6.800000000000000000e+02,7.495264613876764237e+00,1.285762421756520002e+00,1.168661106854439191e-01,1.715432994021390545e-01
6.810000000000000000e+02,7.470287160511395186e+00,1.144881141859716456e+00,1.233064687008283977e-01,1.532579828941061928e-01
6.820000000000000000e+02,7.434989776565618769e+00,1.052134293275234445e+00,9.832676256548779359e-02,1.415111956967932683e-01
6.830000000000000000e+02,7.379918743974662299e+00,1.163921133314637535e+00,1.277790243495494638e-01,1.577146271786422360e-01
6.840000000000000000e+02,7.348256241731236926e+00,1.136958635384171190e+00,9.229338540507701916e-02,1.547249575929738608e-01
6.850000000000000000e+02,7.337295834083143120e+00,1.207968949015197468e+00,8.014517468566809133e-02,1.646340799568078717e-01
6.860000000000000000e+02,7.311908329571958909e+00,1.419595185116764302e+00,1.386762173110736018e-01,1.941483838597122813e-01
6.870000000000000000e+02,7.286132883256170700e+00,1.085415349062860191e+00,9.798117454950658334e-02,1.489700183148167378e-01
6.880000000000000000e+02,7.272376849063667770e+00,1.208416085910865689e+00,1.208050921497556551e-01,1.661652181936159600e-01
6.890000000000000000e+02,7.219824357276520388e+00,9.658788842257045593e-01,6.757078228866132685e-02,1.337814933478597423e-01
6.900000000000000000e+02,7.174775354700138941e+00,1.091033712543584722e+00,7.317006501278665309e-02,1.520652088192360196e-01
6.910000000000000000e+02,7.156281286707577571e+00,1.121615398695358312e+00,1.340071430764835370e-01,1.567315975657218585e-01
6.920000000000000000e+02,7.092086656443804316e+00,1.216549630787007619e+00,1.253750408527035676e-01,1.715362050295397844e-01
6.930000000000000000e+02,7.076272024020550333e+00,9.745590950951132925e-01,7.493172480386232903e-02,1.377221073168120868e-01
6.940000000000000000e+02,7.049131029983229269e+00,1.074836132271087319e+00,1.084244916470862852e-01,1.524778199893447594e-01
6.950000000000000000e+02,6.998487248057446486e+00,1.178308306123281524e+00,1.451844775178666724e-01,1.683661431904933115e-01
6.960000000000000000e+02,6.971282257266021354e+00,1.126073907037296262e+00,1.053853047099548440e-01,1.615303850111093897e-01
6.970000000000000000e+02,6.920012260274179816e+00,1.214977964896502671e+00,9.582301543668489408e-02,1.755745393503629070e-01
6.980000000000000000e+02,6.894037933804137097e+00,1.211779678501040625e+00,1.200688494296293374e-01,1.757721222506211656e-01
6.990000000000000000e+02,6.884154228817706667e+00,1.095571939865370270e+00,1.116592890582986941e-01,1.591440144207119378e-01
7.000000000000000000e+02,6.873041176176424294e+00,1.080351789597657541e+00,8.572475292007671055e-02,1.571868641413659284e-01
7.010000000000000000e+02,6.859318734233172066e+00,1.147961470615652901e+00,1.416017453355058187e-01,1.673579425441275581e-01
7.020000000000000000e+02,6.819725639699471209e+00,1.048292224932233285e+00,8.238937897487935702e-02,1.537147211362639154e-01
7.030000000000000000e+02,6.747544235900411635e+00,1.219508607543290157e+00,1.570021578686587038e-01,1.807336958318666587e-01
7.040000000000000000e+02,6.728063715100341291e+00,1.192632506816370563e+00,1.143033510665901198e-01,1.772623680925684841e-01
7.050000000000000000e+02,6.721098612631863922e+00,1.068088975794817763e+00,1.090572516146095378e-01,1.589158316748119915e-01
7.060000000000000000e+02,6.644058221441534684e+00,1.109935789340403822e+00,9.735356154036758913e-02,1.670569029269562134e-01
7.070000000000000000e+02,6.629504903801782589e+00,1.184449351823252172e+00,1.272091485615011452e-01,1.786633193594913960e-01
7.080000000000000000e+02,6.606322513456338363e+00,1.173785563269581056e+00,1.421031862711962801e-01,1.776760914833799554e-01
7.090000000000000000e+02,6.543610907783478758e+00,1.007200344024333116e+00,6.870770672229231657e-02,1.539211848348578937e-01
7.100000000000000000e+02,6.512023852941663193e+00,1.147873828089705395e+00,1.206991851208273764e-01,1.762699053338354638e-01
7.110000000000000000e+02,6.460049647045829957e+00,1.143273306002983158e+00,8.890542685697991332e-02,1.769759318375827284e-01
7.120000000000000000e+02,6.450294715868176709e+00,1.092482157927057829e+00,1.156740818381505054e-01,1.693693398596927968e-01
7.130000000000000000e+02,6.404371000449414097e+00,1.173365680006156486e+00,9.864382278657088388e-02,1.832132585579158146e-01
7.140000000000000000e+02,6.357782271204812652e+00,1.182480245801155849e+00,1.087834545417494664e-01,1.859894213673777552e-01
7.150000000000000000e+02,6.280879280257400943e+00,1.289505954444305491e+00,2.178157110273267749e-01,2.053065975169418300e-01
7.160000000000000000e+02,6.268193334017748697e+00,1.201710272230372967e+00,9.521463891182094241e-02,1.917155722859792411e-01
7.170000000000000000e+02,6.186477806999945095e+00,9.917786192921763666e-01,7.301471252878410922e-02,1.603139379518968843e-01
7.180000000000000000e+02,6.177892723970915156e+00,1.247034873157384594e+00,1.312310213061165798e-01,2.018544071376878468e-01
7.190000000000000000e+02,6.158027198766802712e+00,1.064388456895502433e+00,6.907744549243079180e-02,1.728456894618223272e-01
7.200000000000000000e+02,6.044477581600538940e+00,1.206945247370381447e+00,1.103625473313769867e-01,1.996773469793877709e-01
7.210000000000000000e+02,6.006885164875399141e+00,1.336056489973583838e+00,1.471970776242578216e-01,2.224208476276569035e-01
7.220000000000000000e+02,5.977743951855416960e+00,1.111562117220999291e+00,8.498239091324624739e-02,1.859501052861229076e-01
7.230000000000000000e+02,5.947106446995733542e+00,1.169879580691420395e+00,1.398304130830976544e-01,1.967140812289314145e-01
7.240000000000000000e+02,5.859307161184372781e+00,1.084813678604535925e+00,1.088134096353030184e-01,1.851436780428586948e-01
7.250000000000000000e+02,5.837103853609189485e+00,1.035296796546705034e+00,9.303265929171483650e-02,1.773648066766127240e-01
7.260000000000000000e+02,5.778015700980353664e+00,1.049705720606915582e+00,1.224516922145970632e-01,1.816723551700997197e-01
7.270000000000000000e+02,5.772142602469415351e+00,1.142297790427550641e+00,1.312283058516020562e-01,1.978984008362609237e-01
7.280000000000000000e+02,5.641596394559392991e+00,1.123716944688108343e+00,1.199963093832110278e-01,1.991842142007519967e-01
7.290000000000000000e+02,5.607755394997502307e+00,1.180708610581747475e+00,1.571656025175135474e-01,2.105492353741069966e-01
7.300000000000000000e+02,5.589055802740500845e+00,1.098888202405298831e+00,1.261248037278830392e-01,1.966142835551001611e-01
7.310000000000000000e+02,5.574096403936942501e+00,1.316650630190930427e+00,1.745758089689099513e-01,2.362088013513705953e-01
7.320000000000000000e+02,5.482212713147937677e+00,1.105540214129029142e+00,1.249085709796495386e-01,2.016594889646698141e-01
7.330000000000000000e+02,5.424799476515506313e+00,1.195849040663244267e+00,1.315164471285716341e-01,2.204411510213774850e-01
7.340000000000000000e+02,5.345413283064412546e+00,1.114294202395607059e+00,1.534209461752642778e-01,2.084580075269326371e-01
7.350000000000000000e+02,5.227322123682900390e+00,1.177410561328478655e+00,1.911308061775531530e-01,2.252416310818312895e-01
7.360000000000000000e+02,5.098204751095818388e+00,1.219079751837119474e+00,2.349656711521280472e-01,2.391194177862487891e-01
7.370000000000000000e+02,5.015219829109153871e+00,1.202008850745666546e+00,1.121732360599949213e-01,2.396722161148372998e-01
7.380000000000000000e+02,4.974522297137020210e+00,1.082130433193502661e+00,8.834479709246387258e-02,2.175345427271076215e-01
7.390000000000000000e+02,4.920949577354336135e+00,1.129320188225789279e+00,1.050409037587860944e-01,2.294923307937954682e-01
7.400000000000000000e+02,4.818150437316694124e+00,1.290180320101157907e+00,1.512326044535767799e-01,2.677750180045603279e-01
7.410000000000000000e+02,4.780860150115768370e+00,1.000798085136258342e+00,1.265281248174395801e-01,2.093343151047880046e-01
7.420000000000000000e+02,4.735322830625998236e+00,1.063095279498669665e+00,8.672846257776561929e-02,2.245032318859094544e-01
7.430000000000000000e+02,4.658785666256839875e+00,1.018524389703378663e+00,7.114992441491248265e-02,2.186244362088726190e-01
7.440000000000000000e+02,4.635788238193951472e+00,1.095075477060702740e+00,1.244130310153462454e-01,2.362220664089978439e-01
7.450000000000000000e+02,4.613465948045139875e+00,1.083448704679238483e+00,9.259973633154228168e-02,2.348448469936853800e-01
7.460000000000000000e+02,4.571856703178720949e+00,1.070830641050948939e+00,9.659724410451220322e-02,2.342222669197881191e-01
7.470000000000000000e+02,4.491028750748523812e+00,9.892635475684183888e-01,8.060848207985625569e-02,2.202754875268916890e-01
7.480000000000000000e+02,4.457186893329312838e+00,1.315412888852331097e+00,1.345164721454796541e-01,2.951217708238790816e-01
7.490000000000000000e+02,4.344013962411348295e+00,1.096421212031061021e+00,1.272508045447849623e-01,2.523981786242788794e-01
7.500000000000000000e+02,4.259535901438486150e+00,1.261906696343146228e+00,1.600320616847671351e-01,2.962545041390514666e-01
