geometry_id,model,layer,representative_subject,representative_unit,representative_config,representative_cache,representative_xtransform,score_hash,split_hash,seed_hash,n_total,n_train,n_pcs,alias_count,site_keys
AlexNet_training_seed_01__.classifier.Conv2d0__c8a76de032,AlexNet_training_seed_01,.classifier.Conv2d0,leap_250426-250501,81,/n/holylabs/LABS/alvarez_lab/Everyone/Accentuate_VVS/accentuation_configs/leap_250426-250501/leap_250426-250501_AlexNet_training_seed_01_Ch81_accentuation_config.yaml,/n/holylabs/LABS/alvarez_lab/Lab/VVS_Accentuation/Encoding_models/leap_250426-250501/posthoc_model_predict_PCA_popul_unit/posthoc_prediction_NSDencimg_PCA_pop_unit_leap_250426-250501_unit81_AlexNet_training_seed_01.pkl,/n/holylabs/LABS/alvarez_lab/Everyone/Accentuate_VVS/Encoding_model_outputs/leap_250426-250501/leap_250426-250501_AlexNet_training_seed_01_Ch81_Xtfmer_.classifier.Conv2d0_pca750_RidgeCV_JITscript.pt,b329eb3173bb3535,7b6cbcd0c0a40cca,7be36c1d802686b3,969,774,750,1,leap_250426-250501:unit81
AlexNet_training_seed_01__.classifier.Conv2d3__01ba23216f,AlexNet_training_seed_01,.classifier.Conv2d3,leap_250426-250501,286,/n/holylabs/LABS/alvarez_lab/Everyone/Accentuate_VVS/accentuation_configs/leap_250426-250501/leap_250426-250501_AlexNet_training_seed_01_Ch286_accentuation_config.yaml,/n/holylabs/LABS/alvarez_lab/Lab/VVS_Accentuation/Encoding_models/leap_250426-250501/posthoc_model_predict_PCA_popul_unit/posthoc_prediction_NSDencimg_PCA_pop_unit_leap_250426-250501_unit286_AlexNet_training_seed_01.pkl,/n/holylabs/LABS/alvarez_lab/Everyone/Accentuate_VVS/Encoding_model_outputs/leap_250426-250501/leap_250426-250501_AlexNet_training_seed_01_Ch286_Xtfmer_.classifier.Conv2d3_pca750_RidgeCV_JITscript.pt,0627c4163cfe15b6,7b6cbcd0c0a40cca,7be36c1d802686b3,969,774,750,1,leap_250426-250501:unit286
AlexNet_training_seed_01__.classifier.Conv2d6__62eed7887c,AlexNet_training_seed_01,.classifier.Conv2d6,venus_250426-250429,355,/n/holylabs/LABS/alvarez_lab/Everyone/Accentuate_VVS/accentuation_configs/venus_250426-250429/venus_250426-250429_AlexNet_training_seed_01_Ch355_accentuation_config.yaml,/n/holylabs/LABS/alvarez_lab/Lab/VVS_Accentuation/Encoding_models/venus_250426-250429/posthoc_model_predict_PCA_popul_unit/posthoc_prediction_NSDencimg_PCA_pop_unit_venus_250426-250429_unit355_AlexNet_training_seed_01.pkl,/n/holylabs/LABS/alvarez_lab/Everyone/Accentuate_VVS/Encoding_model_outputs/venus_250426-250429/venus_250426-250429_AlexNet_training_seed_01_Ch355_Xtfmer_.classifier.Conv2d6_pca750_RidgeCV_JITscript.pt,9e0b45da7f99bbff,7b6cbcd0c0a40cca,7be36c1d802686b3,969,774,750,1,venus_250426-250429:unit355
AlexNet_training_seed_01__.classifier.ReLU1__7529efc757,AlexNet_training_seed_01,.classifier.ReLU1,leap_250426-250501,306,/n/holylabs/LABS/alvarez_lab/Everyone/Accentuate_VVS/accentuation_configs/leap_250426-250501/leap_250426-250501_AlexNet_training_seed_01_Ch306_accentuation_config.yaml,/n/holylabs/LABS/alvarez_lab/Lab/VVS_Accentuation/Encoding_models/leap_250426-250501/posthoc_model_predict_PCA_popul_unit/posthoc_prediction_NSDencimg_PCA_pop_unit_leap_250426-250501_unit306_AlexNet_training_seed_01.pkl,/n/holylabs/LABS/alvarez_lab/Everyone/Accentuate_VVS/Encoding_model_outputs/leap_250426-250501/leap_250426-250501_AlexNet_training_seed_01_Ch306_Xtfmer_.classifier.ReLU1_pca750_RidgeCV_JITscript.pt,9ce951a58fd04d61,7b6cbcd0c0a40cca,7be36c1d802686b3,969,774,750,1,leap_250426-250501:unit306
AlexNet_training_seed_01__.classifier.ReLU4__cae3b3f8a4,AlexNet_training_seed_01,.classifier.ReLU4,leap_250426-250501,282,/n/holylabs/LABS/alvarez_lab/Everyone/Accentuate_VVS/accentuation_configs/leap_250426-250501/leap_250426-250501_AlexNet_training_seed_01_Ch282_accentuation_config.yaml,/n/holylabs/LABS/alvarez_lab/Lab/VVS_Accentuation/Encoding_models/leap_250426-250501/posthoc_model_predict_PCA_popul_unit/posthoc_prediction_NSDencimg_PCA_pop_unit_leap_250426-250501_unit282_AlexNet_training_seed_01.pkl,/n/holylabs/LABS/alvarez_lab/Everyone/Accentuate_VVS/Encoding_model_outputs/leap_250426-250501/leap_250426-250501_AlexNet_training_seed_01_Ch282_Xtfmer_.classifier.ReLU4_pca750_RidgeCV_JITscript.pt,9ebe0631978a6f33,7b6cbcd0c0a40cca,7be36c1d802686b3,969,774,750,8,leap_250426-250501:unit282;paul_20250428-20250430:unit0;paul_20250428-20250430:unit40;paul_20250428-20250430:unit47;three0_250426-250501:unit56;three0_250426-250501:unit74;three0_250426-250501:unit120;three0_250426-250501:unit168
AlexNet_training_seed_01__.features.Conv2d3__284d428dfc,AlexNet_training_seed_01,.features.Conv2d3,paul_20250428-20250430,24,/n/holylabs/LABS/alvarez_lab/Everyone/Accentuate_VVS/accentuation_configs/paul_20250428-20250430/paul_20250428-20250430_AlexNet_training_seed_01_Ch24_accentuation_config.yaml,/n/holylabs/LABS/alvarez_lab/Lab/VVS_Accentuation/Encoding_models/paul_20250428-20250430/posthoc_model_predict_PCA_popul_unit/posthoc_prediction_NSDencimg_PCA_pop_unit_paul_20250428-20250430_unit24_AlexNet_training_seed_01.pkl,/n/holylabs/LABS/alvarez_lab/Everyone/Accentuate_VVS/Encoding_model_outputs/paul_20250428-20250430/paul_20250428-20250430_AlexNet_training_seed_01_Ch24_Xtfmer_.features.Conv2d3_pca750_RidgeCV_JITscript.pt,1828dcaf26b73c2d,7b6cbcd0c0a40cca,7be36c1d802686b3,969,774,750,1,paul_20250428-20250430:unit24
AlexNet_training_seed_01__.features.Conv2d8__cb25aef892,AlexNet_training_seed_01,.features.Conv2d8,venus_250426-250429,331,/n/holylabs/LABS/alvarez_lab/Everyone/Accentuate_VVS/accentuation_configs/venus_250426-250429/venus_250426-250429_AlexNet_training_seed_01_Ch331_accentuation_config.yaml,/n/holylabs/LABS/alvarez_lab/Lab/VVS_Accentuation/Encoding_models/venus_250426-250429/posthoc_model_predict_PCA_popul_unit/posthoc_prediction_NSDencimg_PCA_pop_unit_venus_250426-250429_unit331_AlexNet_training_seed_01.pkl,/n/holylabs/LABS/alvarez_lab/Everyone/Accentuate_VVS/Encoding_model_outputs/venus_250426-250429/venus_250426-250429_AlexNet_training_seed_01_Ch331_Xtfmer_.features.Conv2d8_pca750_RidgeCV_JITscript.pt,8d2d14c33f182c51,7b6cbcd0c0a40cca,7be36c1d802686b3,969,774,750,1,venus_250426-250429:unit331
AlexNet_training_seed_01__.features.MaxPool2d12__2c79becce3,AlexNet_training_seed_01,.features.MaxPool2d12,paul_20250428-20250430,8,/n/holylabs/LABS/alvarez_lab/Everyone/Accentuate_VVS/accentuation_configs/paul_20250428-20250430/paul_20250428-20250430_AlexNet_training_seed_01_Ch8_accentuation_config.yaml,/n/holylabs/LABS/alvarez_lab/Lab/VVS_Accentuation/Encoding_models/paul_20250428-20250430/posthoc_model_predict_PCA_popul_unit/posthoc_prediction_NSDencimg_PCA_pop_unit_paul_20250428-20250430_unit8_AlexNet_training_seed_01.pkl,/n/holylabs/LABS/alvarez_lab/Everyone/Accentuate_VVS/Encoding_model_outputs/paul_20250428-20250430/paul_20250428-20250430_AlexNet_training_seed_01_Ch08_Xtfmer_.features.MaxPool2d12_pca750_RidgeCV_JITscript.pt,8f843a1156591bed,7b6cbcd0c0a40cca,7be36c1d802686b3,969,774,750,4,paul_20250428-20250430:unit8;red_20250428-20250430:unit0;red_20250428-20250430:unit15;red_20250428-20250430:unit19
AlexNet_training_seed_01__.features.MaxPool2d5__58a88f90ea,AlexNet_training_seed_01,.features.MaxPool2d5,red_20250428-20250430,2,/n/holylabs/LABS/alvarez_lab/Everyone/Accentuate_VVS/accentuation_configs/red_20250428-20250430/red_20250428-20250430_AlexNet_training_seed_01_Ch2_accentuation_config.yaml,/n/holylabs/LABS/alvarez_lab/Lab/VVS_Accentuation/Encoding_models/red_20250428-20250430/posthoc_model_predict_PCA_popul_unit/posthoc_prediction_NSDencimg_PCA_pop_unit_red_20250428-20250430_unit2_AlexNet_training_seed_01.pkl,/n/holylabs/LABS/alvarez_lab/Everyone/Accentuate_VVS/Encoding_model_outputs/red_20250428-20250430/red_20250428-20250430_AlexNet_training_seed_01_Ch02_Xtfmer_.features.MaxPool2d5_pca750_RidgeCV_JITscript.pt,c56da27f74a5f1e0,7b6cbcd0c0a40cca,7be36c1d802686b3,969,774,750,2,red_20250428-20250430:unit2;three0_250426-250501:unit204
AlexNet_training_seed_01__.features.ReLU11__4ac23bb22a,AlexNet_training_seed_01,.features.ReLU11,leap_250426-250501,342,/n/holylabs/LABS/alvarez_lab/Everyone/Accentuate_VVS/accentuation_configs/leap_250426-250501/leap_250426-250501_AlexNet_training_seed_01_Ch342_accentuation_config.yaml,/n/holylabs/LABS/alvarez_lab/Lab/VVS_Accentuation/Encoding_models/leap_250426-250501/posthoc_model_predict_PCA_popul_unit/posthoc_prediction_NSDencimg_PCA_pop_unit_leap_250426-250501_unit342_AlexNet_training_seed_01.pkl,/n/holylabs/LABS/alvarez_lab/Everyone/Accentuate_VVS/Encoding_model_outputs/leap_250426-250501/leap_250426-250501_AlexNet_training_seed_01_Ch342_Xtfmer_.features.ReLU11_pca750_RidgeCV_JITscript.pt,fa2bc0ed331e1510,7b6cbcd0c0a40cca,7be36c1d802686b3,969,774,750,2,leap_250426-250501:unit342;red_20250428-20250430:unit9
AlexNet_training_seed_01__.features.ReLU7__e1a249c099,AlexNet_training_seed_01,.features.ReLU7,venus_250426-250429,9,/n/holylabs/LABS/alvarez_lab/Everyone/Accentuate_VVS/accentuation_configs/venus_250426-250429/venus_250426-250429_AlexNet_training_seed_01_Ch9_accentuation_config.yaml,/n/holylabs/LABS/alvarez_lab/Lab/VVS_Accentuation/Encoding_models/venus_250426-250429/posthoc_model_predict_PCA_popul_unit/posthoc_prediction_NSDencimg_PCA_pop_unit_venus_250426-250429_unit9_AlexNet_training_seed_01.pkl,/n/holylabs/LABS/alvarez_lab/Everyone/Accentuate_VVS/Encoding_model_outputs/venus_250426-250429/venus_250426-250429_AlexNet_training_seed_01_Ch09_Xtfmer_.features.ReLU7_pca750_RidgeCV_JITscript.pt,536f4ec119c2ecb6,7b6cbcd0c0a40cca,7be36c1d802686b3,969,774,750,3,venus_250426-250429:unit9;venus_250426-250429:unit79;venus_250426-250429:unit151
clipag_vitb32__.transformer.resblocks.ResidualAttentionBlock3__cf2779a9b2,clipag_vitb32,.transformer.resblocks.ResidualAttentionBlock3,leap_250426-250501,286,/n/holylabs/LABS/alvarez_lab/Everyone/Accentuate_VVS/accentuation_configs/leap_250426-250501/leap_250426-250501_clipag_vitb32_Ch286_accentuation_config.yaml,/n/holylabs/LABS/alvarez_lab/Lab/VVS_Accentuation/Encoding_models/leap_250426-250501/posthoc_model_predict_PCA_popul_unit/posthoc_prediction_NSDencimg_PCA_pop_unit_leap_250426-250501_unit286_clipag_vitb32.pkl,/n/holylabs/LABS/alvarez_lab/Everyone/Accentuate_VVS/Encoding_model_outputs/leap_250426-250501/leap_250426-250501_clipag_vitb32_Ch286_Xtfmer_.transformer.resblocks.ResidualAttentionBlock3_pca750_RidgeCV_JITscript.pt,f2e71685a864040a,7b6cbcd0c0a40cca,7be36c1d802686b3,969,774,750,1,leap_250426-250501:unit286
clipag_vitb32__.transformer.resblocks.ResidualAttentionBlock4__27100964f3,clipag_vitb32,.transformer.resblocks.ResidualAttentionBlock4,leap_250426-250501,306,/n/holylabs/LABS/alvarez_lab/Everyone/Accentuate_VVS/accentuation_configs/leap_250426-250501/leap_250426-250501_clipag_vitb32_Ch306_accentuation_config.yaml,/n/holylabs/LABS/alvarez_lab/Lab/VVS_Accentuation/Encoding_models/leap_250426-250501/posthoc_model_predict_PCA_popul_unit/posthoc_prediction_NSDencimg_PCA_pop_unit_leap_250426-250501_unit306_clipag_vitb32.pkl,/n/holylabs/LABS/alvarez_lab/Everyone/Accentuate_VVS/Encoding_model_outputs/leap_250426-250501/leap_250426-250501_clipag_vitb32_Ch306_Xtfmer_.transformer.resblocks.ResidualAttentionBlock4_pca750_RidgeCV_JITscript.pt,3a483a5b5ab6fa1a,7b6cbcd0c0a40cca,7be36c1d802686b3,969,774,750,3,leap_250426-250501:unit306;three0_250426-250501:unit56;venus_250426-250429:unit151
clipag_vitb32__.transformer.resblocks.ResidualAttentionBlock5__04d09ff54c,clipag_vitb32,.transformer.resblocks.ResidualAttentionBlock5,leap_250426-250501,282,/n/holylabs/LABS/alvarez_lab/Everyone/Accentuate_VVS/accentuation_configs/leap_250426-250501/leap_250426-250501_clipag_vitb32_Ch282_accentuation_config.yaml,/n/holylabs/LABS/alvarez_lab/Lab/VVS_Accentuation/Encoding_models/leap_250426-250501/posthoc_model_predict_PCA_popul_unit/posthoc_prediction_NSDencimg_PCA_pop_unit_leap_250426-250501_unit282_clipag_vitb32.pkl,/n/holylabs/LABS/alvarez_lab/Everyone/Accentuate_VVS/Encoding_model_outputs/leap_250426-250501/leap_250426-250501_clipag_vitb32_Ch282_Xtfmer_.transformer.resblocks.ResidualAttentionBlock5_pca750_RidgeCV_JITscript.pt,353bc06eb7de1e1a,7b6cbcd0c0a40cca,7be36c1d802686b3,969,774,750,4,leap_250426-250501:unit282;leap_250426-250501:unit342;three0_250426-250501:unit168;venus_250426-250429:unit79
clipag_vitb32__.transformer.resblocks.ResidualAttentionBlock6__19cafa0e72,clipag_vitb32,.transformer.resblocks.ResidualAttentionBlock6,leap_250426-250501,81,/n/holylabs/LABS/alvarez_lab/Everyone/Accentuate_VVS/accentuation_configs/leap_250426-250501/leap_250426-250501_clipag_vitb32_Ch81_accentuation_config.yaml,/n/holylabs/LABS/alvarez_lab/Lab/VVS_Accentuation/Encoding_models/leap_250426-250501/posthoc_model_predict_PCA_popul_unit/posthoc_prediction_NSDencimg_PCA_pop_unit_leap_250426-250501_unit81_clipag_vitb32.pkl,/n/holylabs/LABS/alvarez_lab/Everyone/Accentuate_VVS/Encoding_model_outputs/leap_250426-250501/leap_250426-250501_clipag_vitb32_Ch81_Xtfmer_.transformer.resblocks.ResidualAttentionBlock6_pca750_RidgeCV_JITscript.pt,61e6e2e2aade3b01,7b6cbcd0c0a40cca,7be36c1d802686b3,969,774,750,7,leap_250426-250501:unit81;paul_20250428-20250430:unit40;red_20250428-20250430:unit15;three0_250426-250501:unit74;three0_250426-250501:unit204;venus_250426-250429:unit331;venus_250426-250429:unit355
clipag_vitb32__.transformer.resblocks.ResidualAttentionBlock7__1d34838b86,clipag_vitb32,.transformer.resblocks.ResidualAttentionBlock7,paul_20250428-20250430,0,/n/holylabs/LABS/alvarez_lab/Everyone/Accentuate_VVS/accentuation_configs/paul_20250428-20250430/paul_20250428-20250430_clipag_vitb32_Ch0_accentuation_config.yaml,/n/holylabs/LABS/alvarez_lab/Lab/VVS_Accentuation/Encoding_models/paul_20250428-20250430/posthoc_model_predict_PCA_popul_unit/posthoc_prediction_NSDencimg_PCA_pop_unit_paul_20250428-20250430_unit0_clipag_vitb32.pkl,/n/holylabs/LABS/alvarez_lab/Everyone/Accentuate_VVS/Encoding_model_outputs/paul_20250428-20250430/paul_20250428-20250430_clipag_vitb32_Ch00_Xtfmer_.transformer.resblocks.ResidualAttentionBlock7_pca750_RidgeCV_JITscript.pt,36fc3d21ccef2ce1,7b6cbcd0c0a40cca,7be36c1d802686b3,969,774,750,1,paul_20250428-20250430:unit0
clipag_vitb32__.transformer.resblocks.ResidualAttentionBlock8__a5217d79b5,clipag_vitb32,.transformer.resblocks.ResidualAttentionBlock8,paul_20250428-20250430,24,/n/holylabs/LABS/alvarez_lab/Everyone/Accentuate_VVS/accentuation_configs/paul_20250428-20250430/paul_20250428-20250430_clipag_vitb32_Ch24_accentuation_config.yaml,/n/holylabs/LABS/alvarez_lab/Lab/VVS_Accentuation/Encoding_models/paul_20250428-20250430/posthoc_model_predict_PCA_popul_unit/posthoc_prediction_NSDencimg_PCA_pop_unit_paul_20250428-20250430_unit24_clipag_vitb32.pkl,/n/holylabs/LABS/alvarez_lab/Everyone/Accentuate_VVS/Encoding_model_outputs/paul_20250428-20250430/paul_20250428-20250430_clipag_vitb32_Ch24_Xtfmer_.transformer.resblocks.ResidualAttentionBlock8_pca750_RidgeCV_JITscript.pt,6d3e636216696ab9,7b6cbcd0c0a40cca,7be36c1d802686b3,969,774,750,7,paul_20250428-20250430:unit24;paul_20250428-20250430:unit47;red_20250428-20250430:unit0;red_20250428-20250430:unit2;red_20250428-20250430:unit9;three0_250426-250501:unit120;venus_250426-250429:unit9
clipag_vitb32__.transformer.resblocks.ResidualAttentionBlock9__1f6592ce9a,clipag_vitb32,.transformer.resblocks.ResidualAttentionBlock9,paul_20250428-20250430,8,/n/holylabs/LABS/alvarez_lab/Everyone/Accentuate_VVS/accentuation_configs/paul_20250428-20250430/paul_20250428-20250430_clipag_vitb32_Ch8_accentuation_config.yaml,/n/holylabs/LABS/alvarez_lab/Lab/VVS_Accentuation/Encoding_models/paul_20250428-20250430/posthoc_model_predict_PCA_popul_unit/posthoc_prediction_NSDencimg_PCA_pop_unit_paul_20250428-20250430_unit8_clipag_vitb32.pkl,/n/holylabs/LABS/alvarez_lab/Everyone/Accentuate_VVS/Encoding_model_outputs/paul_20250428-20250430/paul_20250428-20250430_clipag_vitb32_Ch08_Xtfmer_.transformer.resblocks.ResidualAttentionBlock9_pca750_RidgeCV_JITscript.pt,c5252e32eb552e0b,7b6cbcd0c0a40cca,7be36c1d802686b3,969,774,750,2,paul_20250428-20250430:unit8;red_20250428-20250430:unit19
dinov2_vitb14_reg__.blocks.NestedTensorBlock10__af4119c32e,dinov2_vitb14_reg,.blocks.NestedTensorBlock10,red_20250428-20250430,2,/n/holylabs/LABS/alvarez_lab/Everyone/Accentuate_VVS/accentuation_configs/red_20250428-20250430/red_20250428-20250430_dinov2_vitb14_reg_Ch2_accentuation_config.yaml,/n/holylabs/LABS/alvarez_lab/Lab/VVS_Accentuation/Encoding_models/red_20250428-20250430/posthoc_model_predict_PCA_popul_unit/posthoc_prediction_NSDencimg_PCA_pop_unit_red_20250428-20250430_unit2_dinov2_vitb14_reg.pkl,/n/holylabs/LABS/alvarez_lab/Everyone/Accentuate_VVS/Encoding_model_outputs/red_20250428-20250430/red_20250428-20250430_dinov2_vitb14_reg_Ch02_Xtfmer_.blocks.NestedTensorBlock10_pca750_RidgeCV_JITscript.pt,3b52380f5ab52860,7b6cbcd0c0a40cca,7be36c1d802686b3,969,774,750,1,red_20250428-20250430:unit2
dinov2_vitb14_reg__.blocks.NestedTensorBlock11__c5a93709b9,dinov2_vitb14_reg,.blocks.NestedTensorBlock11,paul_20250428-20250430,0,/n/holylabs/LABS/alvarez_lab/Everyone/Accentuate_VVS/accentuation_configs/paul_20250428-20250430/paul_20250428-20250430_dinov2_vitb14_reg_Ch0_accentuation_config.yaml,/n/holylabs/LABS/alvarez_lab/Lab/VVS_Accentuation/Encoding_models/paul_20250428-20250430/posthoc_model_predict_PCA_popul_unit/posthoc_prediction_NSDencimg_PCA_pop_unit_paul_20250428-20250430_unit0_dinov2_vitb14_reg.pkl,/n/holylabs/LABS/alvarez_lab/Everyone/Accentuate_VVS/Encoding_model_outputs/paul_20250428-20250430/paul_20250428-20250430_dinov2_vitb14_reg_Ch00_Xtfmer_.blocks.NestedTensorBlock11_pca750_RidgeCV_JITscript.pt,e798b9c7c85968ae,7b6cbcd0c0a40cca,7be36c1d802686b3,969,774,750,3,paul_20250428-20250430:unit0;red_20250428-20250430:unit9;red_20250428-20250430:unit19
dinov2_vitb14_reg__.blocks.NestedTensorBlock3__8a7507e2d4,dinov2_vitb14_reg,.blocks.NestedTensorBlock3,three0_250426-250501,74,/n/holylabs/LABS/alvarez_lab/Everyone/Accentuate_VVS/accentuation_configs/three0_250426-250501/three0_250426-250501_dinov2_vitb14_reg_Ch74_accentuation_config.yaml,/n/holylabs/LABS/alvarez_lab/Lab/VVS_Accentuation/Encoding_models/three0_250426-250501/posthoc_model_predict_PCA_popul_unit/posthoc_prediction_NSDencimg_PCA_pop_unit_three0_250426-250501_unit74_dinov2_vitb14_reg.pkl,/n/holylabs/LABS/alvarez_lab/Everyone/Accentuate_VVS/Encoding_model_outputs/three0_250426-250501/three0_250426-250501_dinov2_vitb14_reg_Ch74_Xtfmer_.blocks.NestedTensorBlock3_pca750_RidgeCV_JITscript.pt,5461b2004eb59018,7b6cbcd0c0a40cca,7be36c1d802686b3,969,774,750,1,three0_250426-250501:unit74
dinov2_vitb14_reg__.blocks.NestedTensorBlock4__be0babf541,dinov2_vitb14_reg,.blocks.NestedTensorBlock4,leap_250426-250501,282,/n/holylabs/LABS/alvarez_lab/Everyone/Accentuate_VVS/accentuation_configs/leap_250426-250501/leap_250426-250501_dinov2_vitb14_reg_Ch282_accentuation_config.yaml,/n/holylabs/LABS/alvarez_lab/Lab/VVS_Accentuation/Encoding_models/leap_250426-250501/posthoc_model_predict_PCA_popul_unit/posthoc_prediction_NSDencimg_PCA_pop_unit_leap_250426-250501_unit282_dinov2_vitb14_reg.pkl,/n/holylabs/LABS/alvarez_lab/Everyone/Accentuate_VVS/Encoding_model_outputs/leap_250426-250501/leap_250426-250501_dinov2_vitb14_reg_Ch282_Xtfmer_.blocks.NestedTensorBlock4_pca750_RidgeCV_JITscript.pt,96a38399851f7335,7b6cbcd0c0a40cca,7be36c1d802686b3,969,774,750,4,leap_250426-250501:unit282;leap_250426-250501:unit286;leap_250426-250501:unit342;three0_250426-250501:unit204
dinov2_vitb14_reg__.blocks.NestedTensorBlock5__a606b55b61,dinov2_vitb14_reg,.blocks.NestedTensorBlock5,leap_250426-250501,81,/n/holylabs/LABS/alvarez_lab/Everyone/Accentuate_VVS/accentuation_configs/leap_250426-250501/leap_250426-250501_dinov2_vitb14_reg_Ch81_accentuation_config.yaml,/n/holylabs/LABS/alvarez_lab/Lab/VVS_Accentuation/Encoding_models/leap_250426-250501/posthoc_model_predict_PCA_popul_unit/posthoc_prediction_NSDencimg_PCA_pop_unit_leap_250426-250501_unit81_dinov2_vitb14_reg.pkl,/n/holylabs/LABS/alvarez_lab/Everyone/Accentuate_VVS/Encoding_model_outputs/leap_250426-250501/leap_250426-250501_dinov2_vitb14_reg_Ch81_Xtfmer_.blocks.NestedTensorBlock5_pca750_RidgeCV_JITscript.pt,e1be4b79aa24b22f,7b6cbcd0c0a40cca,7be36c1d802686b3,969,774,750,7,leap_250426-250501:unit81;leap_250426-250501:unit306;paul_20250428-20250430:unit8;venus_250426-250429:unit79;venus_250426-250429:unit151;venus_250426-250429:unit331;venus_250426-250429:unit355
dinov2_vitb14_reg__.blocks.NestedTensorBlock6__9baac9e265,dinov2_vitb14_reg,.blocks.NestedTensorBlock6,three0_250426-250501,56,/n/holylabs/LABS/alvarez_lab/Everyone/Accentuate_VVS/accentuation_configs/three0_250426-250501/three0_250426-250501_dinov2_vitb14_reg_Ch56_accentuation_config.yaml,/n/holylabs/LABS/alvarez_lab/Lab/VVS_Accentuation/Encoding_models/three0_250426-250501/posthoc_model_predict_PCA_popul_unit/posthoc_prediction_NSDencimg_PCA_pop_unit_three0_250426-250501_unit56_dinov2_vitb14_reg.pkl,/n/holylabs/LABS/alvarez_lab/Everyone/Accentuate_VVS/Encoding_model_outputs/three0_250426-250501/three0_250426-250501_dinov2_vitb14_reg_Ch56_Xtfmer_.blocks.NestedTensorBlock6_pca750_RidgeCV_JITscript.pt,b3ef9b0a5bc9e5e6,7b6cbcd0c0a40cca,7be36c1d802686b3,969,774,750,1,three0_250426-250501:unit56
dinov2_vitb14_reg__.blocks.NestedTensorBlock7__7cad87db8b,dinov2_vitb14_reg,.blocks.NestedTensorBlock7,paul_20250428-20250430,24,/n/holylabs/LABS/alvarez_lab/Everyone/Accentuate_VVS/accentuation_configs/paul_20250428-20250430/paul_20250428-20250430_dinov2_vitb14_reg_Ch24_accentuation_config.yaml,/n/holylabs/LABS/alvarez_lab/Lab/VVS_Accentuation/Encoding_models/paul_20250428-20250430/posthoc_model_predict_PCA_popul_unit/posthoc_prediction_NSDencimg_PCA_pop_unit_paul_20250428-20250430_unit24_dinov2_vitb14_reg.pkl,/n/holylabs/LABS/alvarez_lab/Everyone/Accentuate_VVS/Encoding_model_outputs/paul_20250428-20250430/paul_20250428-20250430_dinov2_vitb14_reg_Ch24_Xtfmer_.blocks.NestedTensorBlock7_pca750_RidgeCV_JITscript.pt,34216c6849dc7f70,7b6cbcd0c0a40cca,7be36c1d802686b3,969,774,750,4,paul_20250428-20250430:unit24;three0_250426-250501:unit120;three0_250426-250501:unit168;venus_250426-250429:unit9
dinov2_vitb14_reg__.blocks.NestedTensorBlock8__e3621f7acb,dinov2_vitb14_reg,.blocks.NestedTensorBlock8,red_20250428-20250430,0,/n/holylabs/LABS/alvarez_lab/Everyone/Accentuate_VVS/accentuation_configs/red_20250428-20250430/red_20250428-20250430_dinov2_vitb14_reg_Ch0_accentuation_config.yaml,/n/holylabs/LABS/alvarez_lab/Lab/VVS_Accentuation/Encoding_models/red_20250428-20250430/posthoc_model_predict_PCA_popul_unit/posthoc_prediction_NSDencimg_PCA_pop_unit_red_20250428-20250430_unit0_dinov2_vitb14_reg.pkl,/n/holylabs/LABS/alvarez_lab/Everyone/Accentuate_VVS/Encoding_model_outputs/red_20250428-20250430/red_20250428-20250430_dinov2_vitb14_reg_Ch00_Xtfmer_.blocks.NestedTensorBlock8_pca750_RidgeCV_JITscript.pt,6194b083e4f3065d,7b6cbcd0c0a40cca,7be36c1d802686b3,969,774,750,2,red_20250428-20250430:unit0;red_20250428-20250430:unit15
dinov2_vitb14_reg__.blocks.NestedTensorBlock9__d45a968c54,dinov2_vitb14_reg,.blocks.NestedTensorBlock9,paul_20250428-20250430,40,/n/holylabs/LABS/alvarez_lab/Everyone/Accentuate_VVS/accentuation_configs/paul_20250428-20250430/paul_20250428-20250430_dinov2_vitb14_reg_Ch40_accentuation_config.yaml,/n/holylabs/LABS/alvarez_lab/Lab/VVS_Accentuation/Encoding_models/paul_20250428-20250430/posthoc_model_predict_PCA_popul_unit/posthoc_prediction_NSDencimg_PCA_pop_unit_paul_20250428-20250430_unit40_dinov2_vitb14_reg.pkl,/n/holylabs/LABS/alvarez_lab/Everyone/Accentuate_VVS/Encoding_model_outputs/paul_20250428-20250430/paul_20250428-20250430_dinov2_vitb14_reg_Ch40_Xtfmer_.blocks.NestedTensorBlock9_pca750_RidgeCV_JITscript.pt,2612bcd80edab88b,7b6cbcd0c0a40cca,7be36c1d802686b3,969,774,750,2,paul_20250428-20250430:unit40;paul_20250428-20250430:unit47
radio_v2.5-b__.model.blocks.Block10__2a39fcd583,radio_v2.5-b,.model.blocks.Block10,paul_20250428-20250430,0,/n/holylabs/LABS/alvarez_lab/Everyone/Accentuate_VVS/accentuation_configs/paul_20250428-20250430/paul_20250428-20250430_radio_v2.5-b_Ch0_accentuation_config.yaml,/n/holylabs/LABS/alvarez_lab/Lab/VVS_Accentuation/Encoding_models/paul_20250428-20250430/posthoc_model_predict_PCA_popul_unit/posthoc_prediction_NSDencimg_PCA_pop_unit_paul_20250428-20250430_unit0_radio_v2.5-b.pkl,/n/holylabs/LABS/alvarez_lab/Everyone/Accentuate_VVS/Encoding_model_outputs/paul_20250428-20250430/paul_20250428-20250430_radio_v2.5-b_Ch00_Xtfmer_.model.blocks.Block10_pca750_RidgeCV_JITscript.pt,4a220aa3a55cb09c,7b6cbcd0c0a40cca,7be36c1d802686b3,969,774,750,8,paul_20250428-20250430:unit0;paul_20250428-20250430:unit40;paul_20250428-20250430:unit47;red_20250428-20250430:unit0;red_20250428-20250430:unit9;red_20250428-20250430:unit15;red_20250428-20250430:unit19;venus_250426-250429:unit9
radio_v2.5-b__.model.blocks.Block11__5129994521,radio_v2.5-b,.model.blocks.Block11,paul_20250428-20250430,8,/n/holylabs/LABS/alvarez_lab/Everyone/Accentuate_VVS/accentuation_configs/paul_20250428-20250430/paul_20250428-20250430_radio_v2.5-b_Ch8_accentuation_config.yaml,/n/holylabs/LABS/alvarez_lab/Lab/VVS_Accentuation/Encoding_models/paul_20250428-20250430/posthoc_model_predict_PCA_popul_unit/posthoc_prediction_NSDencimg_PCA_pop_unit_paul_20250428-20250430_unit8_radio_v2.5-b.pkl,/n/holylabs/LABS/alvarez_lab/Everyone/Accentuate_VVS/Encoding_model_outputs/paul_20250428-20250430/paul_20250428-20250430_radio_v2.5-b_Ch08_Xtfmer_.model.blocks.Block11_pca750_RidgeCV_JITscript.pt,f32f0f37bddb8666,7b6cbcd0c0a40cca,7be36c1d802686b3,969,774,750,4,paul_20250428-20250430:unit8;paul_20250428-20250430:unit24;red_20250428-20250430:unit2;three0_250426-250501:unit120
radio_v2.5-b__.model.blocks.Block2__a987243f1d,radio_v2.5-b,.model.blocks.Block2,three0_250426-250501,56,/n/holylabs/LABS/alvarez_lab/Everyone/Accentuate_VVS/accentuation_configs/three0_250426-250501/three0_250426-250501_radio_v2.5-b_Ch56_accentuation_config.yaml,/n/holylabs/LABS/alvarez_lab/Lab/VVS_Accentuation/Encoding_models/three0_250426-250501/posthoc_model_predict_PCA_popul_unit/posthoc_prediction_NSDencimg_PCA_pop_unit_three0_250426-250501_unit56_radio_v2.5-b.pkl,/n/holylabs/LABS/alvarez_lab/Everyone/Accentuate_VVS/Encoding_model_outputs/three0_250426-250501/three0_250426-250501_radio_v2.5-b_Ch56_Xtfmer_.model.blocks.Block2_pca750_RidgeCV_JITscript.pt,c899e579f10d29ad,7b6cbcd0c0a40cca,7be36c1d802686b3,969,774,750,2,three0_250426-250501:unit56;three0_250426-250501:unit204
radio_v2.5-b__.model.blocks.Block3__b2160b13a5,radio_v2.5-b,.model.blocks.Block3,leap_250426-250501,282,/n/holylabs/LABS/alvarez_lab/Everyone/Accentuate_VVS/accentuation_configs/leap_250426-250501/leap_250426-250501_radio_v2.5-b_Ch282_accentuation_config.yaml,/n/holylabs/LABS/alvarez_lab/Lab/VVS_Accentuation/Encoding_models/leap_250426-250501/posthoc_model_predict_PCA_popul_unit/posthoc_prediction_NSDencimg_PCA_pop_unit_leap_250426-250501_unit282_radio_v2.5-b.pkl,/n/holylabs/LABS/alvarez_lab/Everyone/Accentuate_VVS/Encoding_model_outputs/leap_250426-250501/leap_250426-250501_radio_v2.5-b_Ch282_Xtfmer_.model.blocks.Block3_pca750_RidgeCV_JITscript.pt,65789172f551c078,7b6cbcd0c0a40cca,7be36c1d802686b3,969,774,750,2,leap_250426-250501:unit282;leap_250426-250501:unit286
radio_v2.5-b__.model.blocks.Block4__fc63cb6d0a,radio_v2.5-b,.model.blocks.Block4,venus_250426-250429,151,/n/holylabs/LABS/alvarez_lab/Everyone/Accentuate_VVS/accentuation_configs/venus_250426-250429/venus_250426-250429_radio_v2.5-b_Ch151_accentuation_config.yaml,/n/holylabs/LABS/alvarez_lab/Lab/VVS_Accentuation/Encoding_models/venus_250426-250429/posthoc_model_predict_PCA_popul_unit/posthoc_prediction_NSDencimg_PCA_pop_unit_venus_250426-250429_unit151_radio_v2.5-b.pkl,/n/holylabs/LABS/alvarez_lab/Everyone/Accentuate_VVS/Encoding_model_outputs/venus_250426-250429/venus_250426-250429_radio_v2.5-b_Ch151_Xtfmer_.model.blocks.Block4_pca750_RidgeCV_JITscript.pt,79e72e2fdbaec1bc,7b6cbcd0c0a40cca,7be36c1d802686b3,969,774,750,1,venus_250426-250429:unit151
radio_v2.5-b__.model.blocks.Block5__9fe153bdbd,radio_v2.5-b,.model.blocks.Block5,leap_250426-250501,81,/n/holylabs/LABS/alvarez_lab/Everyone/Accentuate_VVS/accentuation_configs/leap_250426-250501/leap_250426-250501_radio_v2.5-b_Ch81_accentuation_config.yaml,/n/holylabs/LABS/alvarez_lab/Lab/VVS_Accentuation/Encoding_models/leap_250426-250501/posthoc_model_predict_PCA_popul_unit/posthoc_prediction_NSDencimg_PCA_pop_unit_leap_250426-250501_unit81_radio_v2.5-b.pkl,/n/holylabs/LABS/alvarez_lab/Everyone/Accentuate_VVS/Encoding_model_outputs/leap_250426-250501/leap_250426-250501_radio_v2.5-b_Ch81_Xtfmer_.model.blocks.Block5_pca750_RidgeCV_JITscript.pt,470e43e9ba864539,7b6cbcd0c0a40cca,7be36c1d802686b3,969,774,750,4,leap_250426-250501:unit81;leap_250426-250501:unit306;leap_250426-250501:unit342;venus_250426-250429:unit331
radio_v2.5-b__.model.blocks.Block6__acc444f483,radio_v2.5-b,.model.blocks.Block6,venus_250426-250429,355,/n/holylabs/LABS/alvarez_lab/Everyone/Accentuate_VVS/accentuation_configs/venus_250426-250429/venus_250426-250429_radio_v2.5-b_Ch355_accentuation_config.yaml,/n/holylabs/LABS/alvarez_lab/Lab/VVS_Accentuation/Encoding_models/venus_250426-250429/posthoc_model_predict_PCA_popul_unit/posthoc_prediction_NSDencimg_PCA_pop_unit_venus_250426-250429_unit355_radio_v2.5-b.pkl,/n/holylabs/LABS/alvarez_lab/Everyone/Accentuate_VVS/Encoding_model_outputs/venus_250426-250429/venus_250426-250429_radio_v2.5-b_Ch355_Xtfmer_.model.blocks.Block6_pca750_RidgeCV_JITscript.pt,234aabb76c34aeeb,7b6cbcd0c0a40cca,7be36c1d802686b3,969,774,750,1,venus_250426-250429:unit355
radio_v2.5-b__.model.blocks.Block7__17d2e7ce44,radio_v2.5-b,.model.blocks.Block7,three0_250426-250501,74,/n/holylabs/LABS/alvarez_lab/Everyone/Accentuate_VVS/accentuation_configs/three0_250426-250501/three0_250426-250501_radio_v2.5-b_Ch74_accentuation_config.yaml,/n/holylabs/LABS/alvarez_lab/Lab/VVS_Accentuation/Encoding_models/three0_250426-250501/posthoc_model_predict_PCA_popul_unit/posthoc_prediction_NSDencimg_PCA_pop_unit_three0_250426-250501_unit74_radio_v2.5-b.pkl,/n/holylabs/LABS/alvarez_lab/Everyone/Accentuate_VVS/Encoding_model_outputs/three0_250426-250501/three0_250426-250501_radio_v2.5-b_Ch74_Xtfmer_.model.blocks.Block7_pca750_RidgeCV_JITscript.pt,e8b99c95295da5ba,7b6cbcd0c0a40cca,7be36c1d802686b3,969,774,750,3,three0_250426-250501:unit74;three0_250426-250501:unit168;venus_250426-250429:unit79
regnety_640__.s3.Bottleneckb11__c1599550b0,regnety_640,.s3.Bottleneckb11,three0_250426-250501,120,/n/holylabs/LABS/alvarez_lab/Everyone/Accentuate_VVS/accentuation_configs/three0_250426-250501/three0_250426-250501_regnety_640_Ch120_accentuation_config.yaml,/n/holylabs/LABS/alvarez_lab/Lab/VVS_Accentuation/Encoding_models/three0_250426-250501/posthoc_model_predict_PCA_popul_unit/posthoc_prediction_NSDencimg_PCA_pop_unit_three0_250426-250501_unit120_regnety_640.pkl,/n/holylabs/LABS/alvarez_lab/Everyone/Accentuate_VVS/Encoding_model_outputs/three0_250426-250501/three0_250426-250501_regnety_640_Ch120_Xtfmer_.s3.Bottleneckb11_pca750_RidgeCV_JITscript.pt,57d30662ab9c2ef8,7b6cbcd0c0a40cca,7be36c1d802686b3,969,774,750,1,three0_250426-250501:unit120
regnety_640__.s3.Bottleneckb1__b8e9169f5d,regnety_640,.s3.Bottleneckb1,leap_250426-250501,342,/n/holylabs/LABS/alvarez_lab/Everyone/Accentuate_VVS/accentuation_configs/leap_250426-250501/leap_250426-250501_regnety_640_Ch342_accentuation_config.yaml,/n/holylabs/LABS/alvarez_lab/Lab/VVS_Accentuation/Encoding_models/leap_250426-250501/posthoc_model_predict_PCA_popul_unit/posthoc_prediction_NSDencimg_PCA_pop_unit_leap_250426-250501_unit342_regnety_640.pkl,/n/holylabs/LABS/alvarez_lab/Everyone/Accentuate_VVS/Encoding_model_outputs/leap_250426-250501/leap_250426-250501_regnety_640_Ch342_Xtfmer_.s3.Bottleneckb1_pca750_RidgeCV_JITscript.pt,504a3f6117a25a67,7b6cbcd0c0a40cca,7be36c1d802686b3,969,774,750,2,leap_250426-250501:unit342;three0_250426-250501:unit56
regnety_640__.s3.Bottleneckb3__dec3b30327,regnety_640,.s3.Bottleneckb3,leap_250426-250501,81,/n/holylabs/LABS/alvarez_lab/Everyone/Accentuate_VVS/accentuation_configs/leap_250426-250501/leap_250426-250501_regnety_640_Ch81_accentuation_config.yaml,/n/holylabs/LABS/alvarez_lab/Lab/VVS_Accentuation/Encoding_models/leap_250426-250501/posthoc_model_predict_PCA_popul_unit/posthoc_prediction_NSDencimg_PCA_pop_unit_leap_250426-250501_unit81_regnety_640.pkl,/n/holylabs/LABS/alvarez_lab/Everyone/Accentuate_VVS/Encoding_model_outputs/leap_250426-250501/leap_250426-250501_regnety_640_Ch81_Xtfmer_.s3.Bottleneckb3_pca750_RidgeCV_JITscript.pt,eeeef688fe9c6d09,7b6cbcd0c0a40cca,7be36c1d802686b3,969,774,750,4,leap_250426-250501:unit81;three0_250426-250501:unit204;venus_250426-250429:unit9;venus_250426-250429:unit331
regnety_640__.s3.Bottleneckb4__a67179bc31,regnety_640,.s3.Bottleneckb4,leap_250426-250501,306,/n/holylabs/LABS/alvarez_lab/Everyone/Accentuate_VVS/accentuation_configs/leap_250426-250501/leap_250426-250501_regnety_640_Ch306_accentuation_config.yaml,/n/holylabs/LABS/alvarez_lab/Lab/VVS_Accentuation/Encoding_models/leap_250426-250501/posthoc_model_predict_PCA_popul_unit/posthoc_prediction_NSDencimg_PCA_pop_unit_leap_250426-250501_unit306_regnety_640.pkl,/n/holylabs/LABS/alvarez_lab/Everyone/Accentuate_VVS/Encoding_model_outputs/leap_250426-250501/leap_250426-250501_regnety_640_Ch306_Xtfmer_.s3.Bottleneckb4_pca750_RidgeCV_JITscript.pt,905bc4201c5a359c,7b6cbcd0c0a40cca,7be36c1d802686b3,969,774,750,2,leap_250426-250501:unit306;three0_250426-250501:unit74
regnety_640__.s3.Bottleneckb5__00b2e5825d,regnety_640,.s3.Bottleneckb5,leap_250426-250501,282,/n/holylabs/LABS/alvarez_lab/Everyone/Accentuate_VVS/accentuation_configs/leap_250426-250501/leap_250426-250501_regnety_640_Ch282_accentuation_config.yaml,/n/holylabs/LABS/alvarez_lab/Lab/VVS_Accentuation/Encoding_models/leap_250426-250501/posthoc_model_predict_PCA_popul_unit/posthoc_prediction_NSDencimg_PCA_pop_unit_leap_250426-250501_unit282_regnety_640.pkl,/n/holylabs/LABS/alvarez_lab/Everyone/Accentuate_VVS/Encoding_model_outputs/leap_250426-250501/leap_250426-250501_regnety_640_Ch282_Xtfmer_.s3.Bottleneckb5_pca750_RidgeCV_JITscript.pt,39bd4ab5535c5ce3,7b6cbcd0c0a40cca,7be36c1d802686b3,969,774,750,4,leap_250426-250501:unit282;leap_250426-250501:unit286;three0_250426-250501:unit168;venus_250426-250429:unit151
regnety_640__.s3.Bottleneckb7__f6f3d2fd33,regnety_640,.s3.Bottleneckb7,venus_250426-250429,79,/n/holylabs/LABS/alvarez_lab/Everyone/Accentuate_VVS/accentuation_configs/venus_250426-250429/venus_250426-250429_regnety_640_Ch79_accentuation_config.yaml,/n/holylabs/LABS/alvarez_lab/Lab/VVS_Accentuation/Encoding_models/venus_250426-250429/posthoc_model_predict_PCA_popul_unit/posthoc_prediction_NSDencimg_PCA_pop_unit_venus_250426-250429_unit79_regnety_640.pkl,/n/holylabs/LABS/alvarez_lab/Everyone/Accentuate_VVS/Encoding_model_outputs/venus_250426-250429/venus_250426-250429_regnety_640_Ch79_Xtfmer_.s3.Bottleneckb7_pca750_RidgeCV_JITscript.pt,f5621f887658a5a5,7b6cbcd0c0a40cca,7be36c1d802686b3,969,774,750,1,venus_250426-250429:unit79
regnety_640__.s3.Bottleneckb8__3e2eb8be42,regnety_640,.s3.Bottleneckb8,paul_20250428-20250430,0,/n/holylabs/LABS/alvarez_lab/Everyone/Accentuate_VVS/accentuation_configs/paul_20250428-20250430/paul_20250428-20250430_regnety_640_Ch0_accentuation_config.yaml,/n/holylabs/LABS/alvarez_lab/Lab/VVS_Accentuation/Encoding_models/paul_20250428-20250430/posthoc_model_predict_PCA_popul_unit/posthoc_prediction_NSDencimg_PCA_pop_unit_paul_20250428-20250430_unit0_regnety_640.pkl,/n/holylabs/LABS/alvarez_lab/Everyone/Accentuate_VVS/Encoding_model_outputs/paul_20250428-20250430/paul_20250428-20250430_regnety_640_Ch00_Xtfmer_.s3.Bottleneckb8_pca750_RidgeCV_JITscript.pt,b2197f0fbd9e6d9c,7b6cbcd0c0a40cca,7be36c1d802686b3,969,774,750,1,paul_20250428-20250430:unit0
regnety_640__.s3.Bottleneckb9__b30282c9d3,regnety_640,.s3.Bottleneckb9,paul_20250428-20250430,40,/n/holylabs/LABS/alvarez_lab/Everyone/Accentuate_VVS/accentuation_configs/paul_20250428-20250430/paul_20250428-20250430_regnety_640_Ch40_accentuation_config.yaml,/n/holylabs/LABS/alvarez_lab/Lab/VVS_Accentuation/Encoding_models/paul_20250428-20250430/posthoc_model_predict_PCA_popul_unit/posthoc_prediction_NSDencimg_PCA_pop_unit_paul_20250428-20250430_unit40_regnety_640.pkl,/n/holylabs/LABS/alvarez_lab/Everyone/Accentuate_VVS/Encoding_model_outputs/paul_20250428-20250430/paul_20250428-20250430_regnety_640_Ch40_Xtfmer_.s3.Bottleneckb9_pca750_RidgeCV_JITscript.pt,a293ce71c5af5a8c,7b6cbcd0c0a40cca,7be36c1d802686b3,969,774,750,4,paul_20250428-20250430:unit40;red_20250428-20250430:unit0;red_20250428-20250430:unit15;venus_250426-250429:unit355
regnety_640__.s4.Bottleneckb1__7688202083,regnety_640,.s4.Bottleneckb1,paul_20250428-20250430,8,/n/holylabs/LABS/alvarez_lab/Everyone/Accentuate_VVS/accentuation_configs/paul_20250428-20250430/paul_20250428-20250430_regnety_640_Ch8_accentuation_config.yaml,/n/holylabs/LABS/alvarez_lab/Lab/VVS_Accentuation/Encoding_models/paul_20250428-20250430/posthoc_model_predict_PCA_popul_unit/posthoc_prediction_NSDencimg_PCA_pop_unit_paul_20250428-20250430_unit8_regnety_640.pkl,/n/holylabs/LABS/alvarez_lab/Everyone/Accentuate_VVS/Encoding_model_outputs/paul_20250428-20250430/paul_20250428-20250430_regnety_640_Ch08_Xtfmer_.s4.Bottleneckb1_pca750_RidgeCV_JITscript.pt,400b113a3d01812f,7b6cbcd0c0a40cca,7be36c1d802686b3,969,774,750,6,paul_20250428-20250430:unit8;paul_20250428-20250430:unit24;paul_20250428-20250430:unit47;red_20250428-20250430:unit2;red_20250428-20250430:unit9;red_20250428-20250430:unit19
resnet50__.layer3.Bottleneck0__0088b97a86,resnet50,.layer3.Bottleneck0,leap_250426-250501,81,/n/holylabs/LABS/alvarez_lab/Everyone/Accentuate_VVS/accentuation_configs/leap_250426-250501/leap_250426-250501_resnet50_Ch81_accentuation_config.yaml,/n/holylabs/LABS/alvarez_lab/Lab/VVS_Accentuation/Encoding_models/leap_250426-250501/posthoc_model_predict_PCA_popul_unit/posthoc_prediction_NSDencimg_PCA_pop_unit_leap_250426-250501_unit81_resnet50.pkl,/n/holylabs/LABS/alvarez_lab/Everyone/Accentuate_VVS/Encoding_model_outputs/leap_250426-250501/leap_250426-250501_resnet50_Ch81_Xtfmer_.layer3.Bottleneck0_pca750_RidgeCV_JITscript.pt,0a48763eb59d4873,7b6cbcd0c0a40cca,7be36c1d802686b3,969,774,750,2,leap_250426-250501:unit81;three0_250426-250501:unit204
resnet50__.layer3.Bottleneck1__3b0fa710da,resnet50,.layer3.Bottleneck1,leap_250426-250501,282,/n/holylabs/LABS/alvarez_lab/Everyone/Accentuate_VVS/accentuation_configs/leap_250426-250501/leap_250426-250501_resnet50_Ch282_accentuation_config.yaml,/n/holylabs/LABS/alvarez_lab/Lab/VVS_Accentuation/Encoding_models/leap_250426-250501/posthoc_model_predict_PCA_popul_unit/posthoc_prediction_NSDencimg_PCA_pop_unit_leap_250426-250501_unit282_resnet50.pkl,/n/holylabs/LABS/alvarez_lab/Everyone/Accentuate_VVS/Encoding_model_outputs/leap_250426-250501/leap_250426-250501_resnet50_Ch282_Xtfmer_.layer3.Bottleneck1_pca750_RidgeCV_JITscript.pt,5bd2447ede37cceb,7b6cbcd0c0a40cca,7be36c1d802686b3,969,774,750,4,leap_250426-250501:unit282;leap_250426-250501:unit286;leap_250426-250501:unit306;leap_250426-250501:unit342
resnet50__.layer3.Bottleneck2__8aca2b9a9a,resnet50,.layer3.Bottleneck2,venus_250426-250429,331,/n/holylabs/LABS/alvarez_lab/Everyone/Accentuate_VVS/accentuation_configs/venus_250426-250429/venus_250426-250429_resnet50_Ch331_accentuation_config.yaml,/n/holylabs/LABS/alvarez_lab/Lab/VVS_Accentuation/Encoding_models/venus_250426-250429/posthoc_model_predict_PCA_popul_unit/posthoc_prediction_NSDencimg_PCA_pop_unit_venus_250426-250429_unit331_resnet50.pkl,/n/holylabs/LABS/alvarez_lab/Everyone/Accentuate_VVS/Encoding_model_outputs/venus_250426-250429/venus_250426-250429_resnet50_Ch331_Xtfmer_.layer3.Bottleneck2_pca750_RidgeCV_JITscript.pt,bee8779647697dbc,7b6cbcd0c0a40cca,7be36c1d802686b3,969,774,750,1,venus_250426-250429:unit331
resnet50__.layer3.Bottleneck3__cabefbe255,resnet50,.layer3.Bottleneck3,venus_250426-250429,79,/n/holylabs/LABS/alvarez_lab/Everyone/Accentuate_VVS/accentuation_configs/venus_250426-250429/venus_250426-250429_resnet50_Ch79_accentuation_config.yaml,/n/holylabs/LABS/alvarez_lab/Lab/VVS_Accentuation/Encoding_models/venus_250426-250429/posthoc_model_predict_PCA_popul_unit/posthoc_prediction_NSDencimg_PCA_pop_unit_venus_250426-250429_unit79_resnet50.pkl,/n/holylabs/LABS/alvarez_lab/Everyone/Accentuate_VVS/Encoding_model_outputs/venus_250426-250429/venus_250426-250429_resnet50_Ch79_Xtfmer_.layer3.Bottleneck3_pca750_RidgeCV_JITscript.pt,693439598be5fa8d,7b6cbcd0c0a40cca,7be36c1d802686b3,969,774,750,3,venus_250426-250429:unit79;venus_250426-250429:unit151;venus_250426-250429:unit355
resnet50__.layer3.Bottleneck4__fe851e4e44,resnet50,.layer3.Bottleneck4,paul_20250428-20250430,0,/n/holylabs/LABS/alvarez_lab/Everyone/Accentuate_VVS/accentuation_configs/paul_20250428-20250430/paul_20250428-20250430_resnet50_Ch0_accentuation_config.yaml,/n/holylabs/LABS/alvarez_lab/Lab/VVS_Accentuation/Encoding_models/paul_20250428-20250430/posthoc_model_predict_PCA_popul_unit/posthoc_prediction_NSDencimg_PCA_pop_unit_paul_20250428-20250430_unit0_resnet50.pkl,/n/holylabs/LABS/alvarez_lab/Everyone/Accentuate_VVS/Encoding_model_outputs/paul_20250428-20250430/paul_20250428-20250430_resnet50_Ch00_Xtfmer_.layer3.Bottleneck4_pca750_RidgeCV_JITscript.pt,659bf53447cec4fe,7b6cbcd0c0a40cca,7be36c1d802686b3,969,774,750,3,paul_20250428-20250430:unit0;three0_250426-250501:unit168;venus_250426-250429:unit9
resnet50__.layer3.Bottleneck5__9270a61b14,resnet50,.layer3.Bottleneck5,paul_20250428-20250430,40,/n/holylabs/LABS/alvarez_lab/Everyone/Accentuate_VVS/accentuation_configs/paul_20250428-20250430/paul_20250428-20250430_resnet50_Ch40_accentuation_config.yaml,/n/holylabs/LABS/alvarez_lab/Lab/VVS_Accentuation/Encoding_models/paul_20250428-20250430/posthoc_model_predict_PCA_popul_unit/posthoc_prediction_NSDencimg_PCA_pop_unit_paul_20250428-20250430_unit40_resnet50.pkl,/n/holylabs/LABS/alvarez_lab/Everyone/Accentuate_VVS/Encoding_model_outputs/paul_20250428-20250430/paul_20250428-20250430_resnet50_Ch40_Xtfmer_.layer3.Bottleneck5_pca750_RidgeCV_JITscript.pt,18dc5960d9f12326,7b6cbcd0c0a40cca,7be36c1d802686b3,969,774,750,3,paul_20250428-20250430:unit40;paul_20250428-20250430:unit47;red_20250428-20250430:unit15
resnet50__.layer4.Bottleneck0__0e6bada263,resnet50,.layer4.Bottleneck0,paul_20250428-20250430,24,/n/holylabs/LABS/alvarez_lab/Everyone/Accentuate_VVS/accentuation_configs/paul_20250428-20250430/paul_20250428-20250430_resnet50_Ch24_accentuation_config.yaml,/n/holylabs/LABS/alvarez_lab/Lab/VVS_Accentuation/Encoding_models/paul_20250428-20250430/posthoc_model_predict_PCA_popul_unit/posthoc_prediction_NSDencimg_PCA_pop_unit_paul_20250428-20250430_unit24_resnet50.pkl,/n/holylabs/LABS/alvarez_lab/Everyone/Accentuate_VVS/Encoding_model_outputs/paul_20250428-20250430/paul_20250428-20250430_resnet50_Ch24_Xtfmer_.layer4.Bottleneck0_pca750_RidgeCV_JITscript.pt,2b6eb6a0f690251b,7b6cbcd0c0a40cca,7be36c1d802686b3,969,774,750,6,paul_20250428-20250430:unit24;red_20250428-20250430:unit0;red_20250428-20250430:unit9;red_20250428-20250430:unit19;three0_250426-250501:unit56;three0_250426-250501:unit120
resnet50__.layer4.Bottleneck1__d983f3b75e,resnet50,.layer4.Bottleneck1,red_20250428-20250430,2,/n/holylabs/LABS/alvarez_lab/Everyone/Accentuate_VVS/accentuation_configs/red_20250428-20250430/red_20250428-20250430_resnet50_Ch2_accentuation_config.yaml,/n/holylabs/LABS/alvarez_lab/Lab/VVS_Accentuation/Encoding_models/red_20250428-20250430/posthoc_model_predict_PCA_popul_unit/posthoc_prediction_NSDencimg_PCA_pop_unit_red_20250428-20250430_unit2_resnet50.pkl,/n/holylabs/LABS/alvarez_lab/Everyone/Accentuate_VVS/Encoding_model_outputs/red_20250428-20250430/red_20250428-20250430_resnet50_Ch02_Xtfmer_.layer4.Bottleneck1_pca750_RidgeCV_JITscript.pt,13726531885e4b75,7b6cbcd0c0a40cca,7be36c1d802686b3,969,774,750,2,red_20250428-20250430:unit2;three0_250426-250501:unit74
resnet50__.layer4.Bottleneck2__9e38c71090,resnet50,.layer4.Bottleneck2,paul_20250428-20250430,8,/n/holylabs/LABS/alvarez_lab/Everyone/Accentuate_VVS/accentuation_configs/paul_20250428-20250430/paul_20250428-20250430_resnet50_Ch8_accentuation_config.yaml,/n/holylabs/LABS/alvarez_lab/Lab/VVS_Accentuation/Encoding_models/paul_20250428-20250430/posthoc_model_predict_PCA_popul_unit/posthoc_prediction_NSDencimg_PCA_pop_unit_paul_20250428-20250430_unit8_resnet50.pkl,/n/holylabs/LABS/alvarez_lab/Everyone/Accentuate_VVS/Encoding_model_outputs/paul_20250428-20250430/paul_20250428-20250430_resnet50_Ch08_Xtfmer_.layer4.Bottleneck2_pca750_RidgeCV_JITscript.pt,e0134a0799642476,7b6cbcd0c0a40cca,7be36c1d802686b3,969,774,750,1,paul_20250428-20250430:unit8
resnet50_clip__.layer2.Bottleneck1__945c5fe34c,resnet50_clip,.layer2.Bottleneck1,leap_250426-250501,286,/n/holylabs/LABS/alvarez_lab/Everyone/Accentuate_VVS/accentuation_configs/leap_250426-250501/leap_250426-250501_resnet50_clip_Ch286_accentuation_config.yaml,/n/holylabs/LABS/alvarez_lab/Lab/VVS_Accentuation/Encoding_models/leap_250426-250501/posthoc_model_predict_PCA_popul_unit/posthoc_prediction_NSDencimg_PCA_pop_unit_leap_250426-250501_unit286_resnet50_clip.pkl,/n/holylabs/LABS/alvarez_lab/Everyone/Accentuate_VVS/Encoding_model_outputs/leap_250426-250501/leap_250426-250501_resnet50_clip_Ch286_Xtfmer_.layer2.Bottleneck1_pca750_RidgeCV_JITscript.pt,8bffe3a5e404278c,7b6cbcd0c0a40cca,7be36c1d802686b3,969,774,750,2,leap_250426-250501:unit286;leap_250426-250501:unit342
resnet50_clip__.layer3.Bottleneck0__3af83ac7d7,resnet50_clip,.layer3.Bottleneck0,leap_250426-250501,306,/n/holylabs/LABS/alvarez_lab/Everyone/Accentuate_VVS/accentuation_configs/leap_250426-250501/leap_250426-250501_resnet50_clip_Ch306_accentuation_config.yaml,/n/holylabs/LABS/alvarez_lab/Lab/VVS_Accentuation/Encoding_models/leap_250426-250501/posthoc_model_predict_PCA_popul_unit/posthoc_prediction_NSDencimg_PCA_pop_unit_leap_250426-250501_unit306_resnet50_clip.pkl,/n/holylabs/LABS/alvarez_lab/Everyone/Accentuate_VVS/Encoding_model_outputs/leap_250426-250501/leap_250426-250501_resnet50_clip_Ch306_Xtfmer_.layer3.Bottleneck0_pca750_RidgeCV_JITscript.pt,47f46bea834fe9c6,7b6cbcd0c0a40cca,7be36c1d802686b3,969,774,750,1,leap_250426-250501:unit306
resnet50_clip__.layer3.Bottleneck1__16a06b893f,resnet50_clip,.layer3.Bottleneck1,leap_250426-250501,81,/n/holylabs/LABS/alvarez_lab/Everyone/Accentuate_VVS/accentuation_configs/leap_250426-250501/leap_250426-250501_resnet50_clip_Ch81_accentuation_config.yaml,/n/holylabs/LABS/alvarez_lab/Lab/VVS_Accentuation/Encoding_models/leap_250426-250501/posthoc_model_predict_PCA_popul_unit/posthoc_prediction_NSDencimg_PCA_pop_unit_leap_250426-250501_unit81_resnet50_clip.pkl,/n/holylabs/LABS/alvarez_lab/Everyone/Accentuate_VVS/Encoding_model_outputs/leap_250426-250501/leap_250426-250501_resnet50_clip_Ch81_Xtfmer_.layer3.Bottleneck1_pca750_RidgeCV_JITscript.pt,be90151fa13f497a,7b6cbcd0c0a40cca,7be36c1d802686b3,969,774,750,3,leap_250426-250501:unit81;three0_250426-250501:unit56;venus_250426-250429:unit151
resnet50_clip__.layer3.Bottleneck2__a2882187a5,resnet50_clip,.layer3.Bottleneck2,leap_250426-250501,282,/n/holylabs/LABS/alvarez_lab/Everyone/Accentuate_VVS/accentuation_configs/leap_250426-250501/leap_250426-250501_resnet50_clip_Ch282_accentuation_config.yaml,/n/holylabs/LABS/alvarez_lab/Lab/VVS_Accentuation/Encoding_models/leap_250426-250501/posthoc_model_predict_PCA_popul_unit/posthoc_prediction_NSDencimg_PCA_pop_unit_leap_250426-250501_unit282_resnet50_clip.pkl,/n/holylabs/LABS/alvarez_lab/Everyone/Accentuate_VVS/Encoding_model_outputs/leap_250426-250501/leap_250426-250501_resnet50_clip_Ch282_Xtfmer_.layer3.Bottleneck2_pca750_RidgeCV_JITscript.pt,c30ce5c80cd9ed3a,7b6cbcd0c0a40cca,7be36c1d802686b3,969,774,750,2,leap_250426-250501:unit282;venus_250426-250429:unit79
resnet50_clip__.layer3.Bottleneck4__7c1cde76ff,resnet50_clip,.layer3.Bottleneck4,paul_20250428-20250430,0,/n/holylabs/LABS/alvarez_lab/Everyone/Accentuate_VVS/accentuation_configs/paul_20250428-20250430/paul_20250428-20250430_resnet50_clip_Ch0_accentuation_config.yaml,/n/holylabs/LABS/alvarez_lab/Lab/VVS_Accentuation/Encoding_models/paul_20250428-20250430/posthoc_model_predict_PCA_popul_unit/posthoc_prediction_NSDencimg_PCA_pop_unit_paul_20250428-20250430_unit0_resnet50_clip.pkl,/n/holylabs/LABS/alvarez_lab/Everyone/Accentuate_VVS/Encoding_model_outputs/paul_20250428-20250430/paul_20250428-20250430_resnet50_clip_Ch00_Xtfmer_.layer3.Bottleneck4_pca750_RidgeCV_JITscript.pt,0fbaf4a489d3744d,7b6cbcd0c0a40cca,7be36c1d802686b3,969,774,750,1,paul_20250428-20250430:unit0
resnet50_clip__.layer3.Bottleneck5__cd4b551763,resnet50_clip,.layer3.Bottleneck5,red_20250428-20250430,15,/n/holylabs/LABS/alvarez_lab/Everyone/Accentuate_VVS/accentuation_configs/red_20250428-20250430/red_20250428-20250430_resnet50_clip_Ch15_accentuation_config.yaml,/n/holylabs/LABS/alvarez_lab/Lab/VVS_Accentuation/Encoding_models/red_20250428-20250430/posthoc_model_predict_PCA_popul_unit/posthoc_prediction_NSDencimg_PCA_pop_unit_red_20250428-20250430_unit15_resnet50_clip.pkl,/n/holylabs/LABS/alvarez_lab/Everyone/Accentuate_VVS/Encoding_model_outputs/red_20250428-20250430/red_20250428-20250430_resnet50_clip_Ch15_Xtfmer_.layer3.Bottleneck5_pca750_RidgeCV_JITscript.pt,69fa331dd6fbf708,7b6cbcd0c0a40cca,7be36c1d802686b3,969,774,750,4,red_20250428-20250430:unit15;three0_250426-250501:unit168;venus_250426-250429:unit9;venus_250426-250429:unit331
resnet50_clip__.layer4.Bottleneck0__972f01c801,resnet50_clip,.layer4.Bottleneck0,paul_20250428-20250430,40,/n/holylabs/LABS/alvarez_lab/Everyone/Accentuate_VVS/accentuation_configs/paul_20250428-20250430/paul_20250428-20250430_resnet50_clip_Ch40_accentuation_config.yaml,/n/holylabs/LABS/alvarez_lab/Lab/VVS_Accentuation/Encoding_models/paul_20250428-20250430/posthoc_model_predict_PCA_popul_unit/posthoc_prediction_NSDencimg_PCA_pop_unit_paul_20250428-20250430_unit40_resnet50_clip.pkl,/n/holylabs/LABS/alvarez_lab/Everyone/Accentuate_VVS/Encoding_model_outputs/paul_20250428-20250430/paul_20250428-20250430_resnet50_clip_Ch40_Xtfmer_.layer4.Bottleneck0_pca750_RidgeCV_JITscript.pt,38c357cb441a3a90,7b6cbcd0c0a40cca,7be36c1d802686b3,969,774,750,7,paul_20250428-20250430:unit40;paul_20250428-20250430:unit47;red_20250428-20250430:unit0;red_20250428-20250430:unit2;three0_250426-250501:unit74;three0_250426-250501:unit120;three0_250426-250501:unit204
resnet50_clip__.layer4.Bottleneck1__9cfd21d4a8,resnet50_clip,.layer4.Bottleneck1,paul_20250428-20250430,8,/n/holylabs/LABS/alvarez_lab/Everyone/Accentuate_VVS/accentuation_configs/paul_20250428-20250430/paul_20250428-20250430_resnet50_clip_Ch8_accentuation_config.yaml,/n/holylabs/LABS/alvarez_lab/Lab/VVS_Accentuation/Encoding_models/paul_20250428-20250430/posthoc_model_predict_PCA_popul_unit/posthoc_prediction_NSDencimg_PCA_pop_unit_paul_20250428-20250430_unit8_resnet50_clip.pkl,/n/holylabs/LABS/alvarez_lab/Everyone/Accentuate_VVS/Encoding_model_outputs/paul_20250428-20250430/paul_20250428-20250430_resnet50_clip_Ch08_Xtfmer_.layer4.Bottleneck1_pca750_RidgeCV_JITscript.pt,3bbd0607de253d06,7b6cbcd0c0a40cca,7be36c1d802686b3,969,774,750,4,paul_20250428-20250430:unit8;red_20250428-20250430:unit9;red_20250428-20250430:unit19;venus_250426-250429:unit355
resnet50_clip__.layer4.Bottleneck2__0d41993ebb,resnet50_clip,.layer4.Bottleneck2,paul_20250428-20250430,24,/n/holylabs/LABS/alvarez_lab/Everyone/Accentuate_VVS/accentuation_configs/paul_20250428-20250430/paul_20250428-20250430_resnet50_clip_Ch24_accentuation_config.yaml,/n/holylabs/LABS/alvarez_lab/Lab/VVS_Accentuation/Encoding_models/paul_20250428-20250430/posthoc_model_predict_PCA_popul_unit/posthoc_prediction_NSDencimg_PCA_pop_unit_paul_20250428-20250430_unit24_resnet50_clip.pkl,/n/holylabs/LABS/alvarez_lab/Everyone/Accentuate_VVS/Encoding_model_outputs/paul_20250428-20250430/paul_20250428-20250430_resnet50_clip_Ch24_Xtfmer_.layer4.Bottleneck2_pca750_RidgeCV_JITscript.pt,329eb4e5c34a2dfc,7b6cbcd0c0a40cca,7be36c1d802686b3,969,774,750,1,paul_20250428-20250430:unit24
resnet50_dino__.layer3.Bottleneck2__c2bc25709f,resnet50_dino,.layer3.Bottleneck2,leap_250426-250501,81,/n/holylabs/LABS/alvarez_lab/Everyone/Accentuate_VVS/accentuation_configs/leap_250426-250501/leap_250426-250501_resnet50_dino_Ch81_accentuation_config.yaml,/n/holylabs/LABS/alvarez_lab/Lab/VVS_Accentuation/Encoding_models/leap_250426-250501/posthoc_model_predict_PCA_popul_unit/posthoc_prediction_NSDencimg_PCA_pop_unit_leap_250426-250501_unit81_resnet50_dino.pkl,/n/holylabs/LABS/alvarez_lab/Everyone/Accentuate_VVS/Encoding_model_outputs/leap_250426-250501/leap_250426-250501_resnet50_dino_Ch81_Xtfmer_.layer3.Bottleneck2_pca750_RidgeCV_JITscript.pt,c51891f088cc7f7f,7b6cbcd0c0a40cca,7be36c1d802686b3,969,774,750,4,leap_250426-250501:unit81;leap_250426-250501:unit306;three0_250426-250501:unit204;venus_250426-250429:unit355
resnet50_dino__.layer3.Bottleneck4__b8361158b8,resnet50_dino,.layer3.Bottleneck4,three0_250426-250501,120,/n/holylabs/LABS/alvarez_lab/Everyone/Accentuate_VVS/accentuation_configs/three0_250426-250501/three0_250426-250501_resnet50_dino_Ch120_accentuation_config.yaml,/n/holylabs/LABS/alvarez_lab/Lab/VVS_Accentuation/Encoding_models/three0_250426-250501/posthoc_model_predict_PCA_popul_unit/posthoc_prediction_NSDencimg_PCA_pop_unit_three0_250426-250501_unit120_resnet50_dino.pkl,/n/holylabs/LABS/alvarez_lab/Everyone/Accentuate_VVS/Encoding_model_outputs/three0_250426-250501/three0_250426-250501_resnet50_dino_Ch120_Xtfmer_.layer3.Bottleneck4_pca750_RidgeCV_JITscript.pt,653a6d348f4a904f,7b6cbcd0c0a40cca,7be36c1d802686b3,969,774,750,3,three0_250426-250501:unit120;three0_250426-250501:unit168;venus_250426-250429:unit9
resnet50_dino__.layer3.Bottleneck5__a56147500a,resnet50_dino,.layer3.Bottleneck5,venus_250426-250429,151,/n/holylabs/LABS/alvarez_lab/Everyone/Accentuate_VVS/accentuation_configs/venus_250426-250429/venus_250426-250429_resnet50_dino_Ch151_accentuation_config.yaml,/n/holylabs/LABS/alvarez_lab/Lab/VVS_Accentuation/Encoding_models/venus_250426-250429/posthoc_model_predict_PCA_popul_unit/posthoc_prediction_NSDencimg_PCA_pop_unit_venus_250426-250429_unit151_resnet50_dino.pkl,/n/holylabs/LABS/alvarez_lab/Everyone/Accentuate_VVS/Encoding_model_outputs/venus_250426-250429/venus_250426-250429_resnet50_dino_Ch151_Xtfmer_.layer3.Bottleneck5_pca750_RidgeCV_JITscript.pt,510173e3e0bc20cf,7b6cbcd0c0a40cca,7be36c1d802686b3,969,774,750,1,venus_250426-250429:unit151
resnet50_dino__.layer4.Bottleneck0__6379bde673,resnet50_dino,.layer4.Bottleneck0,leap_250426-250501,282,/n/holylabs/LABS/alvarez_lab/Everyone/Accentuate_VVS/accentuation_configs/leap_250426-250501/leap_250426-250501_resnet50_dino_Ch282_accentuation_config.yaml,/n/holylabs/LABS/alvarez_lab/Lab/VVS_Accentuation/Encoding_models/leap_250426-250501/posthoc_model_predict_PCA_popul_unit/posthoc_prediction_NSDencimg_PCA_pop_unit_leap_250426-250501_unit282_resnet50_dino.pkl,/n/holylabs/LABS/alvarez_lab/Everyone/Accentuate_VVS/Encoding_model_outputs/leap_250426-250501/leap_250426-250501_resnet50_dino_Ch282_Xtfmer_.layer4.Bottleneck0_pca750_RidgeCV_JITscript.pt,821305d785e80d1b,7b6cbcd0c0a40cca,7be36c1d802686b3,969,774,750,7,leap_250426-250501:unit282;leap_250426-250501:unit286;leap_250426-250501:unit342;red_20250428-20250430:unit0;three0_250426-250501:unit56;three0_250426-250501:unit74;venus_250426-250429:unit331
resnet50_dino__.layer4.Bottleneck1__4435581331,resnet50_dino,.layer4.Bottleneck1,paul_20250428-20250430,0,/n/holylabs/LABS/alvarez_lab/Everyone/Accentuate_VVS/accentuation_configs/paul_20250428-20250430/paul_20250428-20250430_resnet50_dino_Ch0_accentuation_config.yaml,/n/holylabs/LABS/alvarez_lab/Lab/VVS_Accentuation/Encoding_models/paul_20250428-20250430/posthoc_model_predict_PCA_popul_unit/posthoc_prediction_NSDencimg_PCA_pop_unit_paul_20250428-20250430_unit0_resnet50_dino.pkl,/n/holylabs/LABS/alvarez_lab/Everyone/Accentuate_VVS/Encoding_model_outputs/paul_20250428-20250430/paul_20250428-20250430_resnet50_dino_Ch00_Xtfmer_.layer4.Bottleneck1_pca750_RidgeCV_JITscript.pt,5d9f31fa85a77529,7b6cbcd0c0a40cca,7be36c1d802686b3,969,774,750,6,paul_20250428-20250430:unit0;paul_20250428-20250430:unit40;paul_20250428-20250430:unit47;red_20250428-20250430:unit2;red_20250428-20250430:unit19;venus_250426-250429:unit79
resnet50_dino__.layer4.Bottleneck2__545b0410c3,resnet50_dino,.layer4.Bottleneck2,paul_20250428-20250430,8,/n/holylabs/LABS/alvarez_lab/Everyone/Accentuate_VVS/accentuation_configs/paul_20250428-20250430/paul_20250428-20250430_resnet50_dino_Ch8_accentuation_config.yaml,/n/holylabs/LABS/alvarez_lab/Lab/VVS_Accentuation/Encoding_models/paul_20250428-20250430/posthoc_model_predict_PCA_popul_unit/posthoc_prediction_NSDencimg_PCA_pop_unit_paul_20250428-20250430_unit8_resnet50_dino.pkl,/n/holylabs/LABS/alvarez_lab/Everyone/Accentuate_VVS/Encoding_model_outputs/paul_20250428-20250430/paul_20250428-20250430_resnet50_dino_Ch08_Xtfmer_.layer4.Bottleneck2_pca750_RidgeCV_JITscript.pt,ff664529ad28318e,7b6cbcd0c0a40cca,7be36c1d802686b3,969,774,750,4,paul_20250428-20250430:unit8;paul_20250428-20250430:unit24;red_20250428-20250430:unit9;red_20250428-20250430:unit15
resnet50_robust__.layer3.Bottleneck1__c25d5fc01c,resnet50_robust,.layer3.Bottleneck1,leap_250426-250501,342,/n/holylabs/LABS/alvarez_lab/Everyone/Accentuate_VVS/accentuation_configs/leap_250426-250501/leap_250426-250501_resnet50_robust_Ch342_accentuation_config.yaml,/n/holylabs/LABS/alvarez_lab/Lab/VVS_Accentuation/Encoding_models/leap_250426-250501/posthoc_model_predict_PCA_popul_unit/posthoc_prediction_NSDencimg_PCA_pop_unit_leap_250426-250501_unit342_resnet50_robust.pkl,/n/holylabs/LABS/alvarez_lab/Everyone/Accentuate_VVS/Encoding_model_outputs/leap_250426-250501/leap_250426-250501_resnet50_robust_Ch342_Xtfmer_.layer3.Bottleneck1_pca750_RidgeCV_JITscript.pt,bd1d14b491f14878,7b6cbcd0c0a40cca,7be36c1d802686b3,969,774,750,1,leap_250426-250501:unit342
resnet50_robust__.layer3.Bottleneck3__5f62f97197,resnet50_robust,.layer3.Bottleneck3,venus_250426-250429,151,/n/holylabs/LABS/alvarez_lab/Everyone/Accentuate_VVS/accentuation_configs/venus_250426-250429/venus_250426-250429_resnet50_robust_Ch151_accentuation_config.yaml,/n/holylabs/LABS/alvarez_lab/Lab/VVS_Accentuation/Encoding_models/venus_250426-250429/posthoc_model_predict_PCA_popul_unit/posthoc_prediction_NSDencimg_PCA_pop_unit_venus_250426-250429_unit151_resnet50_robust.pkl,/n/holylabs/LABS/alvarez_lab/Everyone/Accentuate_VVS/Encoding_model_outputs/venus_250426-250429/venus_250426-250429_resnet50_robust_Ch151_Xtfmer_.layer3.Bottleneck3_pca750_RidgeCV_JITscript.pt,70b7a1e4acf4001e,7b6cbcd0c0a40cca,7be36c1d802686b3,969,774,750,1,venus_250426-250429:unit151
resnet50_robust__.layer3.Bottleneck4__8e36524a3a,resnet50_robust,.layer3.Bottleneck4,leap_250426-250501,81,/n/holylabs/LABS/alvarez_lab/Everyone/Accentuate_VVS/accentuation_configs/leap_250426-250501/leap_250426-250501_resnet50_robust_Ch81_accentuation_config.yaml,/n/holylabs/LABS/alvarez_lab/Lab/VVS_Accentuation/Encoding_models/leap_250426-250501/posthoc_model_predict_PCA_popul_unit/posthoc_prediction_NSDencimg_PCA_pop_unit_leap_250426-250501_unit81_resnet50_robust.pkl,/n/holylabs/LABS/alvarez_lab/Everyone/Accentuate_VVS/Encoding_model_outputs/leap_250426-250501/leap_250426-250501_resnet50_robust_Ch81_Xtfmer_.layer3.Bottleneck4_pca750_RidgeCV_JITscript.pt,b19595978784cc58,7b6cbcd0c0a40cca,7be36c1d802686b3,969,774,750,4,leap_250426-250501:unit81;leap_250426-250501:unit306;venus_250426-250429:unit9;venus_250426-250429:unit355
resnet50_robust__.layer4.Bottleneck0__1fa2410d40,resnet50_robust,.layer4.Bottleneck0,leap_250426-250501,282,/n/holylabs/LABS/alvarez_lab/Everyone/Accentuate_VVS/accentuation_configs/leap_250426-250501/leap_250426-250501_resnet50_robust_Ch282_accentuation_config.yaml,/n/holylabs/LABS/alvarez_lab/Lab/VVS_Accentuation/Encoding_models/leap_250426-250501/posthoc_model_predict_PCA_popul_unit/posthoc_prediction_NSDencimg_PCA_pop_unit_leap_250426-250501_unit282_resnet50_robust.pkl,/n/holylabs/LABS/alvarez_lab/Everyone/Accentuate_VVS/Encoding_model_outputs/leap_250426-250501/leap_250426-250501_resnet50_robust_Ch282_Xtfmer_.layer4.Bottleneck0_pca750_RidgeCV_JITscript.pt,8d16ff2a4146ce7f,7b6cbcd0c0a40cca,7be36c1d802686b3,969,774,750,5,leap_250426-250501:unit282;leap_250426-250501:unit286;paul_20250428-20250430:unit0;paul_20250428-20250430:unit40;three0_250426-250501:unit204
resnet50_robust__.layer4.Bottleneck1__af37fa812c,resnet50_robust,.layer4.Bottleneck1,paul_20250428-20250430,47,/n/holylabs/LABS/alvarez_lab/Everyone/Accentuate_VVS/accentuation_configs/paul_20250428-20250430/paul_20250428-20250430_resnet50_robust_Ch47_accentuation_config.yaml,/n/holylabs/LABS/alvarez_lab/Lab/VVS_Accentuation/Encoding_models/paul_20250428-20250430/posthoc_model_predict_PCA_popul_unit/posthoc_prediction_NSDencimg_PCA_pop_unit_paul_20250428-20250430_unit47_resnet50_robust.pkl,/n/holylabs/LABS/alvarez_lab/Everyone/Accentuate_VVS/Encoding_model_outputs/paul_20250428-20250430/paul_20250428-20250430_resnet50_robust_Ch47_Xtfmer_.layer4.Bottleneck1_pca750_RidgeCV_JITscript.pt,20d6f84a7dde6bbc,7b6cbcd0c0a40cca,7be36c1d802686b3,969,774,750,9,paul_20250428-20250430:unit47;red_20250428-20250430:unit0;red_20250428-20250430:unit2;red_20250428-20250430:unit15;three0_250426-250501:unit56;three0_250426-250501:unit74;three0_250426-250501:unit168;venus_250426-250429:unit79;venus_250426-250429:unit331
resnet50_robust__.layer4.Bottleneck2__800a8492b7,resnet50_robust,.layer4.Bottleneck2,paul_20250428-20250430,8,/n/holylabs/LABS/alvarez_lab/Everyone/Accentuate_VVS/accentuation_configs/paul_20250428-20250430/paul_20250428-20250430_resnet50_robust_Ch8_accentuation_config.yaml,/n/holylabs/LABS/alvarez_lab/Lab/VVS_Accentuation/Encoding_models/paul_20250428-20250430/posthoc_model_predict_PCA_popul_unit/posthoc_prediction_NSDencimg_PCA_pop_unit_paul_20250428-20250430_unit8_resnet50_robust.pkl,/n/holylabs/LABS/alvarez_lab/Everyone/Accentuate_VVS/Encoding_model_outputs/paul_20250428-20250430/paul_20250428-20250430_resnet50_robust_Ch08_Xtfmer_.layer4.Bottleneck2_pca750_RidgeCV_JITscript.pt,f60b4bc475cb0b7c,7b6cbcd0c0a40cca,7be36c1d802686b3,969,774,750,5,paul_20250428-20250430:unit8;paul_20250428-20250430:unit24;red_20250428-20250430:unit9;red_20250428-20250430:unit19;three0_250426-250501:unit120
siglip2_vitb16__.trunk.blocks.Block10__85aa744400,siglip2_vitb16,.trunk.blocks.Block10,paul_20250428-20250430,8,/n/holylabs/LABS/alvarez_lab/Everyone/Accentuate_VVS/accentuation_configs/paul_20250428-20250430/paul_20250428-20250430_siglip2_vitb16_Ch8_accentuation_config.yaml,/n/holylabs/LABS/alvarez_lab/Lab/VVS_Accentuation/Encoding_models/paul_20250428-20250430/posthoc_model_predict_PCA_popul_unit/posthoc_prediction_NSDencimg_PCA_pop_unit_paul_20250428-20250430_unit8_siglip2_vitb16.pkl,/n/holylabs/LABS/alvarez_lab/Everyone/Accentuate_VVS/Encoding_model_outputs/paul_20250428-20250430/paul_20250428-20250430_siglip2_vitb16_Ch08_Xtfmer_.trunk.blocks.Block10_pca750_RidgeCV_JITscript.pt,abc956b94343711e,7b6cbcd0c0a40cca,7be36c1d802686b3,969,774,750,2,paul_20250428-20250430:unit8;paul_20250428-20250430:unit47
siglip2_vitb16__.trunk.blocks.Block11__efd32088a3,siglip2_vitb16,.trunk.blocks.Block11,red_20250428-20250430,0,/n/holylabs/LABS/alvarez_lab/Everyone/Accentuate_VVS/accentuation_configs/red_20250428-20250430/red_20250428-20250430_siglip2_vitb16_Ch0_accentuation_config.yaml,/n/holylabs/LABS/alvarez_lab/Lab/VVS_Accentuation/Encoding_models/red_20250428-20250430/posthoc_model_predict_PCA_popul_unit/posthoc_prediction_NSDencimg_PCA_pop_unit_red_20250428-20250430_unit0_siglip2_vitb16.pkl,/n/holylabs/LABS/alvarez_lab/Everyone/Accentuate_VVS/Encoding_model_outputs/red_20250428-20250430/red_20250428-20250430_siglip2_vitb16_Ch00_Xtfmer_.trunk.blocks.Block11_pca750_RidgeCV_JITscript.pt,3c14f8cf8fc7a734,7b6cbcd0c0a40cca,7be36c1d802686b3,969,774,750,2,red_20250428-20250430:unit0;three0_250426-250501:unit120
siglip2_vitb16__.trunk.blocks.Block2__02a22d2527,siglip2_vitb16,.trunk.blocks.Block2,leap_250426-250501,282,/n/holylabs/LABS/alvarez_lab/Everyone/Accentuate_VVS/accentuation_configs/leap_250426-250501/leap_250426-250501_siglip2_vitb16_Ch282_accentuation_config.yaml,/n/holylabs/LABS/alvarez_lab/Lab/VVS_Accentuation/Encoding_models/leap_250426-250501/posthoc_model_predict_PCA_popul_unit/posthoc_prediction_NSDencimg_PCA_pop_unit_leap_250426-250501_unit282_siglip2_vitb16.pkl,/n/holylabs/LABS/alvarez_lab/Everyone/Accentuate_VVS/Encoding_model_outputs/leap_250426-250501/leap_250426-250501_siglip2_vitb16_Ch282_Xtfmer_.trunk.blocks.Block2_pca750_RidgeCV_JITscript.pt,05ce62a97c572afd,7b6cbcd0c0a40cca,7be36c1d802686b3,969,774,750,4,leap_250426-250501:unit282;leap_250426-250501:unit286;leap_250426-250501:unit306;leap_250426-250501:unit342
siglip2_vitb16__.trunk.blocks.Block3__d6cb60e0eb,siglip2_vitb16,.trunk.blocks.Block3,leap_250426-250501,81,/n/holylabs/LABS/alvarez_lab/Everyone/Accentuate_VVS/accentuation_configs/leap_250426-250501/leap_250426-250501_siglip2_vitb16_Ch81_accentuation_config.yaml,/n/holylabs/LABS/alvarez_lab/Lab/VVS_Accentuation/Encoding_models/leap_250426-250501/posthoc_model_predict_PCA_popul_unit/posthoc_prediction_NSDencimg_PCA_pop_unit_leap_250426-250501_unit81_siglip2_vitb16.pkl,/n/holylabs/LABS/alvarez_lab/Everyone/Accentuate_VVS/Encoding_model_outputs/leap_250426-250501/leap_250426-250501_siglip2_vitb16_Ch81_Xtfmer_.trunk.blocks.Block3_pca750_RidgeCV_JITscript.pt,e08ed65f61415ced,7b6cbcd0c0a40cca,7be36c1d802686b3,969,774,750,1,leap_250426-250501:unit81
siglip2_vitb16__.trunk.blocks.Block4__54933bacf0,siglip2_vitb16,.trunk.blocks.Block4,venus_250426-250429,355,/n/holylabs/LABS/alvarez_lab/Everyone/Accentuate_VVS/accentuation_configs/venus_250426-250429/venus_250426-250429_siglip2_vitb16_Ch355_accentuation_config.yaml,/n/holylabs/LABS/alvarez_lab/Lab/VVS_Accentuation/Encoding_models/venus_250426-250429/posthoc_model_predict_PCA_popul_unit/posthoc_prediction_NSDencimg_PCA_pop_unit_venus_250426-250429_unit355_siglip2_vitb16.pkl,/n/holylabs/LABS/alvarez_lab/Everyone/Accentuate_VVS/Encoding_model_outputs/venus_250426-250429/venus_250426-250429_siglip2_vitb16_Ch355_Xtfmer_.trunk.blocks.Block4_pca750_RidgeCV_JITscript.pt,a3febec3a64da8e3,7b6cbcd0c0a40cca,7be36c1d802686b3,969,774,750,1,venus_250426-250429:unit355
siglip2_vitb16__.trunk.blocks.Block5__f04fd1fc70,siglip2_vitb16,.trunk.blocks.Block5,venus_250426-250429,79,/n/holylabs/LABS/alvarez_lab/Everyone/Accentuate_VVS/accentuation_configs/venus_250426-250429/venus_250426-250429_siglip2_vitb16_Ch79_accentuation_config.yaml,/n/holylabs/LABS/alvarez_lab/Lab/VVS_Accentuation/Encoding_models/venus_250426-250429/posthoc_model_predict_PCA_popul_unit/posthoc_prediction_NSDencimg_PCA_pop_unit_venus_250426-250429_unit79_siglip2_vitb16.pkl,/n/holylabs/LABS/alvarez_lab/Everyone/Accentuate_VVS/Encoding_model_outputs/venus_250426-250429/venus_250426-250429_siglip2_vitb16_Ch79_Xtfmer_.trunk.blocks.Block5_pca750_RidgeCV_JITscript.pt,0241898e99015cf0,7b6cbcd0c0a40cca,7be36c1d802686b3,969,774,750,2,venus_250426-250429:unit79;venus_250426-250429:unit151
siglip2_vitb16__.trunk.blocks.Block6__ad891f0e7d,siglip2_vitb16,.trunk.blocks.Block6,paul_20250428-20250430,0,/n/holylabs/LABS/alvarez_lab/Everyone/Accentuate_VVS/accentuation_configs/paul_20250428-20250430/paul_20250428-20250430_siglip2_vitb16_Ch0_accentuation_config.yaml,/n/holylabs/LABS/alvarez_lab/Lab/VVS_Accentuation/Encoding_models/paul_20250428-20250430/posthoc_model_predict_PCA_popul_unit/posthoc_prediction_NSDencimg_PCA_pop_unit_paul_20250428-20250430_unit0_siglip2_vitb16.pkl,/n/holylabs/LABS/alvarez_lab/Everyone/Accentuate_VVS/Encoding_model_outputs/paul_20250428-20250430/paul_20250428-20250430_siglip2_vitb16_Ch00_Xtfmer_.trunk.blocks.Block6_pca750_RidgeCV_JITscript.pt,a0494067a0c41a0d,7b6cbcd0c0a40cca,7be36c1d802686b3,969,774,750,1,paul_20250428-20250430:unit0
siglip2_vitb16__.trunk.blocks.Block7__9574be1a2b,siglip2_vitb16,.trunk.blocks.Block7,paul_20250428-20250430,40,/n/holylabs/LABS/alvarez_lab/Everyone/Accentuate_VVS/accentuation_configs/paul_20250428-20250430/paul_20250428-20250430_siglip2_vitb16_Ch40_accentuation_config.yaml,/n/holylabs/LABS/alvarez_lab/Lab/VVS_Accentuation/Encoding_models/paul_20250428-20250430/posthoc_model_predict_PCA_popul_unit/posthoc_prediction_NSDencimg_PCA_pop_unit_paul_20250428-20250430_unit40_siglip2_vitb16.pkl,/n/holylabs/LABS/alvarez_lab/Everyone/Accentuate_VVS/Encoding_model_outputs/paul_20250428-20250430/paul_20250428-20250430_siglip2_vitb16_Ch40_Xtfmer_.trunk.blocks.Block7_pca750_RidgeCV_JITscript.pt,dec2d04bebbec3d9,7b6cbcd0c0a40cca,7be36c1d802686b3,969,774,750,7,paul_20250428-20250430:unit40;red_20250428-20250430:unit2;three0_250426-250501:unit74;three0_250426-250501:unit168;three0_250426-250501:unit204;venus_250426-250429:unit9;venus_250426-250429:unit331
siglip2_vitb16__.trunk.blocks.Block8__3e0fcbc0e7,siglip2_vitb16,.trunk.blocks.Block8,red_20250428-20250430,15,/n/holylabs/LABS/alvarez_lab/Everyone/Accentuate_VVS/accentuation_configs/red_20250428-20250430/red_20250428-20250430_siglip2_vitb16_Ch15_accentuation_config.yaml,/n/holylabs/LABS/alvarez_lab/Lab/VVS_Accentuation/Encoding_models/red_20250428-20250430/posthoc_model_predict_PCA_popul_unit/posthoc_prediction_NSDencimg_PCA_pop_unit_red_20250428-20250430_unit15_siglip2_vitb16.pkl,/n/holylabs/LABS/alvarez_lab/Everyone/Accentuate_VVS/Encoding_model_outputs/red_20250428-20250430/red_20250428-20250430_siglip2_vitb16_Ch15_Xtfmer_.trunk.blocks.Block8_pca750_RidgeCV_JITscript.pt,d9e081cd668572a3,7b6cbcd0c0a40cca,7be36c1d802686b3,969,774,750,2,red_20250428-20250430:unit15;three0_250426-250501:unit56
siglip2_vitb16__.trunk.blocks.Block9__6648294970,siglip2_vitb16,.trunk.blocks.Block9,paul_20250428-20250430,24,/n/holylabs/LABS/alvarez_lab/Everyone/Accentuate_VVS/accentuation_configs/paul_20250428-20250430/paul_20250428-20250430_siglip2_vitb16_Ch24_accentuation_config.yaml,/n/holylabs/LABS/alvarez_lab/Lab/VVS_Accentuation/Encoding_models/paul_20250428-20250430/posthoc_model_predict_PCA_popul_unit/posthoc_prediction_NSDencimg_PCA_pop_unit_paul_20250428-20250430_unit24_siglip2_vitb16.pkl,/n/holylabs/LABS/alvarez_lab/Everyone/Accentuate_VVS/Encoding_model_outputs/paul_20250428-20250430/paul_20250428-20250430_siglip2_vitb16_Ch24_Xtfmer_.trunk.blocks.Block9_pca750_RidgeCV_JITscript.pt,58a5b648b0725875,7b6cbcd0c0a40cca,7be36c1d802686b3,969,774,750,3,paul_20250428-20250430:unit24;red_20250428-20250430:unit9;red_20250428-20250430:unit19
